timestamp,btc_close,equity_sma_crossover,equity_rsi_mean_reversion
2026-05-18 20:00:00+00:00,76939.84,10000.0,10000.0
2026-05-18 21:00:00+00:00,77105.27,10000.0,10000.0
2026-05-18 22:00:00+00:00,77007.73,10000.0,10000.0
2026-05-18 23:00:00+00:00,77006.42,10000.0,10000.0
2026-05-19 00:00:00+00:00,77149.18,10000.0,10000.0
2026-05-19 01:00:00+00:00,76661.89,10000.0,10000.0
2026-05-19 02:00:00+00:00,76621.35,10000.0,10000.0
2026-05-19 03:00:00+00:00,76790.67,10000.0,10000.0
2026-05-19 04:00:00+00:00,76901.58,10000.0,10000.0
2026-05-19 05:00:00+00:00,76928.61,10000.0,10000.0
2026-05-19 06:00:00+00:00,77042.22,10000.0,10000.0
2026-05-19 07:00:00+00:00,77218.91,10000.0,10000.0
2026-05-19 08:00:00+00:00,77059.53,10000.0,10000.0
2026-05-19 09:00:00+00:00,76777.64,10000.0,10000.0
2026-05-19 10:00:00+00:00,77049.26,10000.0,10000.0
2026-05-19 11:00:00+00:00,76726.62,10000.0,10000.0
2026-05-19 12:00:00+00:00,76985.67,10000.0,10000.0
2026-05-19 13:00:00+00:00,76884.55,10000.0,10000.0
2026-05-19 14:00:00+00:00,76404.78,10000.0,10000.0
2026-05-19 15:00:00+00:00,76481.58,10000.0,10000.0
2026-05-19 16:00:00+00:00,76898.91,10000.0,10000.0
2026-05-19 17:00:00+00:00,76818.75,10000.0,10000.0
2026-05-19 18:00:00+00:00,76821.62,10000.0,10000.0
2026-05-19 19:00:00+00:00,76880.0,10000.0,10000.0
2026-05-19 20:00:00+00:00,77031.06,10000.0,10000.0
2026-05-19 21:00:00+00:00,77009.99,10000.0,10000.0
2026-05-19 22:00:00+00:00,76734.91,10000.0,10000.0
2026-05-19 23:00:00+00:00,76833.85,10000.0,10000.0
2026-05-20 00:00:00+00:00,76756.39,10000.0,10000.0
2026-05-20 01:00:00+00:00,76826.97,10000.0,10000.0
2026-05-20 02:00:00+00:00,76710.88,10000.0,10000.0
2026-05-20 03:00:00+00:00,76740.99,10000.0,10000.0
2026-05-20 04:00:00+00:00,76761.63,10000.0,10000.0
2026-05-20 05:00:00+00:00,77183.49,10000.0,10000.0
2026-05-20 06:00:00+00:00,77422.78,10000.0,10000.0
2026-05-20 07:00:00+00:00,77278.8,10000.0,10000.0
2026-05-20 08:00:00+00:00,77479.28,10000.0,10000.0
2026-05-20 09:00:00+00:00,77465.39,10000.0,10000.0
2026-05-20 10:00:00+00:00,77512.13,10000.0,10000.0
2026-05-20 11:00:00+00:00,77409.68,10000.0,10000.0
2026-05-20 12:00:00+00:00,77631.63,10000.0,10000.0
2026-05-20 13:00:00+00:00,77132.5,10000.0,10000.0
2026-05-20 14:00:00+00:00,77460.77,10000.0,10000.0
2026-05-20 15:00:00+00:00,77432.58,10000.0,10000.0
2026-05-20 16:00:00+00:00,77356.97,10000.0,10000.0
2026-05-20 17:00:00+00:00,77565.74,10000.0,10000.0
2026-05-20 18:00:00+00:00,77466.29,10000.0,10000.0
2026-05-20 19:00:00+00:00,77665.58,10000.0,10000.0
2026-05-20 20:00:00+00:00,77708.54,10000.0,10000.0
2026-05-20 21:00:00+00:00,77488.26,10000.0,10000.0
2026-05-20 22:00:00+00:00,77510.99,10000.0,10000.0
2026-05-20 23:00:00+00:00,77542.46,10000.0,10000.0
2026-05-21 00:00:00+00:00,77940.5,10036.978990042557,10000.0
2026-05-21 01:00:00+00:00,77837.34,10023.694308104246,10000.0
2026-05-21 02:00:00+00:00,77969.64,10040.731564991009,10000.0
2026-05-21 03:00:00+00:00,78090.95,10056.353557681356,10000.0
2026-05-21 04:00:00+00:00,78044.71,10050.398888305364,10000.0
2026-05-21 05:00:00+00:00,77810.95,10020.295871148528,10000.0
2026-05-21 06:00:00+00:00,77630.81,9997.097900962728,10000.0
2026-05-21 07:00:00+00:00,77905.21,10032.434433764902,10000.0
2026-05-21 08:00:00+00:00,77936.14,10036.417520352259,10000.0
2026-05-21 09:00:00+00:00,77653.22,9999.983803659874,10000.0
2026-05-21 10:00:00+00:00,77244.26,9947.31897692964,10000.0
2026-05-21 11:00:00+00:00,77185.28,9939.723682816404,10000.0
2026-05-21 12:00:00+00:00,77295.36,9953.899504721881,10000.0
2026-05-21 13:00:00+00:00,77108.39,9929.821984539585,10000.0
2026-05-21 14:00:00+00:00,76982.02,9913.548377942609,10000.0
2026-05-21 15:00:00+00:00,77271.73,9950.856493533414,10000.0
2026-05-21 16:00:00+00:00,77120.36,9931.363450638864,10000.0
2026-05-21 17:00:00+00:00,78005.11,10045.299301210007,10000.0
2026-05-21 18:00:00+00:00,77382.86,9965.16753176339,10000.0
2026-05-21 19:00:00+00:00,77750.42,10012.500971984842,10000.0
2026-05-21 20:00:00+00:00,77707.15,10006.928771641,10000.0
2026-05-21 21:00:00+00:00,77702.09,10006.277157734372,10000.0
2026-05-21 22:00:00+00:00,77626.77,9996.577640057041,10000.0
2026-05-21 23:00:00+00:00,77609.93,9994.409027766995,10000.0
2026-05-22 00:00:00+00:00,77424.77,9970.564594772644,10000.0
2026-05-22 01:00:00+00:00,77598.28,9992.908770452326,10000.0
2026-05-22 02:00:00+00:00,77641.94,9998.53119400241,10000.0
2026-05-22 03:00:00+00:00,77782.1,10016.580641661129,10000.0
2026-05-22 04:00:00+00:00,77646.14,10007.673012593235,10000.0
2026-05-22 05:00:00+00:00,77486.66,10007.673012593235,10000.0
2026-05-22 06:00:00+00:00,77412.02,10007.673012593235,10000.0
2026-05-22 07:00:00+00:00,77430.48,10007.673012593235,10000.0
2026-05-22 08:00:00+00:00,77309.25,10007.673012593235,10000.0
2026-05-22 09:00:00+00:00,77363.84,10007.673012593235,10000.0
2026-05-22 10:00:00+00:00,77319.07,10007.673012593235,10000.0
2026-05-22 11:00:00+00:00,77410.08,10007.673012593235,10000.0
2026-05-22 12:00:00+00:00,77503.74,10007.673012593235,10000.0
2026-05-22 13:00:00+00:00,77267.63,9962.51214779428,10000.0
2026-05-22 14:00:00+00:00,76777.05,9951.940382330748,10000.0
2026-05-22 15:00:00+00:00,76823.75,9951.940382330748,10000.0
2026-05-22 16:00:00+00:00,76974.1,9951.940382330748,10000.0
2026-05-22 17:00:00+00:00,76751.14,9951.940382330748,10000.0
2026-05-22 18:00:00+00:00,76552.57,9951.940382330748,10000.0
2026-05-22 19:00:00+00:00,75861.38,9951.940382330748,10000.0
2026-05-22 20:00:00+00:00,75998.88,9951.940382330748,10008.117047561887
2026-05-22 21:00:00+00:00,75970.42,9951.940382330748,10004.369215867871
2026-05-22 22:00:00+00:00,75730.25,9951.940382330748,9972.741783051586
2026-05-22 23:00:00+00:00,75555.7,9951.940382330748,9949.755696537522
2026-05-23 00:00:00+00:00,75386.21,9951.940382330748,9927.43594974137
2026-05-23 01:00:00+00:00,75481.56,9951.940382330748,9939.99237110554
2026-05-23 02:00:00+00:00,75547.2,9951.940382330748,9948.636351161587
2026-05-23 03:00:00+00:00,75646.71,9951.940382330748,9961.74059332151
2026-05-23 04:00:00+00:00,75537.99,9951.940382330748,9947.42350752484
2026-05-23 05:00:00+00:00,75477.4,9951.940382330748,9939.444550309787
2026-05-23 06:00:00+00:00,75399.67,9951.940382330748,9929.208466066086
2026-05-23 07:00:00+00:00,74585.23,9951.940382330748,9821.956742774686
2026-05-23 08:00:00+00:00,74658.76,9951.940382330748,9831.639738714985
2026-05-23 09:00:00+00:00,74763.0,9951.940382330748,9845.366863654692
2026-05-23 10:00:00+00:00,74738.53,9951.940382330748,9842.14446584891
2026-05-23 11:00:00+00:00,74815.35,9951.940382330748,9852.260714293543
2026-05-23 12:00:00+00:00,74752.35,9951.940382330748,9843.964389742492
2026-05-23 13:00:00+00:00,75203.34,9951.940382330748,9903.354221635802
2026-05-23 14:00:00+00:00,75538.19,9951.940382330748,9947.449845063096
2026-05-23 15:00:00+00:00,75504.58,9951.940382330748,9943.023821758956
2026-05-23 16:00:00+00:00,75487.25,9951.940382330748,9940.74167406896
2026-05-23 17:00:00+00:00,75499.88,9951.940382330748,9942.40488960991
2026-05-23 18:00:00+00:00,75833.75,9951.940382330748,9986.371459099742
2026-05-23 19:00:00+00:00,75964.64,9951.940382330748,10003.608061012235
2026-05-23 20:00:00+00:00,77275.18,9951.940382330748,10176.19004795088
2026-05-23 21:00:00+00:00,76735.65,9951.940382330748,10166.516401836665
2026-05-23 22:00:00+00:00,76603.88,9951.940382330748,10166.516401836665
2026-05-23 23:00:00+00:00,76772.08,9951.940382330748,10166.516401836665
2026-05-24 00:00:00+00:00,76849.47,9951.940382330748,10166.516401836665
2026-05-24 01:00:00+00:00,76871.19,9951.940382330748,10166.516401836665
2026-05-24 02:00:00+00:00,76837.97,9951.940382330748,10166.516401836665
2026-05-24 03:00:00+00:00,76770.0,9951.940382330748,10166.516401836665
2026-05-24 04:00:00+00:00,76791.84,9951.940382330748,10166.516401836665
2026-05-24 05:00:00+00:00,76841.79,9951.940382330748,10166.516401836665
2026-05-24 06:00:00+00:00,77001.33,9951.940382330748,10166.516401836665
2026-05-24 07:00:00+00:00,76801.43,9951.940382330748,10166.516401836665
2026-05-24 08:00:00+00:00,76822.67,9943.016983582309,10166.516401836665
2026-05-24 09:00:00+00:00,77032.11,9970.124417846719,10166.516401836665
2026-05-24 10:00:00+00:00,77200.61,9991.933063155891,10166.516401836665
2026-05-24 11:00:00+00:00,77310.29,10006.128743971974,10166.516401836665
2026-05-24 12:00:00+00:00,77114.07,9980.732350010161,10166.516401836665
2026-05-24 13:00:00+00:00,76805.97,9940.855533275702,10166.516401836665
2026-05-24 14:00:00+00:00,76453.99,9895.299408789515,10166.516401836665
2026-05-24 15:00:00+00:00,76394.04,9887.540190473283,10166.516401836665
2026-05-24 16:00:00+00:00,76684.8,9925.172722877409,10166.516401836665
2026-05-24 17:00:00+00:00,76699.22,9927.03907697449,10166.516401836665
2026-05-24 18:00:00+00:00,76627.28,9917.728014995013,10166.516401836665
2026-05-24 19:00:00+00:00,76780.91,9937.612063534172,10166.516401836665
2026-05-24 20:00:00+00:00,76641.86,9919.615077598026,10166.516401836665
2026-05-24 21:00:00+00:00,76145.55,9855.378586479952,10166.516401836665
2026-05-24 22:00:00+00:00,76802.0,9940.341703472275,10166.516401836665
2026-05-24 23:00:00+00:00,77098.76,9978.750804848833,10166.516401836665
2026-05-25 00:00:00+00:00,77133.14,9983.200545060878,10166.516401836665
2026-05-25 01:00:00+00:00,76909.56,9954.262996584765,10166.516401836665
2026-05-25 02:00:00+00:00,77101.45,9979.098966604808,10166.516401836665
2026-05-25 03:00:00+00:00,77039.89,9971.131368947641,10166.516401836665
2026-05-25 04:00:00+00:00,77382.1,10015.422980290383,10166.516401836665
2026-05-25 05:00:00+00:00,77390.03,10016.449345615616,10166.516401836665
2026-05-25 06:00:00+00:00,77396.53,10017.290628669085,10166.516401836665
2026-05-25 07:00:00+00:00,77376.24,10014.66453126064,10166.516401836665
2026-05-25 08:00:00+00:00,77441.61,10023.125250215302,10166.516401836665
2026-05-25 09:00:00+00:00,77616.6,10045.773884296324,10166.516401836665
2026-05-25 10:00:00+00:00,77552.87,10037.525427527458,10166.516401836665
2026-05-25 11:00:00+00:00,77368.43,10013.653697314854,10166.516401836665
2026-05-25 12:00:00+00:00,77390.09,10016.457111305339,10166.516401836665
2026-05-25 13:00:00+00:00,77337.3,10009.624598629547,10166.516401836665
2026-05-25 14:00:00+00:00,77729.55,10060.392795202382,10166.516401836665
2026-05-25 15:00:00+00:00,77651.1,10050.239155887815,10166.516401836665
2026-05-25 16:00:00+00:00,77743.8,10062.237146511912,10166.516401836665
2026-05-25 17:00:00+00:00,77566.1,10039.237762111676,10166.516401836665
2026-05-25 18:00:00+00:00,77576.97,10040.6446462334,10166.516401836665
2026-05-25 19:00:00+00:00,77442.09,10023.187375733096,10166.516401836665
2026-05-25 20:00:00+00:00,77296.27,10004.314161139722,10166.516401836665
2026-05-25 21:00:00+00:00,77345.66,10010.70661806447,10166.516401836665
2026-05-25 22:00:00+00:00,77126.91,9982.394207611167,10166.516401836665
2026-05-25 23:00:00+00:00,77347.56,10010.952531572408,10166.516401836665
2026-05-26 00:00:00+00:00,76822.77,9943.029926398516,10166.516401836665
2026-05-26 01:00:00+00:00,76749.3,9933.520839331068,10166.516401836665
2026-05-26 02:00:00+00:00,76617.63,9916.479033231017,10166.516401836665
2026-05-26 03:00:00+00:00,76660.1,9921.975847274225,10166.516401836665
2026-05-26 04:00:00+00:00,76751.84,9933.84958686273,10166.516401836665
2026-05-26 05:00:00+00:00,76896.2,9952.53383633948,10166.516401836665
2026-05-26 06:00:00+00:00,76926.36,9956.437389707578,10166.516401836665
2026-05-26 07:00:00+00:00,76738.19,9932.082892450446,10166.516401836665
2026-05-26 08:00:00+00:00,76719.73,9929.693648578592,10166.516401836665
2026-05-26 09:00:00+00:00,76656.27,9921.480137413488,10166.516401836665
2026-05-26 10:00:00+00:00,77439.65,10022.871571017638,10166.516401836665
2026-05-26 11:00:00+00:00,77236.38,9996.562708513216,10166.516401836665
2026-05-26 12:00:00+00:00,77086.4,9981.838984092947,10166.516401836665
2026-05-26 13:00:00+00:00,77218.08,9981.838984092947,10166.516401836665
2026-05-26 14:00:00+00:00,76913.02,9981.838984092947,10166.516401836665
2026-05-26 15:00:00+00:00,76533.91,9981.838984092947,10166.516401836665
2026-05-26 16:00:00+00:00,76531.71,9981.838984092947,10166.516401836665
2026-05-26 17:00:00+00:00,75963.0,9981.838984092947,10166.516401836665
2026-05-26 18:00:00+00:00,75840.73,9981.838984092947,10166.516401836665
2026-05-26 19:00:00+00:00,76027.27,9981.838984092947,10166.516401836665
2026-05-26 20:00:00+00:00,76094.79,9981.838984092947,10166.516401836665
2026-05-26 21:00:00+00:00,75877.96,9981.838984092947,10166.516401836665
2026-05-26 22:00:00+00:00,75731.23,9981.838984092947,10166.516401836665
2026-05-26 23:00:00+00:00,75924.57,9981.838984092947,10166.516401836665
2026-05-27 00:00:00+00:00,76092.34,9981.838984092947,10166.516401836665
2026-05-27 01:00:00+00:00,75880.72,9981.838984092947,10166.516401836665
2026-05-27 02:00:00+00:00,75849.72,9981.838984092947,10166.516401836665
2026-05-27 03:00:00+00:00,75677.3,9981.838984092947,10166.516401836665
2026-05-27 04:00:00+00:00,75585.99,9981.838984092947,10166.516401836665
2026-05-27 05:00:00+00:00,75699.35,9981.838984092947,10166.516401836665
2026-05-27 06:00:00+00:00,75872.51,9981.838984092947,10166.516401836665
2026-05-27 07:00:00+00:00,75969.62,9981.838984092947,10166.516401836665
2026-05-27 08:00:00+00:00,75866.26,9981.838984092947,10166.516401836665
2026-05-27 09:00:00+00:00,75906.14,9981.838984092947,10166.516401836665
2026-05-27 10:00:00+00:00,75945.09,9981.838984092947,10166.516401836665
2026-05-27 11:00:00+00:00,75784.89,9981.838984092947,10166.516401836665
2026-05-27 12:00:00+00:00,75687.68,9981.838984092947,10166.516401836665
2026-05-27 13:00:00+00:00,74983.45,9981.838984092947,10166.516401836665
2026-05-27 14:00:00+00:00,75062.48,9981.838984092947,10149.107442051407
2026-05-27 15:00:00+00:00,75284.04,9981.838984092947,10179.064302587602
2026-05-27 16:00:00+00:00,75297.33,9981.838984092947,10180.861227468113
2026-05-27 17:00:00+00:00,74844.89,9981.838984092947,10119.687360429856
2026-05-27 18:00:00+00:00,75020.24,9981.838984092947,10143.396222566624
2026-05-27 19:00:00+00:00,75077.26,9981.838984092947,10151.105828035903
2026-05-27 20:00:00+00:00,75286.07,9981.838984092947,10179.338776440683
2026-05-27 21:00:00+00:00,74337.57,9981.838984092947,10051.09323474281
2026-05-27 22:00:00+00:00,74427.17,9981.838984092947,10063.207942740837
2026-05-27 23:00:00+00:00,74467.65,9981.838984092947,10068.681194747089
2026-05-28 00:00:00+00:00,74578.36,9981.838984092947,10083.650160399562
2026-05-28 01:00:00+00:00,74300.62,9981.838984092947,10046.097269781569
2026-05-28 02:00:00+00:00,74316.57,9981.838984092947,10048.253850055773
2026-05-28 03:00:00+00:00,73268.0,9981.838984092947,9906.47796428019
2026-05-28 04:00:00+00:00,73174.84,9981.838984092947,9893.881912973311
2026-05-28 05:00:00+00:00,72978.52,9981.838984092947,9867.337722413347
2026-05-28 06:00:00+00:00,73195.48,9981.838984092947,9896.672622494285
2026-05-28 07:00:00+00:00,73461.46,9981.838984092947,9932.63545768754
2026-05-28 08:00:00+00:00,73340.51,9981.838984092947,9916.281953978147
2026-05-28 09:00:00+00:00,73520.32,9981.838984092947,9940.593847338923
2026-05-28 10:00:00+00:00,73454.91,9981.838984092947,9931.749840082774
2026-05-28 11:00:00+00:00,73493.84,9981.838984092947,9937.013518457361
2026-05-28 12:00:00+00:00,73531.69,9981.838984092947,9942.131171333762
2026-05-28 13:00:00+00:00,72999.86,9981.838984092947,9870.223078090556
2026-05-28 14:00:00+00:00,73030.76,9981.838984092947,9874.401029844339
2026-05-28 15:00:00+00:00,72904.89,9981.838984092947,9857.382298865414
2026-05-28 16:00:00+00:00,73409.91,9981.838984092947,9925.665444324835
2026-05-28 17:00:00+00:00,73510.53,9981.838984092947,9939.270153239584
2026-05-28 18:00:00+00:00,73716.26,9981.838984092947,9967.086658556931
2026-05-28 19:00:00+00:00,73378.53,9981.838984092947,9921.422592349632
2026-05-28 20:00:00+00:00,73596.97,9981.838984092947,9950.957601446611
2026-05-28 21:00:00+00:00,73833.64,9981.838984092947,9982.957466869526
2026-05-28 22:00:00+00:00,73476.31,9981.838984092947,9934.64330828766
2026-05-28 23:00:00+00:00,73622.27,9981.838984092947,9954.378383950518
2026-05-29 00:00:00+00:00,73721.83,9981.838984092947,9967.83977154297
2026-05-29 01:00:00+00:00,73574.56,9981.838984092947,9947.927572359156
2026-05-29 02:00:00+00:00,73219.7,9981.838984092947,9899.947379500003
2026-05-29 03:00:00+00:00,73314.67,9981.838984092947,9912.788158725145
2026-05-29 04:00:00+00:00,73500.0,9981.838984092947,9937.846404632226
2026-05-29 05:00:00+00:00,73687.96,9981.838984092947,9963.260249669162
2026-05-29 06:00:00+00:00,73794.67,9981.838984092947,9977.68838014315
2026-05-29 07:00:00+00:00,73497.64,9981.838984092947,9937.527311876922
2026-05-29 08:00:00+00:00,73654.43,9981.838984092947,9958.726698785524
2026-05-29 09:00:00+00:00,73749.61,9981.838984092947,9971.595871857537
2026-05-29 10:00:00+00:00,73635.87,9981.838984092947,9956.21722355736
2026-05-29 11:00:00+00:00,73461.71,9981.838984092947,9932.669259886196
2026-05-29 12:00:00+00:00,73309.37,9981.838984092947,9912.071552113654
2026-05-29 13:00:00+00:00,73186.73,9981.838984092947,9895.489545541353
2026-05-29 14:00:00+00:00,73122.11,9981.838984092947,9886.752353232954
2026-05-29 15:00:00+00:00,73825.11,9981.838984092947,9981.80413585141
2026-05-29 16:00:00+00:00,74081.51,9981.838984092947,10016.471670792194
2026-05-29 17:00:00+00:00,73993.12,9981.838984092947,10004.520565435658
2026-05-29 18:00:00+00:00,73358.95,9981.838984092947,9918.775204150956
2026-05-29 19:00:00+00:00,73513.41,9981.838984092947,9939.659554568092
2026-05-29 20:00:00+00:00,73680.73,9981.838984092947,9962.282690084052
2026-05-29 21:00:00+00:00,73436.14,9981.838984092947,9929.211971007739
2026-05-29 22:00:00+00:00,73489.22,9981.838984092947,9936.388853826214
2026-05-29 23:00:00+00:00,73481.41,9981.838984092947,9935.332873140225
2026-05-30 00:00:00+00:00,73526.6,9976.829302737331,9941.442958569141
2026-05-30 01:00:00+00:00,73664.28,9995.511111203938,9960.058505412539
2026-05-30 02:00:00+00:00,73787.31,10012.205060184522,9976.693243414742
2026-05-30 03:00:00+00:00,73533.27,9977.734355486258,9942.344801229263
2026-05-30 04:00:00+00:00,73366.23,9955.068686643563,9919.759524175795
2026-05-30 05:00:00+00:00,73628.57,9990.665618900463,9955.23019935663
2026-05-30 06:00:00+00:00,73568.55,9982.521501060792,9947.114967503487
2026-05-30 07:00:00+00:00,73540.97,9978.779169004509,9943.385908947843
2026-05-30 08:00:00+00:00,73523.46,9976.403235925993,9941.018402954032
2026-05-30 09:00:00+00:00,73600.18,9986.81337788966,9951.391621677341
2026-05-30 10:00:00+00:00,73632.28,9991.169029050165,9955.731823984672
2026-05-30 11:00:00+00:00,73601.3,9986.965350765044,9951.54305552732
2026-05-30 12:00:00+00:00,73673.06,9996.70246999488,9961.24563862931
2026-05-30 13:00:00+00:00,73803.72,10014.431734189004,9978.912019734471
2026-05-30 14:00:00+00:00,73952.16,10034.573567779817,9998.982413207988
2026-05-30 15:00:00+00:00,73936.0,10032.380816292161,9996.797439086915
2026-05-30 16:00:00+00:00,73946.61,10033.820487906272,9998.232004397843
2026-05-30 17:00:00+00:00,74019.86,10043.759785336393,10008.13604860382
2026-05-30 18:00:00+00:00,74038.23,10046.252411872792,10010.619834161005
2026-05-30 19:00:00+00:00,74005.52,10041.813989771234,10006.197154488958
2026-05-30 20:00:00+00:00,73968.5,10036.790743479587,10001.191724912092
2026-05-30 21:00:00+00:00,73957.36,10035.279156129805,9999.685498940016
2026-05-30 22:00:00+00:00,73897.77,10027.193385019076,9991.628406868562
2026-05-30 23:00:00+00:00,73850.05,10020.718255007263,9985.176243189255
2026-05-31 00:00:00+00:00,74047.89,10047.563177922962,10011.925951117042
2026-05-31 01:00:00+00:00,74051.3,10048.025881052476,10012.3870131067
2026-05-31 02:00:00+00:00,74093.76,10053.78728131026,10018.1279785263
2026-05-31 03:00:00+00:00,74177.04,10065.087550115455,10029.388166942324
2026-05-31 04:00:00+00:00,74195.96,10067.654806188875,10031.946317336551
2026-05-31 05:00:00+00:00,74058.14,10048.954001112843,10013.311841261906
2026-05-31 06:00:00+00:00,74073.99,10051.104688679634,10015.454900656647
2026-05-31 07:00:00+00:00,73897.22,10027.118755482059,9991.55404203152
2026-05-31 08:00:00+00:00,73977.72,10038.041805900144,10002.438349998498
2026-05-31 09:00:00+00:00,73848.47,10020.50386470092,9984.962613293754
2026-05-31 10:00:00+00:00,73850.36,10020.760318928127,9985.218157915586
2026-05-31 11:00:00+00:00,73984.95,10039.02284508676,10003.415909583606
2026-05-31 12:00:00+00:00,73919.67,10030.164997493064,9994.589479470756
2026-05-31 13:00:00+00:00,73877.17,10024.398169632585,9988.84310569937
2026-05-31 14:00:00+00:00,73604.51,9987.400915881093,9951.97707575805
2026-05-31 15:00:00+00:00,73663.0,9995.337427917788,9959.885438155425
2026-05-31 16:00:00+00:00,73547.03,9979.601450812379,9944.205274243244
2026-05-31 17:00:00+00:00,73704.36,10000.949569101538,9965.477673900943
2026-05-31 18:00:00+00:00,73606.09,9987.615306187436,9952.190705653551
2026-05-31 19:00:00+00:00,73542.69,9979.012555920275,9943.61846807459
2026-05-31 20:00:00+00:00,73727.77,10004.12607357716,9968.642911783018
2026-05-31 21:00:00+00:00,73883.41,10025.244875652572,9989.686808577806
2026-05-31 22:00:00+00:00,73960.5,10035.705222941144,10000.110054555127
2026-05-31 23:00:00+00:00,73672.19,9996.584419636323,9961.128006977991
2026-06-01 00:00:00+00:00,73910.0,10028.85287454222,9993.282010426774
2026-06-01 01:00:00+00:00,73300.0,9946.081933485926,9910.804645708058
2026-06-01 02:00:00+00:00,73804.89,9935.279147888294,9979.070214024176
2026-06-01 03:00:00+00:00,73769.91,9935.279147888294,9974.340610388339
2026-06-01 04:00:00+00:00,73565.68,9935.279147888294,9946.726918262922
2026-06-01 05:00:00+00:00,73361.74,9935.279147888294,9919.15243668795
2026-06-01 06:00:00+00:00,73143.55,9935.279147888294,9889.651229789626
2026-06-01 07:00:00+00:00,72833.67,9935.279147888294,9847.752728512518
2026-06-01 08:00:00+00:00,72908.28,9935.279147888294,9857.840656679178
2026-06-01 09:00:00+00:00,72878.75,9935.279147888294,9853.847940974025
2026-06-01 10:00:00+00:00,72750.34,9935.279147888294,9836.485779656763
2026-06-01 11:00:00+00:00,72478.3,9935.279147888294,9799.703579168108
2026-06-01 12:00:00+00:00,72222.19,9935.279147888294,9765.075254777763
2026-06-01 13:00:00+00:00,71717.05,9935.279147888294,9696.775884262988
2026-06-01 14:00:00+00:00,71539.23,9935.279147888294,9672.73305640351
2026-06-01 15:00:00+00:00,71087.93,9935.279147888294,9611.71332739112
2026-06-01 16:00:00+00:00,71568.63,9935.279147888294,9676.708194965362
2026-06-01 17:00:00+00:00,71670.21,9935.279147888294,9690.442704322948
2026-06-01 18:00:00+00:00,71511.2,9935.279147888294,9668.943153890286
2026-06-01 19:00:00+00:00,71576.25,9935.279147888294,9677.738485980373
2026-06-01 20:00:00+00:00,71455.49,9935.279147888294,9661.41067194196
2026-06-01 21:00:00+00:00,71047.14,9935.279147888294,9606.198160658536
2026-06-01 22:00:00+00:00,71424.77,9935.279147888294,9657.257057771207
2026-06-01 23:00:00+00:00,71419.55,9935.279147888294,9656.551267863286
2026-06-02 00:00:00+00:00,71290.78,9935.279147888294,9639.14043137996
2026-06-02 01:00:00+00:00,70644.77,9935.279147888294,9551.794197966947
2026-06-02 02:00:00+00:00,70689.31,9935.279147888294,9557.816397679358
2026-06-02 03:00:00+00:00,70935.28,9935.279147888294,9591.07370489225
2026-06-02 04:00:00+00:00,70810.19,9935.279147888294,9574.160436773127
2026-06-02 05:00:00+00:00,70272.75,9935.279147888294,9501.493822192098
2026-06-02 06:00:00+00:00,70013.82,9935.279147888294,9466.484209000924
2026-06-02 07:00:00+00:00,70120.64,9935.279147888294,9480.927212442322
2026-06-02 08:00:00+00:00,69787.22,9935.279147888294,9435.84589613984
2026-06-02 09:00:00+00:00,69413.96,9935.279147888294,9385.377861459663
2026-06-02 10:00:00+00:00,69681.0,9935.279147888294,9421.484017975214
2026-06-02 11:00:00+00:00,69496.08,9935.279147888294,9396.481207673927
2026-06-02 12:00:00+00:00,69000.0,9935.279147888294,9329.406828838417
2026-06-02 13:00:00+00:00,68761.5,9935.279147888294,9297.159531321346
2026-06-02 14:00:00+00:00,68003.62,9935.279147888294,9194.687490054097
2026-06-02 15:00:00+00:00,67310.19,9935.279147888294,9100.929655600165
2026-06-02 16:00:00+00:00,67420.0,9935.279147888294,9115.776933337478
2026-06-02 17:00:00+00:00,67468.06,9935.279147888294,9122.275068006957
2026-06-02 18:00:00+00:00,67343.95,9935.279147888294,9105.494304506563
2026-06-02 19:00:00+00:00,67282.87,9935.279147888294,9097.235751331122
2026-06-02 20:00:00+00:00,67580.26,9935.279147888294,9137.445494763415
2026-06-02 21:00:00+00:00,67578.96,9935.279147888294,9137.26972333041
2026-06-02 22:00:00+00:00,66398.95,9935.279147888294,8977.721993589863
2026-06-02 23:00:00+00:00,66764.81,9935.279147888294,9027.189483189846
2026-06-03 00:00:00+00:00,66945.39,9935.279147888294,9051.605487322478
2026-06-03 01:00:00+00:00,66915.87,9935.279147888294,9047.61412370527
2026-06-03 02:00:00+00:00,66593.67,9935.279147888294,9004.049850078434
2026-06-03 03:00:00+00:00,65827.38,9935.279147888294,8900.440702848427
2026-06-03 04:00:00+00:00,66453.15,9935.279147888294,8985.050310258313
2026-06-03 05:00:00+00:00,67349.27,9935.279147888294,9106.213615293947
2026-06-03 06:00:00+00:00,66979.45,9935.279147888294,9056.210698867264
2026-06-03 07:00:00+00:00,67228.09,9935.279147888294,9089.829013561792
2026-06-03 08:00:00+00:00,67039.2,9935.279147888294,9064.28942434586
2026-06-03 09:00:00+00:00,67112.0,9935.279147888294,9074.132624594258
2026-06-03 10:00:00+00:00,67288.24,9935.279147888294,9097.961822558236
2026-06-03 11:00:00+00:00,67075.87,9935.279147888294,9069.247530844606
2026-06-03 12:00:00+00:00,67086.01,9935.279147888294,9070.618548022061
2026-06-03 13:00:00+00:00,66883.88,9935.279147888294,9043.288794365351
2026-06-03 14:00:00+00:00,66826.43,9935.279147888294,9035.521049114383
2026-06-03 15:00:00+00:00,66100.0,9935.279147888294,8937.301324437962
2026-06-03 16:00:00+00:00,66063.0,9935.279147888294,8932.29859903699
2026-06-03 17:00:00+00:00,65980.25,9935.279147888294,8921.110071282115
2026-06-03 18:00:00+00:00,66049.57,9935.279147888294,8930.482744925233
2026-06-03 19:00:00+00:00,65492.64,9935.279147888294,8855.180910937044
2026-06-03 20:00:00+00:00,65010.3,9935.279147888294,8789.964300939626
2026-06-03 21:00:00+00:00,65763.69,9935.279147888294,8891.829254719025
2026-06-03 22:00:00+00:00,64922.05,9935.279147888294,8778.032124814335
2026-06-03 23:00:00+00:00,64151.82,9935.279147888294,8673.89025493352
2026-06-04 00:00:00+00:00,63310.66,9935.279147888294,8560.15802525025
2026-06-04 01:00:00+00:00,62242.64,9935.279147888294,8415.752328419292
2026-06-04 02:00:00+00:00,63213.62,9935.279147888294,8547.037363820242
2026-06-04 03:00:00+00:00,64371.57,9935.279147888294,8703.602387551451
2026-06-04 04:00:00+00:00,64412.13,9935.279147888294,8709.086456261273
2026-06-04 05:00:00+00:00,63973.74,9935.279147888294,8649.81227278744
2026-06-04 06:00:00+00:00,64032.68,9935.279147888294,8657.781479142393
2026-06-04 07:00:00+00:00,63664.35,9935.279147888294,8607.980023819697
2026-06-04 08:00:00+00:00,63710.28,9935.279147888294,8614.190163756632
2026-06-04 09:00:00+00:00,63225.41,9935.279147888294,8548.631475508822
2026-06-04 10:00:00+00:00,62409.42,9935.279147888294,8438.302451186157
2026-06-04 11:00:00+00:00,62559.18,9935.279147888294,8458.551320268576
2026-06-04 12:00:00+00:00,63778.56,9935.279147888294,8623.422220253344
2026-06-04 13:00:00+00:00,64205.19,9935.279147888294,8681.106348302435
2026-06-04 14:00:00+00:00,63965.06,9935.279147888294,8648.638660450131
2026-06-04 15:00:00+00:00,63954.14,9935.279147888294,8647.162180412872
2026-06-04 16:00:00+00:00,63591.84,9935.279147888294,8598.176034121738
2026-06-04 17:00:00+00:00,63542.7,9935.279147888294,8591.53187395407
2026-06-04 18:00:00+00:00,63821.85,9935.279147888294,8629.275408972479
2026-06-04 19:00:00+00:00,63634.7,9935.279147888294,8603.971083059188
2026-06-04 20:00:00+00:00,63581.83,9935.279147888294,8596.822594087584
2026-06-04 21:00:00+00:00,63304.89,9935.279147888294,8559.377870505286
2026-06-04 22:00:00+00:00,63725.92,9935.279147888294,8616.304829304501
2026-06-04 23:00:00+00:00,63892.97,9935.279147888294,8638.891458445914
2026-06-05 00:00:00+00:00,63402.69,9935.279147888294,8572.601290619206
2026-06-05 01:00:00+00:00,63365.99,9935.279147888294,8567.63912785662
2026-06-05 02:00:00+00:00,62637.57,9935.279147888294,8469.150337678904
2026-06-05 03:00:00+00:00,62723.99,9935.279147888294,8480.835081710036
2026-06-05 04:00:00+00:00,63619.4,9935.279147888294,8601.902388501489
2026-06-05 05:00:00+00:00,62313.33,9935.279147888294,8425.31023811104
2026-06-05 06:00:00+00:00,61951.63,9935.279147888294,8376.405217096679
2026-06-05 07:00:00+00:00,63007.38,9935.279147888294,8519.151902017638
2026-06-05 08:00:00+00:00,62382.72,9935.279147888294,8434.692376369781
2026-06-05 09:00:00+00:00,62852.84,9935.279147888294,8498.256734896933
2026-06-05 10:00:00+00:00,62497.02,9935.279147888294,8450.146741594943
2026-06-05 11:00:00+00:00,61980.8,9935.279147888294,8380.349257635771
2026-06-05 12:00:00+00:00,61965.64,9935.279147888294,8378.299492309317
2026-06-05 13:00:00+00:00,60755.56,9935.279147888294,8214.686034114524
2026-06-05 14:00:00+00:00,60888.73,9935.279147888294,8232.691789294182
2026-06-05 15:00:00+00:00,60487.63,9935.279147888294,8178.45954177176
2026-06-05 16:00:00+00:00,61430.43,9935.279147888294,8305.934393340294
2026-06-05 17:00:00+00:00,60800.34,9935.279147888294,8220.740683937645
2026-06-05 18:00:00+00:00,59427.66,9935.279147888294,8035.142275737502
2026-06-05 19:00:00+00:00,60374.39,9935.279147888294,8163.148497868896
2026-06-05 20:00:00+00:00,61666.25,9935.279147888294,8337.819331287783
2026-06-05 21:00:00+00:00,61665.97,9935.279147888294,8337.781472825289
2026-06-05 22:00:00+00:00,61563.66,9935.279147888294,8323.94826104763
2026-06-05 23:00:00+00:00,61106.88,9935.279147888294,8262.187587840719
2026-06-06 00:00:00+00:00,61307.95,9935.279147888294,8289.374020175133
2026-06-06 01:00:00+00:00,61064.07,9935.279147888294,8256.399299343002
2026-06-06 02:00:00+00:00,61000.0,9935.279147888294,8247.736471871644
2026-06-06 03:00:00+00:00,60665.12,9935.279147888294,8202.457750729014
2026-06-06 04:00:00+00:00,60053.47,9935.279147888294,8119.757291499173
2026-06-06 05:00:00+00:00,60958.49,9935.279147888294,8242.123954806932
2026-06-06 06:00:00+00:00,60749.91,9935.279147888294,8213.922104424917
2026-06-06 07:00:00+00:00,61014.19,9935.279147888294,8249.655084667314
2026-06-06 08:00:00+00:00,61263.62,9935.279147888294,8283.38021430959
2026-06-06 09:00:00+00:00,60993.63,9935.279147888294,8246.87519184991
2026-06-06 10:00:00+00:00,60604.68,9935.279147888294,8194.28573118213
2026-06-06 11:00:00+00:00,60800.02,9935.279147888294,8220.697417123367
2026-06-06 12:00:00+00:00,61017.51,9935.279147888294,8250.103977865454
2026-06-06 13:00:00+00:00,60803.12,9935.279147888294,8221.116564386692
2026-06-06 14:00:00+00:00,60800.61,9935.279147888294,8220.777190312194
2026-06-06 15:00:00+00:00,60814.4,9935.279147888294,8222.641719590014
2026-06-06 16:00:00+00:00,60728.26,9935.279147888294,8210.994834021374
2026-06-06 17:00:00+00:00,60573.82,9935.279147888294,8190.113187780131
2026-06-06 18:00:00+00:00,60657.83,9935.279147888294,8201.472078616229
2026-06-06 19:00:00+00:00,60674.07,9935.279147888294,8203.667869440871
2026-06-06 20:00:00+00:00,60714.76,9935.279147888294,8209.169515293994
2026-06-06 21:00:00+00:00,60761.55,9935.279147888294,8215.495934794302
2026-06-06 22:00:00+00:00,60547.32,9935.279147888294,8186.530154722679
2026-06-06 23:00:00+00:00,60908.45,9935.279147888294,8235.358106724105
2026-06-07 00:00:00+00:00,60771.97,9935.279147888294,8216.904810434253
2026-06-07 01:00:00+00:00,61518.87,9935.279147888294,8317.892259136563
2026-06-07 02:00:00+00:00,61515.06,9935.279147888294,8317.377113629056
2026-06-07 03:00:00+00:00,61653.74,9935.279147888294,8336.127869267075
2026-06-07 04:00:00+00:00,61876.22,9935.279147888294,8366.209121894322
2026-06-07 05:00:00+00:00,61737.53,9935.279147888294,8347.457014168356
2026-06-07 06:00:00+00:00,62094.62,9935.279147888294,8395.738722639515
2026-06-07 07:00:00+00:00,62400.0,9935.279147888294,8437.02878434083
2026-06-07 08:00:00+00:00,62832.79,9935.279147888294,8495.545798564784
2026-06-07 09:00:00+00:00,62564.87,9884.671174161533,8485.64278600191
2026-06-07 10:00:00+00:00,62317.58,9845.601639858043,8485.64278600191
2026-06-07 11:00:00+00:00,62626.23,9894.365487012285,8485.64278600191
2026-06-07 12:00:00+00:00,61907.89,9780.874406614495,8485.64278600191
2026-06-07 13:00:00+00:00,61761.49,9757.744559786759,8485.64278600191
2026-06-07 14:00:00+00:00,61781.48,9760.90279501959,8485.64278600191
2026-06-07 15:00:00+00:00,62062.71,9805.33453561634,8485.64278600191
2026-06-07 16:00:00+00:00,62051.61,9803.580838213418,8485.64278600191
2026-06-07 17:00:00+00:00,62159.63,9820.646999786724,8485.64278600191
2026-06-07 18:00:00+00:00,62030.92,9800.312009450672,8485.64278600191
2026-06-07 19:00:00+00:00,61292.03,9683.574218996122,8485.64278600191
2026-06-07 20:00:00+00:00,61929.38,9784.269627982856,8485.64278600191
2026-06-07 21:00:00+00:00,61772.82,9759.534595063797,8485.64278600191
2026-06-07 22:00:00+00:00,62864.46,9932.003625057172,8485.64278600191
2026-06-07 23:00:00+00:00,63303.49,10001.366307111688,8485.64278600191
2026-06-08 00:00:00+00:00,63638.16,10054.241073763593,8485.64278600191
2026-06-08 01:00:00+00:00,63180.52,9981.938183720931,8485.64278600191
2026-06-08 02:00:00+00:00,63108.26,9970.521771618663,8485.64278600191
2026-06-08 03:00:00+00:00,63140.84,9975.669110482375,8485.64278600191
2026-06-08 04:00:00+00:00,62714.18,9908.260774092198,8485.64278600191
2026-06-08 05:00:00+00:00,62726.18,9910.156663176438,8485.64278600191
2026-06-08 06:00:00+00:00,63008.13,9954.702157118243,8485.64278600191
2026-06-08 07:00:00+00:00,63335.64,10006.445709949883,8485.64278600191
2026-06-08 08:00:00+00:00,63119.84,9972.351304584954,8485.64278600191
2026-06-08 09:00:00+00:00,63491.19,10031.021172204353,8485.64278600191
2026-06-08 10:00:00+00:00,63147.55,9976.729228461982,8485.64278600191
2026-06-08 11:00:00+00:00,63465.86,10027.019266329035,8485.64278600191
2026-06-08 12:00:00+00:00,63843.44,10086.673416364669,8485.64278600191
2026-06-08 13:00:00+00:00,63776.04,10076.024839341517,8485.64278600191
2026-06-08 14:00:00+00:00,63969.56,10106.599210640039,8485.64278600191
2026-06-08 15:00:00+00:00,63817.94,10082.644652060659,8485.64278600191
2026-06-08 16:00:00+00:00,63509.5,10033.91398296539,8485.64278600191
2026-06-08 17:00:00+00:00,63532.85,10037.603067141808,8485.64278600191
2026-06-08 18:00:00+00:00,63483.97,10029.880478938669,8485.64278600191
2026-06-08 19:00:00+00:00,63368.06,10011.567770292473,8485.64278600191
2026-06-08 20:00:00+00:00,63470.13,10027.69388686151,8485.64278600191
2026-06-08 21:00:00+00:00,63777.8,10076.302903073873,8485.64278600191
2026-06-08 22:00:00+00:00,63410.85,10018.328194785361,8485.64278600191
2026-06-08 23:00:00+00:00,63107.85,9970.456995408284,8485.64278600191
2026-06-09 00:00:00+00:00,62548.97,9882.159121124914,8485.64278600191
2026-06-09 01:00:00+00:00,62767.1,9916.621644953699,8485.64278600191
2026-06-09 02:00:00+00:00,62841.92,9928.44251339394,8485.64278600191
2026-06-09 03:00:00+00:00,62881.29,9934.66260949782,8485.64278600191
2026-06-09 04:00:00+00:00,63272.54,9996.476493181917,8485.64278600191
2026-06-09 05:00:00+00:00,63341.88,10007.431572273688,8485.64278600191
2026-06-09 06:00:00+00:00,63289.11,9999.09440002574,8485.64278600191
2026-06-09 07:00:00+00:00,63180.19,9981.886046771115,8485.64278600191
2026-06-09 08:00:00+00:00,62862.58,9931.706602433975,8485.64278600191
2026-06-09 09:00:00+00:00,62684.01,9903.494192952903,8485.64278600191
2026-06-09 10:00:00+00:00,62775.34,9917.923488791545,8485.64278600191
2026-06-09 11:00:00+00:00,62731.66,9911.022452524909,8485.64278600191
2026-06-09 12:00:00+00:00,62643.86,9897.150864058547,8485.64278600191
2026-06-09 13:00:00+00:00,62358.47,9852.061881912594,8485.64278600191
2026-06-09 14:00:00+00:00,61471.23,9711.886162654117,8485.64278600191
2026-06-09 15:00:00+00:00,61069.67,9648.443394265141,8421.018757012522
2026-06-09 16:00:00+00:00,61407.8,9645.641736271367,8467.644177983499
2026-06-09 17:00:00+00:00,61701.98,9645.641736271367,8508.209245683029
2026-06-09 18:00:00+00:00,61799.31,9645.641736271367,8521.63027375834
2026-06-09 19:00:00+00:00,62082.44,9645.641736271367,8560.671634890192
2026-06-09 20:00:00+00:00,62093.39,9645.641736271367,8562.181552258162
2026-06-09 21:00:00+00:00,61781.76,9645.641736271367,8519.210269209674
2026-06-09 22:00:00+00:00,61698.56,9645.641736271367,8507.737655053032
2026-06-09 23:00:00+00:00,61712.86,9645.641736271367,8509.709510611205
2026-06-10 00:00:00+00:00,61869.99,9645.641736271367,8531.376480111603
2026-06-10 01:00:00+00:00,61684.97,9645.641736271367,8505.863702812783
2026-06-10 02:00:00+00:00,61297.19,9645.641736271367,8452.391944187031
2026-06-10 03:00:00+00:00,61567.04,9645.641736271367,8489.602099597725
2026-06-10 04:00:00+00:00,61252.86,9645.641736271367,8446.279191956695
2026-06-10 05:00:00+00:00,61351.0,9645.641736271367,8459.811912549638
2026-06-10 06:00:00+00:00,61469.36,9645.641736271367,8476.132809323437
2026-06-10 07:00:00+00:00,61688.67,9645.641736271367,8506.37390320196
2026-06-10 08:00:00+00:00,61246.99,9645.641736271367,8445.469765933864
2026-06-10 09:00:00+00:00,61338.15,9645.641736271367,8458.040000387224
2026-06-10 10:00:00+00:00,61375.31,9645.641736271367,8463.164066998532
2026-06-10 11:00:00+00:00,61037.19,9645.641736271367,8416.540024947526
2026-06-10 12:00:00+00:00,61581.61,9645.641736271367,8491.611185995109
2026-06-10 13:00:00+00:00,62103.79,9645.641736271367,8563.615629027743
2026-06-10 14:00:00+00:00,62149.93,9645.641736271367,8569.977965772785
2026-06-10 15:00:00+00:00,62620.06,9645.641736271367,8634.805130357663
2026-06-10 16:00:00+00:00,62198.64,9645.641736271367,8576.69468495031
2026-06-10 17:00:00+00:00,61948.82,9645.641736271367,8542.246506241027
2026-06-10 18:00:00+00:00,61865.57,9645.641736271367,8530.766997484532
2026-06-10 19:00:00+00:00,62000.33,9645.641736271367,8549.349323010361
2026-06-10 20:00:00+00:00,61801.54,9645.641736271367,8521.937772911819
2026-06-10 21:00:00+00:00,61320.76,9645.641736271367,8455.642058558089
2026-06-10 22:00:00+00:00,61396.53,9645.641736271367,8466.090135176462
2026-06-10 23:00:00+00:00,61519.3,9645.641736271367,8483.019135657363
2026-06-11 00:00:00+00:00,61807.6,9645.641736271367,8522.773398414092
2026-06-11 01:00:00+00:00,62226.6,9645.641736271367,8580.550145188527
2026-06-11 02:00:00+00:00,62158.06,9645.641736271367,8571.099027709004
2026-06-11 03:00:00+00:00,62710.96,9645.641736271367,8647.339512891784
2026-06-11 04:00:00+00:00,62742.19,9645.641736271367,8651.645879960437
2026-06-11 05:00:00+00:00,62609.83,9645.641736271367,8633.394495227587
2026-06-11 06:00:00+00:00,62794.75,9645.641736271367,8658.8934833267
2026-06-11 07:00:00+00:00,62712.29,9626.881174301523,8647.522909247893
2026-06-11 08:00:00+00:00,62935.77,9661.187295236237,8678.339012754219
2026-06-11 09:00:00+00:00,62957.73,9664.558345959911,8681.367121009987
2026-06-11 10:00:00+00:00,63161.77,9695.880258057276,8709.502604093173
2026-06-11 11:00:00+00:00,63119.17,9689.340788074194,8703.628405017778
2026-06-11 12:00:00+00:00,63025.59,9674.975445327324,8690.724471931497
2026-06-11 13:00:00+00:00,63058.46,9680.02127580488,8695.256981875353
2026-06-11 14:00:00+00:00,62751.59,9632.914065623941,8652.94206473294
2026-06-11 15:00:00+00:00,62737.78,9630.794110683417,8651.037776253335
2026-06-11 16:00:00+00:00,62589.1,9607.970439390356,8630.535994128222
2026-06-11 17:00:00+00:00,63639.58,9769.228242860463,8775.388779215591
2026-06-11 18:00:00+00:00,63465.56,9742.514661488263,8751.392813884595
2026-06-11 19:00:00+00:00,63610.56,9764.773420820344,8771.387153460473
2026-06-11 20:00:00+00:00,63406.39,9733.431552593924,8743.233744417666
2026-06-11 21:00:00+00:00,63479.45,9744.64689712359,8753.308133723967
2026-06-11 22:00:00+00:00,63559.26,9756.898425277339,8764.313294010524
2026-06-11 23:00:00+00:00,63603.92,9763.75412315162,8770.471550599894
2026-06-12 00:00:00+00:00,63641.54,9769.529119883158,8775.659047529858
2026-06-12 01:00:00+00:00,63413.13,9734.466201131152,8744.163136477951
2026-06-12 02:00:00+00:00,63619.27,9766.11048146712,8772.588192754996
2026-06-12 03:00:00+00:00,63516.58,9750.346674599456,8758.428063575362
2026-06-12 04:00:00+00:00,63700.96,9778.65060594876,8783.852589996055
2026-06-12 05:00:00+00:00,63375.57,9728.700414920717,8738.983913067814
2026-06-12 06:00:00+00:00,62980.8,9668.099791323988,8684.548289382508
2026-06-12 07:00:00+00:00,63142.53,9692.926750956936,8706.84956206945
2026-06-12 08:00:00+00:00,63457.19,9741.229793794404,8750.238657869077
2026-06-12 09:00:00+00:00,63815.96,9796.304104729375,8799.710169659682
2026-06-12 10:00:00+00:00,63702.28,9778.853237413025,8784.034607432193
2026-06-12 11:00:00+00:00,63779.33,9790.681081596038,8794.659185806824
2026-06-12 12:00:00+00:00,63453.31,9740.634180096415,8749.703636920425
2026-06-12 13:00:00+00:00,63228.45,9706.116217176332,8718.697242458136
2026-06-12 14:00:00+00:00,63970.35,9820.004310614067,8820.999315088095
2026-06-12 15:00:00+00:00,63561.85,9757.296012771616,8764.670434282949
2026-06-12 16:00:00+00:00,63973.39,9820.470977016616,8821.418506759203
2026-06-12 17:00:00+00:00,63830.06,9798.468577188565,8801.65444681844
2026-06-12 18:00:00+00:00,63700.0,9778.503237611112,8783.720213678862
2026-06-12 19:00:00+00:00,63601.35,9763.359605831045,8770.117168167411
2026-06-12 20:00:00+00:00,63465.42,9742.493170272355,8751.373509005003
2026-06-12 21:00:00+00:00,63505.26,9748.608956284703,8756.867126168474
2026-06-12 22:00:00+00:00,63520.84,9751.000621597763,8759.0154834829
2026-06-12 23:00:00+00:00,63586.66,9761.104563247678,8768.09153473038
2026-06-13 00:00:00+00:00,63625.0,9766.99008623245,8773.378313898236
2026-06-13 01:00:00+00:00,63810.74,9795.50278939342,8798.99037343495
2026-06-13 02:00:00+00:00,63652.55,9771.219250505546,8777.177238417653
2026-06-13 03:00:00+00:00,63560.22,9757.045793614987,8764.445670327717
2026-06-13 04:00:00+00:00,63560.77,9757.130223391763,8764.521510926108
2026-06-13 05:00:00+00:00,63595.59,9762.475395805162,8769.32291026426
2026-06-13 06:00:00+00:00,63744.74,9785.371216180198,8789.889501627998
2026-06-13 07:00:00+00:00,63810.46,9795.459806961608,8798.95176367577
2026-06-13 08:00:00+00:00,63821.54,9797.160683191949,8800.47960700336
2026-06-13 09:00:00+00:00,63743.45,9785.173189976484,8789.711620951772
2026-06-13 10:00:00+00:00,63817.39,9796.523622148996,8799.907355215499
2026-06-13 11:00:00+00:00,63953.8,9817.463741876509,8818.717202536503
2026-06-13 12:00:00+00:00,64138.4,9845.801445136525,8844.172065196552
2026-06-13 13:00:00+00:00,64090.58,9838.460659817489,8837.578069896424
2026-06-13 14:00:00+00:00,64218.65,9858.120517111694,8855.237897961822
2026-06-13 15:00:00+00:00,64292.46,9869.45099315515,8865.41570626593
2026-06-13 16:00:00+00:00,64042.42,9831.067681545537,8830.93719131729
2026-06-13 17:00:00+00:00,63976.5,9820.948389027117,8821.847350870106
2026-06-13 18:00:00+00:00,64144.82,9846.786970894538,8845.057331817774
2026-06-13 19:00:00+00:00,64320.66,9873.779938073527,8869.304260583445
2026-06-13 20:00:00+00:00,64274.92,9866.758450819392,8862.997080637233
2026-06-13 21:00:00+00:00,64456.0,9894.555803508036,8887.966563467578
2026-06-13 22:00:00+00:00,64467.01,9896.245934130424,8889.484754355375
2026-06-13 23:00:00+00:00,64440.92,9892.240892537498,8885.887152151687
2026-06-14 00:00:00+00:00,64552.92,9909.433865262969,8901.33105582409
2026-06-14 01:00:00+00:00,64578.34,9913.336056036911,8904.836270389736
2026-06-14 02:00:00+00:00,64501.16,9901.488255724842,8894.193766055487
2026-06-14 03:00:00+00:00,64495.34,9900.594835177857,8893.39123463251
2026-06-14 04:00:00+00:00,64345.81,9877.640681502504,8872.772244309883
2026-06-14 05:00:00+00:00,64370.89,9881.49067932353,8876.230575596524
2026-06-14 06:00:00+00:00,64261.02,9864.624680097213,8861.080381877891
2026-06-14 07:00:00+00:00,64427.99,9890.256025239818,8884.104208629507
2026-06-14 08:00:00+00:00,64470.22,9896.73869700943,8889.927387665986
2026-06-14 09:00:00+00:00,64612.02,9918.506228549355,8909.480472851223
2026-06-14 10:00:00+00:00,64540.87,9907.584085608132,8899.669457259337
2026-06-14 11:00:00+00:00,64602.26,9917.00798378328,8908.134646959772
2026-06-14 12:00:00+00:00,64315.12,9872.929499958356,8868.54033891965
2026-06-14 13:00:00+00:00,64330.1,9875.229060060386,8870.605961035833
2026-06-14 14:00:00+00:00,63977.15,9821.048169672398,8821.936980668204
2026-06-14 15:00:00+00:00,64032.74,9829.581717474264,8829.602396785605
2026-06-14 16:00:00+00:00,63946.27,9816.30782147809,8817.678875798529
2026-06-14 17:00:00+00:00,63705.69,9779.376702029042,8784.50481914222
2026-06-14 18:00:00+00:00,63802.81,9794.285465520983,8797.896889898146
2026-06-14 19:00:00+00:00,63803.87,9794.448184727136,8798.043055415046
2026-06-14 20:00:00+00:00,64039.21,9830.574918666529,8830.494558006681
2026-06-14 21:00:00+00:00,65314.87,10026.399807835935,9006.397862995404
2026-06-14 22:00:00+00:00,65376.42,10035.848267400688,8997.843298597063
2026-06-14 23:00:00+00:00,65759.69,10094.683541119359,8997.843298597063
2026-06-15 00:00:00+00:00,65627.86,10074.44649116937,8997.843298597063
2026-06-15 01:00:00+00:00,65492.17,10053.616897695092,8997.843298597063
2026-06-15 02:00:00+00:00,65449.67,10047.092778580516,8997.843298597063
2026-06-15 03:00:00+00:00,65903.03,10116.687476034258,8997.843298597063
2026-06-15 04:00:00+00:00,65665.46,10080.218417727207,8997.843298597063
2026-06-15 05:00:00+00:00,65873.68,10112.181996128074,8997.843298597063
2026-06-15 06:00:00+00:00,65844.99,10107.777831954025,8997.843298597063
2026-06-15 07:00:00+00:00,65645.2,10077.108331768117,8997.843298597063
2026-06-15 08:00:00+00:00,65684.7,10083.171924827546,8997.843298597063
2026-06-15 09:00:00+00:00,65604.15,10070.80680024686,8997.843298597063
2026-06-15 10:00:00+00:00,65904.23,10116.871686456318,8997.843298597063
2026-06-15 11:00:00+00:00,66239.32,10168.310911729335,8997.843298597063
2026-06-15 12:00:00+00:00,66590.0,10222.14333740226,8997.843298597063
2026-06-15 13:00:00+00:00,66451.47,10200.877779262446,8997.843298597063
2026-06-15 14:00:00+00:00,66615.45,10226.050133436753,8997.843298597063
2026-06-15 15:00:00+00:00,67276.27,10327.491742690729,8997.843298597063
2026-06-15 16:00:00+00:00,67191.18,10314.429688679922,8997.843298597063
2026-06-15 17:00:00+00:00,66868.7,10264.926207925371,8997.843298597063
2026-06-15 18:00:00+00:00,66842.46,10260.898140029693,8997.843298597063
2026-06-15 19:00:00+00:00,66582.77,10221.033469609358,8997.843298597063
2026-06-15 20:00:00+00:00,66510.29,10209.907160117016,8997.843298597063
2026-06-15 21:00:00+00:00,66388.44,10191.202126843817,8997.843298597063
2026-06-15 22:00:00+00:00,66216.5,10164.807843536519,8997.843298597063
2026-06-15 23:00:00+00:00,66325.9,10181.601693680861,8997.843298597063
2026-06-16 00:00:00+00:00,66267.15,10172.583058434242,8997.843298597063
2026-06-16 01:00:00+00:00,66348.0,10184.994235620441,8997.843298597063
2026-06-16 02:00:00+00:00,65746.95,10092.727840471836,8997.843298597063
2026-06-16 03:00:00+00:00,66163.54,10156.67802357633,8997.843298597063
2026-06-16 04:00:00+00:00,65860.5,10110.158751659132,8997.843298597063
2026-06-16 05:00:00+00:00,66079.45,10143.769478250575,8997.843298597063
2026-06-16 06:00:00+00:00,66457.87,10201.860234846758,8997.843298597063
2026-06-16 07:00:00+00:00,66368.87,10188.19796187741,8997.843298597063
2026-06-16 08:00:00+00:00,66961.57,10279.18255950586,8997.843298597063
2026-06-16 09:00:00+00:00,66534.62,10213.642026424255,8997.843298597063
2026-06-16 10:00:00+00:00,66525.5,10212.242027216611,8997.843298597063
2026-06-16 11:00:00+00:00,66486.92,10206.319662147425,8997.843298597063
2026-06-16 12:00:00+00:00,66433.71,10198.151465015979,8997.843298597063
2026-06-16 13:00:00+00:00,66093.63,10145.946231404569,8997.843298597063
2026-06-16 14:00:00+00:00,65641.57,10076.55109524139,8997.843298597063
2026-06-16 15:00:00+00:00,65891.35,10114.894494592889,8997.843298597063
2026-06-16 16:00:00+00:00,65759.55,10094.662049903452,8997.843298597063
2026-06-16 17:00:00+00:00,65984.94,10129.26137242661,8997.843298597063
2026-06-16 18:00:00+00:00,65843.34,10107.524542623692,8997.843298597063
2026-06-16 19:00:00+00:00,65656.25,10078.804602737906,8997.843298597063
2026-06-16 20:00:00+00:00,65857.78,10109.741208035799,8997.843298597063
2026-06-16 21:00:00+00:00,65770.45,10096.335294570483,8997.843298597063
2026-06-16 22:00:00+00:00,65739.77,10091.625648113186,8997.843298597063
2026-06-16 23:00:00+00:00,65672.74,10088.813792687062,8997.843298597063
2026-06-17 00:00:00+00:00,65753.29,10088.813792687062,8997.843298597063
2026-06-17 01:00:00+00:00,65927.93,10088.813792687062,8997.843298597063
2026-06-17 02:00:00+00:00,65907.3,10088.813792687062,8997.843298597063
2026-06-17 03:00:00+00:00,65831.76,10088.813792687062,8997.843298597063
2026-06-17 04:00:00+00:00,65895.62,10088.813792687062,8997.843298597063
2026-06-17 05:00:00+00:00,65832.96,10088.813792687062,8997.843298597063
2026-06-17 06:00:00+00:00,65628.8,10088.813792687062,8997.843298597063
2026-06-17 07:00:00+00:00,65521.84,10088.813792687062,8997.843298597063
2026-06-17 08:00:00+00:00,65000.32,10088.813792687062,8997.843298597063
2026-06-17 09:00:00+00:00,64869.44,10088.813792687062,8997.843298597063
2026-06-17 10:00:00+00:00,64790.92,10088.813792687062,8997.843298597063
2026-06-17 11:00:00+00:00,64832.22,10088.813792687062,8999.23451068015
2026-06-17 12:00:00+00:00,65043.08,10088.813792687062,9028.503577649042
2026-06-17 13:00:00+00:00,65284.29,10088.813792687062,9061.985469157942
2026-06-17 14:00:00+00:00,65131.88,10088.813792687062,9040.829733140068
2026-06-17 15:00:00+00:00,65771.07,10088.813792687062,9129.55445530571
2026-06-17 16:00:00+00:00,65864.63,10088.813792687062,9142.541337149632
2026-06-17 17:00:00+00:00,66061.65,10088.813792687062,9169.889300605058
2026-06-17 18:00:00+00:00,65512.1,10088.813792687062,9093.607332698602
2026-06-17 19:00:00+00:00,64303.29,10088.813792687062,8925.814764915867
2026-06-17 20:00:00+00:00,64428.24,10088.813792687062,8943.15883167942
2026-06-17 21:00:00+00:00,64247.99,10088.813792687062,8918.138679345442
2026-06-17 22:00:00+00:00,64295.03,10088.813792687062,8924.66821036231
2026-06-17 23:00:00+00:00,64453.17,10088.813792687062,8946.619316548693
2026-06-18 00:00:00+00:00,64477.06,10088.813792687062,8949.935441038338
2026-06-18 01:00:00+00:00,64566.0,10088.813792687062,8962.281029657392
2026-06-18 02:00:00+00:00,64707.75,10088.813792687062,8981.957071784112
2026-06-18 03:00:00+00:00,64299.08,10088.813792687062,8925.230382994501
2026-06-18 04:00:00+00:00,63957.54,10088.813792687062,8877.821879093544
2026-06-18 05:00:00+00:00,63989.74,10088.813792687062,8882.291498539615
2026-06-18 06:00:00+00:00,64092.32,10088.813792687062,8896.530429060667
2026-06-18 07:00:00+00:00,64486.08,10088.813792687062,8951.187489715468
2026-06-18 08:00:00+00:00,64407.93,10088.813792687062,8940.339640035021
2026-06-18 09:00:00+00:00,64225.54,10088.813792687062,8915.022438458353
2026-06-18 10:00:00+00:00,64169.67,10088.813792687062,8907.267232295248
2026-06-18 11:00:00+00:00,63967.84,10088.813792687062,8879.251602084058
2026-06-18 12:00:00+00:00,64314.12,10088.813792687062,8927.318056176766
2026-06-18 13:00:00+00:00,63966.44,10088.813792687062,8879.057270803794
2026-06-18 14:00:00+00:00,63789.25,10088.813792687062,8854.461871125248
2026-06-18 15:00:00+00:00,62374.77,10088.813792687062,8658.120650191167
2026-06-18 16:00:00+00:00,62678.94,10088.813792687062,8700.341896989652
2026-06-18 17:00:00+00:00,62611.49,10088.813792687062,8690.97929352265
2026-06-18 18:00:00+00:00,62703.9,10088.813792687062,8703.806546100643
2026-06-18 19:00:00+00:00,62944.18,10088.813792687062,8737.159346116225
2026-06-18 20:00:00+00:00,63122.32,10088.813792687062,8761.886613449236
2026-06-18 21:00:00+00:00,62949.69,10088.813792687062,8737.924178512121
2026-06-18 22:00:00+00:00,62875.88,10088.813792687062,8727.678755800493
2026-06-18 23:00:00+00:00,62984.56,10088.813792687062,8742.764415471265
2026-06-19 00:00:00+00:00,62975.36,10088.813792687062,8741.487381343817
2026-06-19 01:00:00+00:00,63025.59,10088.813792687062,8748.459710063571
2026-06-19 02:00:00+00:00,63029.31,10088.813792687062,8748.976076036844
2026-06-19 03:00:00+00:00,62774.62,10088.813792687062,8713.623051915118
2026-06-19 04:00:00+00:00,62442.96,10088.813792687062,8667.585971620594
2026-06-19 05:00:00+00:00,62741.83,10088.813792687062,8709.071535715222
2026-06-19 06:00:00+00:00,62897.35,10088.813792687062,8730.658964791397
2026-06-19 07:00:00+00:00,62616.26,10088.813792687062,8691.641407956122
2026-06-19 08:00:00+00:00,62577.3,10088.813792687062,8686.233446042492
2026-06-19 09:00:00+00:00,62405.79,10088.813792687062,8662.426476129587
2026-06-19 10:00:00+00:00,62539.72,10088.813792687062,8681.017039247978
2026-06-19 11:00:00+00:00,62628.1,10088.813792687062,8693.284895354924
2026-06-19 12:00:00+00:00,62827.96,10088.813792687062,8721.027073693172
2026-06-19 13:00:00+00:00,63221.5,10088.813792687062,8775.653596575361
2026-06-19 14:00:00+00:00,63205.83,10088.813792687062,8773.478474316978
2026-06-19 15:00:00+00:00,63215.91,10088.813792687062,8774.877659534879
2026-06-19 16:00:00+00:00,62968.95,10088.813792687062,8740.597621696323
2026-06-19 17:00:00+00:00,63216.78,10088.813792687062,8774.998422544757
2026-06-19 18:00:00+00:00,63115.74,10088.813792687062,8760.973256431995
2026-06-19 19:00:00+00:00,63008.38,10088.813792687062,8746.070823396898
2026-06-19 20:00:00+00:00,63226.6,10088.813792687062,8776.36151766775
2026-06-19 21:00:00+00:00,63065.73,10088.813792687062,8754.031465484853
2026-06-19 22:00:00+00:00,63318.64,10088.813792687062,8789.13741126453
2026-06-19 23:00:00+00:00,63535.89,10088.813792687062,8819.293461719772
2026-06-20 00:00:00+00:00,63561.44,10088.813792687062,8822.840007584588
2026-06-20 01:00:00+00:00,63569.17,10088.813792687062,8823.91299386776
2026-06-20 02:00:00+00:00,63366.04,10088.813792687062,8795.716913182037
2026-06-20 03:00:00+00:00,63447.73,10088.813792687062,8807.056143385438
2026-06-20 04:00:00+00:00,63587.27,10088.813792687062,8826.425419705456
2026-06-20 05:00:00+00:00,63677.2,10088.813792687062,8838.908428301267
2026-06-20 06:00:00+00:00,63745.59,10088.813792687062,8848.40151134216
2026-06-20 07:00:00+00:00,63716.96,10074.157832519328,8844.427436660762
2026-06-20 08:00:00+00:00,63417.82,10026.861420794414,8802.904394390656
2026-06-20 09:00:00+00:00,63758.27,10080.689271873329,8850.16159750912
2026-06-20 10:00:00+00:00,63669.31,10066.62398877161,8837.813232728922
2026-06-20 11:00:00+00:00,63687.97,10069.574283091284,8840.403391078726
2026-06-20 12:00:00+00:00,63585.33,10053.346083253598,8826.156132074235
2026-06-20 13:00:00+00:00,63397.14,10023.5917484187,8800.033843765043
2026-06-20 14:00:00+00:00,63925.21,10107.083812801848,8873.334214600021
2026-06-20 15:00:00+00:00,64142.86,10141.496007800602,8903.545788278194
2026-06-20 16:00:00+00:00,64019.38,10121.972838315436,8886.405769358917
2026-06-20 17:00:00+00:00,63860.57,10096.863715008512,8864.36166177412
2026-06-20 18:00:00+00:00,63805.0,10088.077656308395,8856.648098028218
2026-06-20 19:00:00+00:00,63936.22,10108.824581315224,8874.86249131124
2026-06-20 20:00:00+00:00,63930.43,10107.909136293203,8874.05879265929
2026-06-20 21:00:00+00:00,64035.72,10124.556322194509,8888.673893015712
2026-06-20 22:00:00+00:00,64301.78,10166.622522981866,8925.605164749297
2026-06-20 23:00:00+00:00,64312.8,10168.364872574728,8927.134829541088
2026-06-21 00:00:00+00:00,64282.73,10163.610566562265,8922.960871257133
2026-06-21 01:00:00+00:00,64266.02,10160.968582742236,8920.641388619126
2026-06-21 02:00:00+00:00,64261.67,10160.280813166106,8920.037573569734
2026-06-21 03:00:00+00:00,64438.31,10188.209001195419,8944.556628816748
2026-06-21 04:00:00+00:00,64273.05,10162.080081620441,8921.617209262165
2026-06-21 05:00:00+00:00,64256.48,10159.460232913209,8919.317159752185
2026-06-21 06:00:00+00:00,64290.74,10164.877011230034,8924.072723796358
2026-06-21 07:00:00+00:00,64187.77,10148.596635769332,8909.779658132946
2026-06-21 08:00:00+00:00,63982.76,10116.182925240068,8881.322618299442
2026-06-21 09:00:00+00:00,64208.2,10151.826781157912,8912.615506744225
2026-06-21 10:00:00+00:00,64353.27,10174.763501251959,8932.752391621289
2026-06-21 11:00:00+00:00,64117.89,10137.54805232567,8900.07975108663
2026-06-21 12:00:00+00:00,64200.25,10150.569822967056,8911.511982688442
2026-06-21 13:00:00+00:00,64115.91,10137.234998587572,8899.804911133115
2026-06-21 14:00:00+00:00,64142.02,10141.363197123832,8903.429189510036
2026-06-21 15:00:00+00:00,64256.11,10159.40173297225,8919.265800770972
2026-06-21 16:00:00+00:00,64152.34,10142.994871152718,8904.861688661695
2026-06-21 17:00:00+00:00,64177.06,10146.903299640517,8908.293023838927
2026-06-21 18:00:00+00:00,64166.39,10145.216287829642,8906.811941867201
2026-06-21 19:00:00+00:00,64233.64,10155.849047368656,8916.146783722736
2026-06-21 20:00:00+00:00,63852.65,10095.611500056111,8863.262301960058
2026-06-21 21:00:00+00:00,63797.23,10086.849157548273,8855.569559422753
2026-06-21 22:00:00+00:00,63810.3,10088.915628435632,8857.383780732074
2026-06-21 23:00:00+00:00,63308.83,10009.62923548353,8787.77570422211
2026-06-22 00:00:00+00:00,63866.18,10097.750700599798,8865.14037497575
2026-06-22 01:00:00+00:00,64577.23,10210.173357405974,8963.839844141223
2026-06-22 02:00:00+00:00,64265.78,10160.930636834588,8920.608074685366
2026-06-22 03:00:00+00:00,63932.67,10108.263298097923,8874.369722707714
2026-06-22 04:00:00+00:00,64103.34,10135.247581674479,8898.060093852459
2026-06-22 05:00:00+00:00,64239.61,10156.792951821413,8916.975467825005
2026-06-22 06:00:00+00:00,64022.74,10122.504081022516,8886.87216443155
2026-06-22 07:00:00+00:00,64207.66,10151.741402865704,8912.540550393267
2026-06-22 08:00:00+00:00,64151.39,10142.84466860161,8904.729821007231
2026-06-22 09:00:00+00:00,64135.57,10140.343400855778,8902.533877540249
2026-06-22 10:00:00+00:00,64132.8,10139.905441838335,8902.14937922144
2026-06-22 11:00:00+00:00,64684.4,10227.117786250525,8978.715903645427
2026-06-22 12:00:00+00:00,65147.97,10300.411887953132,9043.06315478253
2026-06-22 13:00:00+00:00,65521.85,10359.525287751589,9094.960711257583
2026-06-22 14:00:00+00:00,64956.69,10270.16899955726,9093.130632515793
2026-06-22 15:00:00+00:00,64824.35,10249.244993648068,9093.130632515793
2026-06-22 16:00:00+00:00,64758.9,10238.89682841642,9093.130632515793
2026-06-22 17:00:00+00:00,64600.0,10213.773475394128,9093.130632515793
2026-06-22 18:00:00+00:00,64360.81,10175.955635183916,9093.130632515793
2026-06-22 19:00:00+00:00,64489.11,10196.240884981024,9093.130632515793
2026-06-22 20:00:00+00:00,64422.14,10185.652395667601,9093.130632515793
2026-06-22 21:00:00+00:00,64283.53,10163.737052921093,9093.130632515793
2026-06-22 22:00:00+00:00,63936.61,10108.886243415152,9093.130632515793
2026-06-22 23:00:00+00:00,64018.92,10121.90010865911,9093.130632515793
2026-06-23 00:00:00+00:00,64113.93,10136.92194484947,9093.130632515793
2026-06-23 01:00:00+00:00,64176.1,10146.751516009923,9093.130632515793
2026-06-23 02:00:00+00:00,64208.49,10151.872632462988,9093.130632515793
2026-06-23 03:00:00+00:00,64067.06,10129.51142530161,9093.130632515793
2026-06-23 04:00:00+00:00,63612.07,10057.573889797437,9093.130632515793
2026-06-23 05:00:00+00:00,63384.14,10021.536345087738,9093.130632515793
2026-06-23 06:00:00+00:00,62948.84,9952.711955090228,9093.130632515793
2026-06-23 07:00:00+00:00,62923.01,9948.628026779557,9086.349833658269
2026-06-23 08:00:00+00:00,62380.57,9862.863951175954,9008.019194298047
2026-06-23 09:00:00+00:00,62374.7,9856.802939887706,9007.171541372296
2026-06-23 10:00:00+00:00,62319.76,9856.802939887706,8999.237972080853
2026-06-23 11:00:00+00:00,62504.61,9856.802939887706,9025.931097008472
2026-06-23 12:00:00+00:00,62258.3,9856.802939887706,8990.362887103567
2026-06-23 13:00:00+00:00,62459.09,9856.802939887706,9019.357815717125
2026-06-23 14:00:00+00:00,62448.88,9856.802939887706,9017.883448362454
2026-06-23 15:00:00+00:00,62466.76,9856.802939887706,9020.465396286208
2026-06-23 16:00:00+00:00,62547.95,9856.802939887706,9032.189577042893
2026-06-23 17:00:00+00:00,62363.06,9856.802939887706,9005.490675945422
2026-06-23 18:00:00+00:00,62229.71,9856.802939887706,8986.234369701995
2026-06-23 19:00:00+00:00,62414.18,9856.802939887706,9012.87262101602
2026-06-23 20:00:00+00:00,62462.62,9856.802939887706,9019.867562706548
2026-06-23 21:00:00+00:00,62592.46,9856.802939887706,9038.61701004548
2026-06-23 22:00:00+00:00,62579.2,9856.802939887706,9036.70220973961
2026-06-23 23:00:00+00:00,62747.4,9856.802939887706,9060.991003966417
2026-06-24 00:00:00+00:00,62995.32,9856.802939887706,9096.791704707855
2026-06-24 01:00:00+00:00,62967.0,9856.802939887706,9092.702176452784
2026-06-24 02:00:00+00:00,62693.31,9856.802939887706,9053.180178284323
2026-06-24 03:00:00+00:00,62744.23,9856.802939887706,9060.533242505662
2026-06-24 04:00:00+00:00,62775.44,9856.802939887706,9065.040099032527
2026-06-24 05:00:00+00:00,62886.5,9856.802939887706,9081.07763462604
2026-06-24 06:00:00+00:00,62740.59,9856.802939887706,9060.007611049148
2026-06-24 07:00:00+00:00,62678.17,9856.802939887706,9050.993897995419
2026-06-24 08:00:00+00:00,62796.49,9856.802939887706,9068.079808417035
2026-06-24 09:00:00+00:00,62687.45,9856.802939887706,9052.333969401036
2026-06-24 10:00:00+00:00,62455.8,9856.802939887706,9018.882725746817
2026-06-24 11:00:00+00:00,62893.42,9856.802939887706,9082.076912010401
2026-06-24 12:00:00+00:00,62612.65,9856.802939887706,9041.532531778175
2026-06-24 13:00:00+00:00,61327.54,9856.802939887706,8855.957190822099
2026-06-24 14:00:00+00:00,61097.76,9856.802939887706,8822.77598310845
2026-06-24 15:00:00+00:00,60286.77,9856.802939887706,8705.665583405726
2026-06-24 16:00:00+00:00,59889.6,9856.802939887706,8648.312548904769
2026-06-24 17:00:00+00:00,59428.0,9856.802939887706,8581.65554881503
2026-06-24 18:00:00+00:00,59588.68,9856.802939887706,8604.8584231097
2026-06-24 19:00:00+00:00,59925.91,9856.802939887706,8653.555867087738
2026-06-24 20:00:00+00:00,60986.31,9856.802939887706,8806.68212985888
2026-06-24 21:00:00+00:00,61107.65,9856.802939887706,8824.204141104306
2026-06-24 22:00:00+00:00,60807.26,9856.802939887706,8780.826549559773
2026-06-24 23:00:00+00:00,61061.55,9856.802939887706,8817.547105350111
2026-06-25 00:00:00+00:00,60775.12,9856.802939887706,8776.185397083855
2026-06-25 01:00:00+00:00,60894.06,9856.802939887706,8793.360838138173
2026-06-25 02:00:00+00:00,60738.42,9856.802939887706,8770.88576124483
2026-06-25 03:00:00+00:00,60889.67,9856.802939887706,8792.726903496938
2026-06-25 04:00:00+00:00,61374.62,9856.802939887706,8862.755742737665
2026-06-25 05:00:00+00:00,61646.75,9856.802939887706,8902.052470281904
2026-06-25 06:00:00+00:00,61778.6,9856.802939887706,8921.09217015589
2026-06-25 07:00:00+00:00,61869.65,9856.802939887706,8934.240176781042
2026-06-25 08:00:00+00:00,61690.52,9856.802939887706,8908.373044142232
2026-06-25 09:00:00+00:00,61724.84,9856.802939887706,8913.328997875073
2026-06-25 10:00:00+00:00,61281.31,9856.802939887706,8849.281382515885
2026-06-25 11:00:00+00:00,61281.06,9856.802939887706,8849.24528145431
2026-06-25 12:00:00+00:00,61205.37,9856.802939887706,8838.315324052248
2026-06-25 13:00:00+00:00,58256.13,9856.802939887706,8412.43254470939
2026-06-25 14:00:00+00:00,59503.56,9856.802939887706,8592.566733665075
2026-06-25 15:00:00+00:00,59565.55,9856.802939887706,8601.518352892897
2026-06-25 16:00:00+00:00,59323.83,9856.802939887706,8566.612958478487
2026-06-25 17:00:00+00:00,59654.41,9856.802939887706,8614.350114218665
2026-06-25 18:00:00+00:00,59501.96,9856.802939887706,8592.335686871003
2026-06-25 19:00:00+00:00,59330.61,9856.802939887706,8567.592019268366
2026-06-25 20:00:00+00:00,59405.42,9856.802939887706,8578.39490093369
2026-06-25 21:00:00+00:00,60202.8,9856.802939887706,8693.539958844342
2026-06-25 22:00:00+00:00,59841.2,9856.802939887706,8641.323383384093
2026-06-25 23:00:00+00:00,59690.22,9856.802939887706,8619.521230278486
2026-06-26 00:00:00+00:00,59669.68,9856.802939887706,8616.555167059589
2026-06-26 01:00:00+00:00,59416.32,9856.802939887706,8579.968907218305
2026-06-26 02:00:00+00:00,58552.91,9856.802939887706,8455.288836924801
2026-06-26 03:00:00+00:00,59978.65,9856.802939887706,8661.171747037333
2026-06-26 04:00:00+00:00,59904.25,9856.802939887706,8650.42807111299
2026-06-26 05:00:00+00:00,59932.0,9856.802939887706,8654.435288947674
2026-06-26 06:00:00+00:00,60331.43,9856.802939887706,8712.114677045258
2026-06-26 07:00:00+00:00,60526.17,9856.802939887706,8740.235959968732
2026-06-26 08:00:00+00:00,60231.14,9856.802939887706,8697.63237518434
2026-06-26 09:00:00+00:00,59731.26,9856.802939887706,8625.44758054643
2026-06-26 10:00:00+00:00,59285.19,9856.802939887706,8561.03317840165
2026-06-26 11:00:00+00:00,59350.64,9856.802939887706,8570.484436321654
2026-06-26 12:00:00+00:00,59231.68,9856.802939887706,8553.306107182409
2026-06-26 13:00:00+00:00,60161.84,9856.802939887706,8687.625160916099
2026-06-26 14:00:00+00:00,59683.59,9856.802939887706,8618.56383012555
2026-06-26 15:00:00+00:00,60336.01,9856.802939887706,8712.776048493288
2026-06-26 16:00:00+00:00,60044.29,9856.802939887706,8670.650441764132
2026-06-26 17:00:00+00:00,60063.1,9856.802939887706,8673.366685636938
2026-06-26 18:00:00+00:00,59667.46,9856.802939887706,8616.234589632813
2026-06-26 19:00:00+00:00,59761.6,9856.802939887706,8629.828805379018
2026-06-26 20:00:00+00:00,59720.67,9856.802939887706,8623.918339578166
2026-06-26 21:00:00+00:00,59972.25,9856.802939887706,8660.247559861045
2026-06-26 22:00:00+00:00,60062.75,9856.802939887706,8673.316144150736
2026-06-26 23:00:00+00:00,60096.02,9856.802939887706,8678.120473424968
2026-06-27 00:00:00+00:00,60049.02,9856.802939887706,8671.333473849107
2026-06-27 01:00:00+00:00,59962.44,9856.802939887706,8658.830954204892
2026-06-27 02:00:00+00:00,60314.9,9856.802939887706,8709.727674854003
2026-06-27 03:00:00+00:00,60321.85,9856.802939887706,8710.731284365751
2026-06-27 04:00:00+00:00,60238.94,9856.802939887706,8698.75872830544
2026-06-27 05:00:00+00:00,60275.52,9856.802939887706,8704.041035634908
2026-06-27 06:00:00+00:00,60368.08,9856.802939887706,8717.407092671967
2026-06-27 07:00:00+00:00,60544.65,9856.802939887706,8742.904550440262
2026-06-27 08:00:00+00:00,60454.67,9856.802939887706,8729.911056358644
2026-06-27 09:00:00+00:00,60416.2,9833.794602824153,8724.355825003679
2026-06-27 10:00:00+00:00,60382.12,9828.247485990189,8719.434528289949
2026-06-27 11:00:00+00:00,60363.31,9825.185829075666,8716.718284417138
2026-06-27 12:00:00+00:00,60416.61,9833.861337504375,8724.41503074466
2026-06-27 13:00:00+00:00,60582.45,9860.854701816137,8748.36303095021
2026-06-27 14:00:00+00:00,60637.27,9869.777616864201,8756.279271732097
2026-06-27 15:00:00+00:00,60840.98,9902.934986883192,8785.69586074484
2026-06-27 16:00:00+00:00,60812.57,9898.310761846426,8781.593336107599
2026-06-27 17:00:00+00:00,60527.67,9851.938297468583,8740.452566338174
2026-06-27 18:00:00+00:00,60543.13,9854.454683215446,8742.685055985894
2026-06-27 19:00:00+00:00,60177.02,9794.863869128498,8689.817217374857
2026-06-27 20:00:00+00:00,60258.52,9808.129421416297,8701.586163447893
2026-06-27 21:00:00+00:00,60186.01,9796.327149067974,8691.11541154905
2026-06-27 22:00:00+00:00,60223.89,9802.492782450328,8696.585444398701
2026-06-27 23:00:00+00:00,60034.55,9771.674381589322,8669.24394440522
2026-06-28 00:00:00+00:00,60184.41,9796.0667210476,8690.884364754977
2026-06-28 01:00:00+00:00,60219.26,9801.73916886637,8695.916852738355
2026-06-28 02:00:00+00:00,60165.81,9793.039245310752,8688.19844577389
2026-06-28 03:00:00+00:00,60165.68,9793.018085534097,8688.179673221874
2026-06-28 04:00:00+00:00,60147.65,9790.083387279508,8685.576064661176
2026-06-28 05:00:00+00:00,59987.74,9764.055234318255,8662.484381636154
2026-06-28 06:00:00+00:00,60004.05,9766.709972450943,8664.839614893224
2026-06-28 07:00:00+00:00,60201.93,9798.918407870695,8693.414327150063
2026-06-28 08:00:00+00:00,60432.77,9836.491660510152,8726.748603364786
2026-06-28 09:00:00+00:00,60281.65,9811.89423398583,8704.926233664695
2026-06-28 10:00:00+00:00,60194.16,9797.653704296754,8692.292306156352
2026-06-28 11:00:00+00:00,60362.95,9825.127232771081,8716.666298888473
2026-06-28 12:00:00+00:00,60275.62,9810.912745884045,8704.055476059537
2026-06-28 13:00:00+00:00,60114.5,9784.687644232385,8680.789063896498
2026-06-28 14:00:00+00:00,60092.59,9770.055709133114,8677.625166860176
2026-06-28 15:00:00+00:00,59866.71,9770.055709133114,8645.007135707077
2026-06-28 16:00:00+00:00,59695.13,9770.055709133114,8620.230255127793
2026-06-28 17:00:00+00:00,59578.48,9770.055709133114,8603.38549979749
2026-06-28 18:00:00+00:00,59596.1,9770.055709133114,8605.929902617207
2026-06-28 19:00:00+00:00,59480.42,9770.055709133114,8589.22521940581
2026-06-28 20:00:00+00:00,59643.07,9770.055709133114,8612.71257006568
2026-06-28 21:00:00+00:00,59408.51,9770.055709133114,8578.841110054742
2026-06-28 22:00:00+00:00,59066.34,9770.055709133114,8529.430309100006
2026-06-28 23:00:00+00:00,59523.42,9770.055709133114,8595.434601996492
2026-06-29 00:00:00+00:00,59643.48,9770.055709133114,8612.771775806661
2026-06-29 01:00:00+00:00,59474.14,9770.055709133114,8588.318360739078
2026-06-29 02:00:00+00:00,59752.88,9770.055709133114,8628.569600351326
2026-06-29 03:00:00+00:00,60053.83,9770.055709133114,8672.028058273785
2026-06-29 04:00:00+00:00,59828.64,9770.055709133114,8639.50966605063
2026-06-29 05:00:00+00:00,60075.0,9770.055709133114,8675.085096167848
2026-06-29 06:00:00+00:00,60089.8,9770.055709133114,8677.222279013014
2026-06-29 07:00:00+00:00,60113.72,9770.055709133114,8680.67642858439
2026-06-29 08:00:00+00:00,59835.13,9770.055709133114,8640.446849609083
2026-06-29 09:00:00+00:00,60043.43,9770.055709133114,8670.526254112317
2026-06-29 10:00:00+00:00,60096.68,9770.055709133114,8678.215780227523
2026-06-29 11:00:00+00:00,59951.06,9770.055709133114,8657.187633882055
2026-06-29 12:00:00+00:00,59977.32,9770.055709133114,8660.97968938976
2026-06-29 13:00:00+00:00,59563.49,9770.055709133114,8601.220880145529
2026-06-29 14:00:00+00:00,59426.24,9770.055709133114,8581.401397341551
2026-06-29 15:00:00+00:00,59912.73,9770.055709133114,8651.65261912157
2026-06-29 16:00:00+00:00,59865.65,9770.055709133114,8644.854067206006
2026-06-29 17:00:00+00:00,60390.32,9770.055709133114,8720.618643109565
2026-06-29 18:00:00+00:00,60262.6,9770.055709133114,8702.175332772777
2026-06-29 19:00:00+00:00,60440.48,9770.055709133114,8727.861960103719
2026-06-29 20:00:00+00:00,60298.91,9770.055709133114,8707.418650955748
2026-06-29 21:00:00+00:00,60510.38,9770.055709133114,8737.955816919735
2026-06-29 22:00:00+00:00,60368.74,9742.862153230737,8717.50239947452
2026-06-29 23:00:00+00:00,60253.78,9724.308851751604,8700.901687320456
2026-06-30 00:00:00+00:00,59841.27,9657.734196278769,8641.333491681335
2026-06-30 01:00:00+00:00,59926.53,9671.494238764075,8653.64539772044
2026-06-30 02:00:00+00:00,60007.82,9684.613566158288,8665.384018901756
2026-06-30 03:00:00+00:00,59615.1,9621.23280278942,8608.673583296812
2026-06-30 04:00:00+00:00,59496.44,9602.082361300954,8591.538575431456
2026-06-30 05:00:00+00:00,59652.06,9627.19774731507,8614.01076423987
2026-06-30 06:00:00+00:00,59562.99,9612.822812009343,8601.148678022382
2026-06-30 07:00:00+00:00,59530.02,9607.50181035862,8596.387670022037
2026-06-30 08:00:00+00:00,59281.19,9567.343337785094,8560.455561416471
2026-06-30 09:00:00+00:00,59387.08,9584.432839295405,8575.74652705664
2026-06-30 10:00:00+00:00,59350.5,9578.529222662604,8570.464219727173
2026-06-30 11:00:00+00:00,59186.46,9552.05493965428,8546.776147164952
2026-06-30 12:00:00+00:00,58406.52,9426.181053470953,8434.149499309686
2026-06-30 13:00:00+00:00,58681.65,9418.3300680481,8473.87943959281
2026-06-30 14:00:00+00:00,58500.0,9418.3300680481,8447.648408253335
2026-06-30 15:00:00+00:00,58373.05,9418.3300680481,8429.316289186196
2026-06-30 16:00:00+00:00,58477.96,9418.3300680481,8444.465738664996
2026-06-30 17:00:00+00:00,58413.31,9418.3300680481,8435.130004142027
2026-06-30 18:00:00+00:00,58675.76,9418.3300680481,8473.028898582133
2026-06-30 19:00:00+00:00,58805.5,9418.3300680481,8491.763905496437
2026-06-30 20:00:00+00:00,58762.04,9418.3300680481,8485.488096952458
2026-06-30 21:00:00+00:00,58633.72,9418.3300680481,8466.958144067894
2026-06-30 22:00:00+00:00,58602.2,9418.3300680481,8462.406522224677
2026-06-30 23:00:00+00:00,58632.52,9418.3300680481,8466.78485897234
2026-07-01 00:00:00+00:00,58570.24,9418.3300680481,8457.791362513091
2026-07-01 01:00:00+00:00,58780.56,9418.3300680481,8488.16246359384
2026-07-01 02:00:00+00:00,59108.21,9418.3300680481,8535.476514892374
2026-07-01 03:00:00+00:00,59187.89,9418.3300680481,8546.982645237154
2026-07-01 04:00:00+00:00,59327.54,9418.3300680481,8567.148698232242
2026-07-01 05:00:00+00:00,59139.39,9418.3300680481,8539.97903929185
2026-07-01 06:00:00+00:00,58733.63,9418.3300680481,8481.38557231522
2026-07-01 07:00:00+00:00,58750.89,9418.3300680481,8483.87798960627
2026-07-01 08:00:00+00:00,58952.07,9418.3300680481,8512.929235875885
2026-07-01 09:00:00+00:00,58935.23,9418.3300680481,8510.497468368278
2026-07-01 10:00:00+00:00,58650.0,9418.3300680481,8469.309045197575
2026-07-01 11:00:00+00:00,58563.61,9418.3300680481,8456.833962360157
2026-07-01 12:00:00+00:00,58566.97,9418.3300680481,8457.319160627707
2026-07-01 13:00:00+00:00,59492.46,9418.3300680481,8590.9638465312
2026-07-01 14:00:00+00:00,59516.96,9418.3300680481,8594.501750565427
2026-07-01 15:00:00+00:00,60157.22,9418.3300680481,8686.958013298217
2026-07-01 16:00:00+00:00,59887.49,9418.3300680481,8648.007855945087
2026-07-01 17:00:00+00:00,60184.75,9418.3300680481,8690.933462198716
2026-07-01 18:00:00+00:00,60158.21,9418.3300680481,8687.100973502049
2026-07-01 19:00:00+00:00,60031.13,9418.3300680481,8668.75008188289
2026-07-01 20:00:00+00:00,60118.16,9418.3300680481,8681.317583437938
2026-07-01 21:00:00+00:00,60815.7,9516.419537844797,8782.045321398502
2026-07-01 22:00:00+00:00,60490.86,9465.588687872281,8774.55584426186
2026-07-01 23:00:00+00:00,60033.87,9394.07905196248,8774.55584426186
2026-07-02 00:00:00+00:00,59704.0,9342.461109343241,8774.55584426186
2026-07-02 01:00:00+00:00,60171.72,9415.649771912953,8774.55584426186
2026-07-02 02:00:00+00:00,60442.68,9458.04949826609,8774.55584426186
2026-07-02 03:00:00+00:00,61054.21,9553.741499508831,8774.55584426186
2026-07-02 04:00:00+00:00,60794.75,9513.14128914721,8774.55584426186
2026-07-02 05:00:00+00:00,60535.28,9472.539513989075,8774.55584426186
2026-07-02 06:00:00+00:00,60275.81,9431.93773883094,8774.55584426186
2026-07-02 07:00:00+00:00,60129.92,9409.108922482921,8774.55584426186
2026-07-02 08:00:00+00:00,60508.87,9468.406886394647,8774.55584426186
2026-07-02 09:00:00+00:00,61190.43,9575.057157627461,8774.55584426186
2026-07-02 10:00:00+00:00,61260.18,9585.971613315132,8774.55584426186
2026-07-02 11:00:00+00:00,61376.6,9604.188974335328,8774.55584426186
2026-07-02 12:00:00+00:00,61551.4,9631.541617406365,8774.55584426186
2026-07-02 13:00:00+00:00,61937.75,9691.997530738718,8774.55584426186
2026-07-02 14:00:00+00:00,61659.63,9648.477410081297,8774.55584426186
2026-07-02 15:00:00+00:00,61616.39,9641.7112299532,8774.55584426186
2026-07-02 16:00:00+00:00,61675.69,9650.990473283364,8774.55584426186
2026-07-02 17:00:00+00:00,61665.42,9649.383427263114,8774.55584426186
2026-07-02 18:00:00+00:00,61747.65,9662.250749000708,8774.55584426186
2026-07-02 19:00:00+00:00,61443.41,9614.643379847777,8774.55584426186
2026-07-02 20:00:00+00:00,61588.52,9637.350142067673,8774.55584426186
2026-07-02 21:00:00+00:00,61581.56,9636.26104369368,8774.55584426186
2026-07-02 22:00:00+00:00,61529.9,9628.177304900488,8774.55584426186
2026-07-02 23:00:00+00:00,61557.61,9632.513356041783,8774.55584426186
2026-07-03 00:00:00+00:00,61313.71,9594.34796905651,8774.55584426186
2026-07-03 01:00:00+00:00,61601.24,9639.340563233942,8774.55584426186
2026-07-03 02:00:00+00:00,61453.07,9616.154973280649,8774.55584426186
2026-07-03 03:00:00+00:00,61444.55,9614.821766650413,8774.55584426186
2026-07-03 04:00:00+00:00,61454.3,9616.347443251916,8774.55584426186
2026-07-03 05:00:00+00:00,61708.13,9656.06667317595,8774.55584426186
2026-07-03 06:00:00+00:00,61735.85,9660.40428911376,8774.55584426186
2026-07-03 07:00:00+00:00,61758.44,9663.939164439704,8774.55584426186
2026-07-03 08:00:00+00:00,61575.95,9635.383192849122,8774.55584426186
2026-07-03 09:00:00+00:00,61746.13,9662.012899930523,8774.55584426186
2026-07-03 10:00:00+00:00,61919.1,9689.079185239432,8774.55584426186
2026-07-03 11:00:00+00:00,62032.18,9706.773904223832,8774.55584426186
2026-07-03 12:00:00+00:00,61962.51,9695.871966908277,8774.55584426186
2026-07-03 13:00:00+00:00,62131.17,9722.263824919495,8774.55584426186
2026-07-03 14:00:00+00:00,62168.41,9728.091127138978,8774.55584426186
2026-07-03 15:00:00+00:00,61919.16,9689.08857401852,8774.55584426186
2026-07-03 16:00:00+00:00,62092.08,9716.147035344857,8774.55584426186
2026-07-03 17:00:00+00:00,62178.57,9729.680960397569,8774.55584426186
2026-07-03 18:00:00+00:00,62212.13,9734.932417499766,8774.55584426186
2026-07-03 19:00:00+00:00,62225.31,9736.994819305693,8774.55584426186
2026-07-03 20:00:00+00:00,62740.75,9817.650690841936,8774.55584426186
2026-07-03 21:00:00+00:00,62740.76,9817.652255638452,8774.55584426186
2026-07-03 22:00:00+00:00,62598.84,9795.444663506634,8774.55584426186
2026-07-03 23:00:00+00:00,62607.32,9796.771610950813,8774.55584426186
2026-07-04 00:00:00+00:00,62776.06,9823.175987334147,8774.55584426186
2026-07-04 01:00:00+00:00,62481.28,9777.048915683801,8774.55584426186
2026-07-04 02:00:00+00:00,62538.96,9786.074661978639,8774.55584426186
2026-07-04 03:00:00+00:00,62653.39,9803.980628492476,8774.55584426186
2026-07-04 04:00:00+00:00,62657.15,9804.568991981876,8774.55584426186
2026-07-04 05:00:00+00:00,62471.83,9775.57018297773,8774.55584426186
2026-07-04 06:00:00+00:00,62507.11,9781.090785080398,8774.55584426186
2026-07-04 07:00:00+00:00,62582.79,9792.933165101085,8774.55584426186
2026-07-04 08:00:00+00:00,62611.02,9797.350585661126,8774.55584426186
2026-07-04 09:00:00+00:00,62508.91,9781.372448452983,8774.55584426186
2026-07-04 10:00:00+00:00,62524.53,9783.816660608414,8774.55584426186
2026-07-04 11:00:00+00:00,62505.64,9780.860759992785,8774.55584426186
2026-07-04 12:00:00+00:00,62673.12,9807.067972015311,8774.55584426186
2026-07-04 13:00:00+00:00,62588.57,9793.837617486384,8774.55584426186
2026-07-04 14:00:00+00:00,62673.69,9807.15716541663,8774.55584426186
2026-07-04 15:00:00+00:00,62928.67,9847.056346939817,8774.55584426186
2026-07-04 16:00:00+00:00,62913.73,9844.71854094736,8774.55584426186
2026-07-04 17:00:00+00:00,63293.58,9904.157336545379,8774.55584426186
2026-07-04 18:00:00+00:00,63164.09,9883.89478648091,8774.55584426186
2026-07-04 19:00:00+00:00,63308.58,9906.50453131692,8774.55584426186
2026-07-04 20:00:00+00:00,63238.64,9895.560344495476,8774.55584426186
2026-07-04 21:00:00+00:00,63321.93,9908.593534663592,8774.55584426186
2026-07-04 22:00:00+00:00,63197.91,9889.186928292484,8774.55584426186
2026-07-04 23:00:00+00:00,63173.19,9885.318751308982,8774.55584426186
2026-07-05 00:00:00+00:00,62987.82,9856.312118322263,8774.55584426186
2026-07-05 01:00:00+00:00,62870.48,9837.950796022747,8774.55584426186
2026-07-05 02:00:00+00:00,62699.02,9811.120794987506,8774.55584426186
2026-07-05 03:00:00+00:00,62777.0,9823.323078206497,8774.55584426186
2026-07-05 04:00:00+00:00,62833.46,9832.15791932658,8774.55584426186
2026-07-05 05:00:00+00:00,62758.86,9820.484537329445,8774.55584426186
2026-07-05 06:00:00+00:00,62788.84,9825.1757972795,8774.55584426186
2026-07-05 07:00:00+00:00,63042.82,9864.918499151252,8774.55584426186
2026-07-05 08:00:00+00:00,62923.52,9846.25047673492,8774.55584426186
2026-07-05 09:00:00+00:00,62611.02,9797.350585661126,8774.55584426186
2026-07-05 10:00:00+00:00,62740.75,9817.650690841936,8774.55584426186
2026-07-05 11:00:00+00:00,62681.34,9808.354234750115,8774.55584426186
2026-07-05 12:00:00+00:00,62740.75,9817.650690841936,8774.55584426186
2026-07-05 13:00:00+00:00,62791.81,9825.640541844266,8774.55584426186
2026-07-05 14:00:00+00:00,62815.68,9829.375711124047,8774.55584426186
2026-07-05 15:00:00+00:00,62740.75,9817.650690841936,8774.55584426186
2026-07-05 16:00:00+00:00,62630.04,9800.326828631441,8774.55584426186
2026-07-05 17:00:00+00:00,62631.64,9800.57719607374,8774.55584426186
2026-07-05 18:00:00+00:00,62827.24,9831.184615894648,8774.55584426186
2026-07-05 19:00:00+00:00,62784.0,9824.418435766549,8774.55584426186
2026-07-05 20:00:00+00:00,62731.66,9816.228290810383,8774.55584426186
2026-07-05 21:00:00+00:00,63117.47,9801.072062971405,8774.55584426186
2026-07-05 22:00:00+00:00,63745.74,9801.072062971405,8774.55584426186
2026-07-05 23:00:00+00:00,63637.54,9772.44766918471,8774.55584426186
2026-07-06 00:00:00+00:00,63773.61,9793.34314934227,8774.55584426186
2026-07-06 01:00:00+00:00,63581.73,9763.877251402735,8774.55584426186
2026-07-06 02:00:00+00:00,63453.59,9744.199535319909,8774.55584426186
2026-07-06 03:00:00+00:00,63274.02,9716.624012633843,8774.55584426186
2026-07-06 04:00:00+00:00,63259.68,9714.421902062377,8774.55584426186
2026-07-06 05:00:00+00:00,63128.94,9694.344919069805,8774.55584426186
2026-07-06 06:00:00+00:00,62985.76,9672.357597478274,8774.55584426186
2026-07-06 07:00:00+00:00,63090.98,9688.515622187457,8774.55584426186
2026-07-06 08:00:00+00:00,62890.79,9657.77360577868,8774.55584426186
2026-07-06 09:00:00+00:00,62672.06,9624.184509174996,8774.55584426186
2026-07-06 10:00:00+00:00,62870.48,9654.654716956751,8774.55584426186
2026-07-06 11:00:00+00:00,62522.73,9601.252767777714,8774.55584426186
2026-07-06 12:00:00+00:00,61746.13,9481.994813119363,8774.55584426186
2026-07-06 13:00:00+00:00,61776.99,9486.733804209702,8774.722867560018
2026-07-06 14:00:00+00:00,62029.24,9525.470372665237,8810.55212766709
2026-07-06 15:00:00+00:00,63519.15,9754.267204013448,9022.176995560561
2026-07-06 16:00:00+00:00,63711.14,9783.74999401455,9049.447004075753
2026-07-06 17:00:00+00:00,63576.67,9763.100216570681,9030.347061135819
2026-07-06 18:00:00+00:00,63705.29,9782.851643467613,9048.616077726392
2026-07-06 19:00:00+00:00,63717.86,9784.781945412058,9050.401504087327
2026-07-06 20:00:00+00:00,63835.54,9802.853380004119,9067.116617385247
2026-07-06 21:00:00+00:00,64476.37,9901.261923763725,9158.139272506814
2026-07-06 22:00:00+00:00,64215.51,9861.203167580134,9121.087059259911
2026-07-06 23:00:00+00:00,64033.63,9833.272911601172,9095.253061922847
2026-07-07 00:00:00+00:00,64206.66,9859.844124445024,9119.830016833956
2026-07-07 01:00:00+00:00,63831.96,9802.303620182232,9066.608118867176
2026-07-07 02:00:00+00:00,63312.6,9722.548519317746,8992.838903686961
2026-07-07 03:00:00+00:00,63173.19,9701.140134745354,8973.037289607568
2026-07-07 04:00:00+00:00,63106.86,9690.954221620852,8963.615863154042
2026-07-07 05:00:00+00:00,63136.34,9695.48129412063,8967.803163800052
2026-07-07 06:00:00+00:00,63355.58,9729.148708464303,8998.943726677653
2026-07-07 07:00:00+00:00,63068.55,9685.071177269885,8958.174360855917
2026-07-07 08:00:00+00:00,63097.87,9689.573679498293,8962.338935311176
2026-07-07 09:00:00+00:00,63259.68,9714.421902062377,8985.322216095816
2026-07-07 10:00:00+00:00,63259.68,9714.421902062377,8985.322216095816
2026-07-07 11:00:00+00:00,63401.34,9736.175806075898,9005.443417232656
2026-07-07 12:00:00+00:00,63483.77,9748.83410275693,9017.151666630578
2026-07-07 13:00:00+00:00,63070.95,9685.439731340422,8958.515253717193
2026-07-07 14:00:00+00:00,63595.58,9766.004115518132,9033.033012805294
2026-07-07 15:00:00+00:00,63929.05,9817.213167977467,9080.398655492729
2026-07-07 16:00:00+00:00,63994.84,9827.316156436098,9089.743381052467
2026-07-07 17:00:00+00:00,64182.71,9856.166261949444,9116.4281901558
2026-07-07 18:00:00+00:00,63683.73,9779.540799400611,9045.553723522593
2026-07-07 19:00:00+00:00,63780.54,9794.40734922095,9059.304489314329
2026-07-07 20:00:00+00:00,63682.89,9779.411805475922,9045.434411021144
2026-07-07 21:00:00+00:00,63383.83,9733.486897002931,9002.95631973226
2026-07-07 22:00:00+00:00,63551.98,9759.30871657002,9026.84012582544
2026-07-07 23:00:00+00:00,63339.51,9726.680931833656,8996.661164894023
2026-07-08 00:00:00+00:00,63614.98,9768.98326092165,9035.788563433945
2026-07-08 01:00:00+00:00,63010.57,9676.167525182464,8949.938957482247
2026-07-08 02:00:00+00:00,62989.9,9672.993353249953,8947.003017714504
2026-07-08 03:00:00+00:00,62763.24,9638.18649257153,8914.808527740792
2026-07-08 04:00:00+00:00,62738.98,9634.461025175175,8911.362669068056
2026-07-08 05:00:00+00:00,62629.47,9617.644210064904,8895.808011885398
2026-07-08 06:00:00+00:00,62622.25,9616.535476569368,8894.782492527724
2026-07-08 07:00:00+00:00,62894.57,9658.35407843978,8933.462469187221
2026-07-08 08:00:00+00:00,62014.99,9523.282082871416,8808.52807630326
2026-07-08 09:00:00+00:00,62059.41,9530.103404460297,8814.837435010719
2026-07-08 10:00:00+00:00,62142.47,9523.192020541712,8826.635168784727
2026-07-08 11:00:00+00:00,62314.85,9523.192020541712,8851.119798545904
2026-07-08 12:00:00+00:00,61971.18,9523.192020541712,8802.305361198045
2026-07-08 13:00:00+00:00,61930.21,9523.192020541712,8796.486035978673
2026-07-08 14:00:00+00:00,61933.58,9523.192020541712,8796.964706371382
2026-07-08 15:00:00+00:00,61668.56,9523.192020541712,8759.321612164933
2026-07-08 16:00:00+00:00,62118.38,9523.192020541712,8823.213456689664
2026-07-08 17:00:00+00:00,62099.45,9523.192020541712,8820.524664246346
2026-07-08 18:00:00+00:00,62188.29,9523.192020541712,8833.143381661263
2026-07-08 19:00:00+00:00,62265.06,9523.192020541712,8844.04769206134
2026-07-08 20:00:00+00:00,62106.42,9523.192020541712,8821.51467393097
2026-07-08 21:00:00+00:00,62227.46,9523.192020541712,8838.707037234677
2026-07-08 22:00:00+00:00,62324.42,9523.192020541712,8852.479108830245
2026-07-08 23:00:00+00:00,62303.49,9523.192020541712,8849.506239002529
2026-07-09 00:00:00+00:00,62108.94,9523.192020541712,8821.87261143531
2026-07-09 01:00:00+00:00,61904.66,9523.192020541712,8792.856947393
2026-07-09 02:00:00+00:00,61787.15,9523.192020541712,8776.165980672755
2026-07-09 03:00:00+00:00,61978.7,9523.192020541712,8803.373492163377
2026-07-09 04:00:00+00:00,62451.91,9523.192020541712,8870.587621698633
2026-07-09 05:00:00+00:00,62564.62,9523.192020541712,8886.596802696326
2026-07-09 06:00:00+00:00,62954.5,9523.192020541712,8941.974848010677
2026-07-09 07:00:00+00:00,62986.77,9523.192020541712,8946.558436607922
2026-07-09 08:00:00+00:00,62885.91,9523.192020541712,8932.232414112783
2026-07-09 09:00:00+00:00,62953.0,9523.192020541712,8941.76178997238
2026-07-09 10:00:00+00:00,62731.74,9523.192020541712,8910.334308936539
2026-07-09 11:00:00+00:00,62787.44,9523.192020541712,8918.245864091996
2026-07-09 12:00:00+00:00,62661.13,9523.192020541712,8900.304956880402
2026-07-09 13:00:00+00:00,63032.37,9523.192020541712,8953.035400972176
2026-07-09 14:00:00+00:00,63019.0,9523.192020541712,8951.136343657481
2026-07-09 15:00:00+00:00,62860.14,9523.192020541712,8928.572077014825
2026-07-09 16:00:00+00:00,62690.64,9523.192020541712,8904.49651868718
2026-07-09 17:00:00+00:00,63085.57,9523.192020541712,8960.591859397135
2026-07-09 18:00:00+00:00,63199.79,9523.192020541712,8976.815518820049
2026-07-09 19:00:00+00:00,63261.09,9523.192020541712,8985.522490651816
2026-07-09 20:00:00+00:00,63310.28,9520.109763677865,8992.50937392106
2026-07-09 21:00:00+00:00,63258.72,9512.356570050933,8985.185858951307
2026-07-09 22:00:00+00:00,63238.25,9509.278449927906,8982.278326922002
2026-07-09 23:00:00+00:00,63290.95,9517.203067929055,8989.763766000864
2026-07-10 00:00:00+00:00,63112.59,9490.382671976777,8964.429744860337
2026-07-10 01:00:00+00:00,63712.0,9580.517307196305,9049.569157351043
2026-07-10 02:00:00+00:00,63977.95,9620.508809234365,9087.344347541235
2026-07-10 03:00:00+00:00,63912.02,9610.594766258733,9077.083517869198
2026-07-10 04:00:00+00:00,64035.16,9629.111606119484,9077.083517869198
2026-07-10 05:00:00+00:00,64089.66,9637.306894185189,9077.083517869198
2026-07-10 06:00:00+00:00,63863.7,9603.328778748,9077.083517869198
2026-07-10 07:00:00+00:00,63981.18,9620.994511627983,9077.083517869198
2026-07-10 08:00:00+00:00,64247.89,9661.100296582188,9077.083517869198
2026-07-10 09:00:00+00:00,64388.44,9682.235117456223,9077.083517869198
2026-07-10 10:00:00+00:00,64415.67,9686.329754043913,9077.083517869198
2026-07-10 11:00:00+00:00,64408.6,9685.266622179242,9077.083517869198
2026-07-10 12:00:00+00:00,64297.87,9668.615902041343,9077.083517869198
2026-07-10 13:00:00+00:00,64526.15,9702.942881117291,9077.083517869198
2026-07-10 14:00:00+00:00,63909.57,9610.22635422642,9077.083517869198
2026-07-10 15:00:00+00:00,64015.43,9626.14476146744,9077.083517869198
2026-07-10 16:00:00+00:00,64130.63,9643.467645598985,9077.083517869198
2026-07-10 17:00:00+00:00,63817.5,9596.381580424413,9077.083517869198
2026-07-10 18:00:00+00:00,63797.41,9593.36060175946,9077.083517869198
2026-07-10 19:00:00+00:00,63929.19,9613.176657930077,9077.083517869198
2026-07-10 20:00:00+00:00,63856.8,9602.291210167206,9077.083517869198
2026-07-10 21:00:00+00:00,64015.57,9626.165813583573,9077.083517869198
2026-07-10 22:00:00+00:00,64125.12,9642.63909445693,9077.083517869198
2026-07-10 23:00:00+00:00,64169.35,9649.290059432089,9077.083517869198
2026-07-11 00:00:00+00:00,64126.69,9642.875178902126,9077.083517869198
2026-07-11 01:00:00+00:00,64020.2,9626.862037138511,9077.083517869198
2026-07-11 02:00:00+00:00,64167.87,9649.067508490121,9077.083517869198
2026-07-11 03:00:00+00:00,64185.88,9651.775712858254,9077.083517869198
2026-07-11 04:00:00+00:00,64158.59,9647.672053935079,9077.083517869198
2026-07-11 05:00:00+00:00,64184.35,9651.545643303383,9077.083517869198
2026-07-11 06:00:00+00:00,64237.61,9659.554469769062,9077.083517869198
2026-07-11 07:00:00+00:00,64171.91,9649.67501241279,9077.083517869198
2026-07-11 08:00:00+00:00,64267.48,9664.046089118101,9077.083517869198
2026-07-11 09:00:00+00:00,64172.78,9649.805836277324,9077.083517869198
2026-07-11 10:00:00+00:00,64179.72,9650.849419748443,9077.083517869198
2026-07-11 11:00:00+00:00,64207.81,9655.073376478089,9077.083517869198
2026-07-11 12:00:00+00:00,64134.89,9644.108231418433,9077.083517869198
2026-07-11 13:00:00+00:00,64255.55,9662.252148079131,9077.083517869198
2026-07-11 14:00:00+00:00,64339.01,9674.802216739015,9077.083517869198
2026-07-11 15:00:00+00:00,64177.8,9650.560705012918,9077.083517869198
2026-07-11 16:00:00+00:00,64172.78,9649.805836277324,9077.083517869198
2026-07-11 17:00:00+00:00,64312.78,9670.857952409411,9077.083517869198
2026-07-11 18:00:00+00:00,64330.11,9673.463903642047,9077.083517869198
2026-07-11 19:00:00+00:00,64294.21,9668.065539576748,9077.083517869198
2026-07-11 20:00:00+00:00,64386.24,9681.904298488433,9077.083517869198
2026-07-11 21:00:00+00:00,64336.48,9674.421774926057,9077.083517869198
2026-07-11 22:00:00+00:00,64215.47,9656.22522797503,9077.083517869198
2026-07-11 23:00:00+00:00,63844.0,9600.3664452637,9077.083517869198
2026-07-12 00:00:00+00:00,63830.87,9598.392057515028,9077.083517869198
2026-07-12 01:00:00+00:00,64128.2,9643.102241011835,9077.083517869198
2026-07-12 02:00:00+00:00,64097.95,9638.553480204724,9077.083517869198
2026-07-12 03:00:00+00:00,64209.84,9655.378632162003,9077.083517869198
2026-07-12 04:00:00+00:00,64023.74,9627.394354932138,9077.083517869198
2026-07-12 05:00:00+00:00,63994.22,9622.95536587343,9077.083517869198
2026-07-12 06:00:00+00:00,63763.46,9588.255463597428,9077.083517869198
2026-07-12 07:00:00+00:00,63882.05,9606.088109683886,9077.083517869198
2026-07-12 08:00:00+00:00,63979.0,9620.666700105356,9077.083517869198
2026-07-12 09:00:00+00:00,63998.0,9612.28686618219,9077.083517869198
2026-07-12 10:00:00+00:00,63861.87,9612.28686618219,9077.083517869198
2026-07-12 11:00:00+00:00,64014.58,9612.28686618219,9077.083517869198
2026-07-12 12:00:00+00:00,64035.84,9612.28686618219,9077.083517869198
2026-07-12 13:00:00+00:00,64024.61,9612.28686618219,9077.083517869198
2026-07-12 14:00:00+00:00,64201.08,9612.28686618219,9077.083517869198
2026-07-12 15:00:00+00:00,64159.73,9612.28686618219,9077.083517869198
2026-07-12 16:00:00+00:00,64148.33,9612.28686618219,9077.083517869198
2026-07-12 17:00:00+00:00,64084.91,9612.28686618219,9077.083517869198
2026-07-12 18:00:00+00:00,64152.97,9612.28686618219,9077.083517869198
2026-07-12 19:00:00+00:00,64243.84,9612.28686618219,9077.083517869198
2026-07-12 20:00:00+00:00,64196.05,9612.28686618219,9077.083517869198
2026-07-12 21:00:00+00:00,63894.21,9612.28686618219,9077.083517869198
2026-07-12 22:00:00+00:00,63899.08,9612.28686618219,9077.083517869198
2026-07-12 23:00:00+00:00,63786.02,9612.28686618219,9077.083517869198
2026-07-13 00:00:00+00:00,64031.84,9612.28686618219,9077.083517869198
2026-07-13 01:00:00+00:00,63393.4,9612.28686618219,9077.083517869198
2026-07-13 02:00:00+00:00,63379.93,9612.28686618219,9077.083517869198
2026-07-13 03:00:00+00:00,62829.5,9612.28686618219,9077.083517869198
2026-07-13 04:00:00+00:00,62670.96,9612.28686618219,9050.66108586056
2026-07-13 05:00:00+00:00,62780.87,9612.28686618219,9066.533798835548
2026-07-13 06:00:00+00:00,62789.52,9612.28686618219,9067.782993333169
2026-07-13 07:00:00+00:00,63011.61,9612.28686618219,9099.856242579053
2026-07-13 08:00:00+00:00,63193.07,9612.28686618219,9126.061888074833
2026-07-13 09:00:00+00:00,63114.59,9612.28686618219,9114.728155800452
2026-07-13 10:00:00+00:00,62910.48,9612.28686618219,9085.25149812304
2026-07-13 11:00:00+00:00,62920.0,9612.28686618219,9086.626334148166
2026-07-13 12:00:00+00:00,62583.7,9612.28686618219,9038.059385067207
2026-07-13 13:00:00+00:00,62320.33,9612.28686618219,9000.024661964464
2026-07-13 14:00:00+00:00,62763.29,9612.28686618219,9063.994973486622
2026-07-13 15:00:00+00:00,62610.89,9612.28686618219,9041.986043840656
2026-07-13 16:00:00+00:00,62258.04,9612.28686618219,8991.029017426095
2026-07-13 17:00:00+00:00,61903.72,9612.28686618219,8939.859700154713
2026-07-13 18:00:00+00:00,62036.63,9612.28686618219,8959.053970753435
2026-07-13 19:00:00+00:00,62260.0,9612.28686618219,8991.312071901857
2026-07-13 20:00:00+00:00,62194.0,9612.28686618219,8981.780645677227
2026-07-13 21:00:00+00:00,62096.97,9612.28686618219,8967.76800497153
2026-07-13 22:00:00+00:00,61925.88,9612.28686618219,8943.059948717408
2026-07-13 23:00:00+00:00,62338.89,9612.28686618219,9002.70501455127
2026-07-14 00:00:00+00:00,62560.92,9612.28686618219,9034.76959886422
2026-07-14 01:00:00+00:00,62546.46,9612.28686618219,9032.681350027733
2026-07-14 02:00:00+00:00,62571.48,9612.28686618219,9036.294627060162
2026-07-14 03:00:00+00:00,62557.0,9612.28686618219,9034.203489912697
2026-07-14 04:00:00+00:00,62754.41,9612.28686618219,9062.712563412764
2026-07-14 05:00:00+00:00,62730.33,9612.28686618219,9059.235036996262
2026-07-14 06:00:00+00:00,62606.04,9612.28686618219,9041.285628428695
2026-07-14 07:00:00+00:00,62529.31,9612.28686618219,9030.204623364818
2026-07-14 08:00:00+00:00,62690.94,9612.28686618219,9053.546508526744
2026-07-14 09:00:00+00:00,62623.53,9612.28686618219,9043.811456378222
2026-07-14 10:00:00+00:00,62835.6,9612.28686618219,9074.437661824548
2026-07-14 11:00:00+00:00,62867.06,9612.28686618219,9078.980974991622
2026-07-14 12:00:00+00:00,63920.57,9612.28686618219,9231.12419986906
2026-07-14 13:00:00+00:00,63829.43,9612.28686618219,9228.986887294002
2026-07-14 14:00:00+00:00,64316.66,9612.28686618219,9228.986887294002
2026-07-14 15:00:00+00:00,64748.17,9612.28686618219,9228.986887294002
2026-07-14 16:00:00+00:00,64735.75,9612.28686618219,9228.986887294002
2026-07-14 17:00:00+00:00,64642.8,9612.28686618219,9228.986887294002
2026-07-14 18:00:00+00:00,64560.61,9592.642907487943,9228.986887294002
2026-07-14 19:00:00+00:00,64571.36,9594.240180364633,9228.986887294002
2026-07-14 20:00:00+00:00,64564.06,9593.155520643717,9228.986887294002
2026-07-14 21:00:00+00:00,64654.55,9606.600843677354,9228.986887294002
2026-07-14 22:00:00+00:00,64866.16,9638.042603066764,9228.986887294002
2026-07-14 23:00:00+00:00,65032.0,9662.683694589565,9228.986887294002
2026-07-15 00:00:00+00:00,64842.86,9634.580606971243,9228.986887294002
2026-07-15 01:00:00+00:00,64655.58,9606.75388470647,9228.986887294002
2026-07-15 02:00:00+00:00,64504.91,9584.366805233843,9228.986887294002
2026-07-15 03:00:00+00:00,64811.45,9629.913598500842,9228.986887294002
2026-07-15 04:00:00+00:00,64756.52,9621.75190555977,9228.986887294002
2026-07-15 05:00:00+00:00,64963.06,9652.440346485477,9228.986887294002
2026-07-15 06:00:00+00:00,64825.55,9632.008626180965,9228.986887294002
2026-07-15 07:00:00+00:00,64561.04,9592.70679840301,9228.986887294002
2026-07-15 08:00:00+00:00,64774.95,9624.49029989627,9228.986887294002
2026-07-15 09:00:00+00:00,64671.09,9609.058415154603,9228.986887294002
2026-07-15 10:00:00+00:00,64656.79,9606.933670769798,9228.986887294002
2026-07-15 11:00:00+00:00,64742.09,9619.607845316921,9228.986887294002
2026-07-15 12:00:00+00:00,65153.62,9680.754422707045,9228.986887294002
2026-07-15 13:00:00+00:00,65092.42,9671.661111074172,9228.986887294002
2026-07-15 14:00:00+00:00,65389.77,9715.842421761006,9228.986887294002
2026-07-15 15:00:00+00:00,65417.49,9719.961157030013,9228.986887294002
2026-07-15 16:00:00+00:00,65118.18,9675.488622637291,9228.986887294002
2026-07-15 17:00:00+00:00,65059.31,9666.74151061397,9228.986887294002
2026-07-15 18:00:00+00:00,64867.01,9638.168899061666,9228.986887294002
2026-07-15 19:00:00+00:00,64983.08,9655.414988624203,9228.986887294002
2026-07-15 20:00:00+00:00,64973.16,9653.941040071948,9228.986887294002
2026-07-15 21:00:00+00:00,64819.22,9631.06809247776,9228.986887294002
2026-07-15 22:00:00+00:00,64864.21,9637.75286519611,9228.986887294002
2026-07-15 23:00:00+00:00,64772.49,9624.124784428675,9228.986887294002
2026-07-16 00:00:00+00:00,64583.11,9595.986036764734,9228.986887294002
2026-07-16 01:00:00+00:00,64731.04,9617.96599738321,9228.986887294002
2026-07-16 02:00:00+00:00,64634.51,9603.623229868159,9228.986887294002
2026-07-16 03:00:00+00:00,64619.95,9601.459853767266,9228.986887294002
2026-07-16 04:00:00+00:00,64632.18,9603.277030258607,9228.986887294002
2026-07-16 05:00:00+00:00,64922.63,9646.433114633892,9228.986887294002
2026-07-16 06:00:00+00:00,64769.09,9623.61960044907,9228.986887294002
2026-07-16 07:00:00+00:00,64195.0,9538.319285492942,9228.986887294002
2026-07-16 08:00:00+00:00,64105.9,9525.08049355685,9228.986887294002
2026-07-16 09:00:00+00:00,64076.07,9520.648247053443,9228.986887294002
2026-07-16 10:00:00+00:00,64221.47,9542.252291357683,9228.986887294002
2026-07-16 11:00:00+00:00,64249.34,9546.3933141552,9228.986887294002
2026-07-16 12:00:00+00:00,63988.32,9507.61004287396,9228.986887294002
2026-07-16 13:00:00+00:00,64376.5,9494.76116233417,9228.986887294002
2026-07-16 14:00:00+00:00,64550.19,9494.76116233417,9228.986887294002
2026-07-16 15:00:00+00:00,64704.7,9494.76116233417,9228.986887294002
2026-07-16 16:00:00+00:00,64491.38,9494.76116233417,9228.986887294002
2026-07-16 17:00:00+00:00,64057.53,9494.76116233417,9228.986887294002
2026-07-16 18:00:00+00:00,64263.67,9494.76116233417,9228.986887294002
2026-07-16 19:00:00+00:00,64266.26,9494.76116233417,9228.986887294002
2026-07-16 20:00:00+00:00,64134.67,9494.76116233417,9228.986887294002
2026-07-16 21:00:00+00:00,64145.45,9494.76116233417,9228.986887294002
2026-07-16 22:00:00+00:00,63964.1,9494.76116233417,9228.986887294002
2026-07-16 23:00:00+00:00,63833.67,9494.76116233417,9228.986887294002
2026-07-17 00:00:00+00:00,63872.95,9494.76116233417,9228.986887294002
2026-07-17 01:00:00+00:00,63542.37,9494.76116233417,9228.986887294002
2026-07-17 02:00:00+00:00,63500.87,9494.76116233417,9228.986887294002
2026-07-17 03:00:00+00:00,63572.04,9494.76116233417,9228.986887294002
2026-07-17 04:00:00+00:00,63512.1,9494.76116233417,9228.986887294002
2026-07-17 05:00:00+00:00,62880.44,9494.76116233417,9228.986887294002
2026-07-17 06:00:00+00:00,62944.17,9494.76116233417,9239.033647265058
2026-07-17 07:00:00+00:00,62842.54,9494.76116233417,9224.116253174843
2026-07-17 08:00:00+00:00,62920.0,9494.76116233417,9235.485940729975
2026-07-17 09:00:00+00:00,62990.73,9494.76116233417,9245.867789436075
2026-07-17 10:00:00+00:00,63194.24,9494.76116233417,9275.73927296751
2026-07-17 11:00:00+00:00,63328.18,9494.76116233417,9295.399174221506
2026-07-17 12:00:00+00:00,63083.89,9494.76116233417,9259.54194503427
2026-07-17 13:00:00+00:00,63129.28,9494.76116233417,9266.204352962588
2026-07-17 14:00:00+00:00,63201.73,9494.76116233417,9276.838665683597
2026-07-17 15:00:00+00:00,63420.78,9494.76116233417,9308.991132233452
2026-07-17 16:00:00+00:00,63589.25,9494.76116233417,9333.719395368144
2026-07-17 17:00:00+00:00,64073.73,9494.76116233417,9404.832049986147
2026-07-17 18:00:00+00:00,64262.03,9494.76116233417,9432.47098836249
2026-07-17 19:00:00+00:00,64148.15,9494.76116233417,9415.75552207307
2026-07-17 20:00:00+00:00,64140.65,9494.76116233417,9414.654661542945
2026-07-17 21:00:00+00:00,64086.42,9494.76116233417,9406.69470600312
2026-07-17 22:00:00+00:00,63992.62,9494.76116233417,9392.926610306355
2026-07-17 23:00:00+00:00,63953.71,9494.76116233417,9387.215345876064
2026-07-18 00:00:00+00:00,63897.53,9494.76116233417,9378.969166598406
2026-07-18 01:00:00+00:00,63977.66,9494.76116233417,9390.730760502265
2026-07-18 02:00:00+00:00,63966.61,9494.76116233417,9389.10882598788
2026-07-18 03:00:00+00:00,64011.97,9494.76116233417,9395.766830474078
2026-07-18 04:00:00+00:00,63969.24,9494.76116233417,9389.494861080444
2026-07-18 05:00:00+00:00,63949.66,9494.76116233417,9386.620881189798
2026-07-18 06:00:00+00:00,63977.2,9494.76116233417,9390.663241056416
2026-07-18 07:00:00+00:00,64022.96,9494.76116233417,9397.37995810422
2026-07-18 08:00:00+00:00,64013.19,9494.76116233417,9395.945903786978
2026-07-18 09:00:00+00:00,63982.73,9484.466524496089,9391.47494222063
2026-07-18 10:00:00+00:00,64003.72,9487.577972731404,9394.55588389094
2026-07-18 11:00:00+00:00,64069.13,9497.274010324161,9404.15685552767
2026-07-18 12:00:00+00:00,64230.11,9521.13684676633,9427.785725946278
2026-07-18 13:00:00+00:00,64104.87,9502.571921707211,9409.402822907228
2026-07-18 14:00:00+00:00,64122.01,9505.112666002271,9411.918656172074
2026-07-18 15:00:00+00:00,64115.07,9504.083916561913,9410.899993228197
2026-07-18 16:00:00+00:00,64283.9,9529.110396103044,9435.681097668335
2026-07-18 17:00:00+00:00,64482.65,9558.572060551303,9464.853901716651
2026-07-18 18:00:00+00:00,64530.6,9565.679918716305,9471.892070039252
2026-07-18 19:00:00+00:00,64565.3,9570.82366591809,9460.255850939448
2026-07-18 20:00:00+00:00,64672.92,9586.776693983104,9460.255850939448
2026-07-18 21:00:00+00:00,64752.5,9598.573218545582,9460.255850939448
2026-07-18 22:00:00+00:00,64820.69,9608.68134885364,9460.255850939448
2026-07-18 23:00:00+00:00,64839.54,9611.47557463905,9460.255850939448
2026-07-19 00:00:00+00:00,64772.36,9601.517161468562,9460.255850939448
2026-07-19 01:00:00+00:00,64772.55,9601.545326078602,9460.255850939448
2026-07-19 02:00:00+00:00,64822.33,9608.924453908712,9460.255850939448
2026-07-19 03:00:00+00:00,64713.91,9592.852838011955,9460.255850939448
2026-07-19 04:00:00+00:00,64711.56,9592.504486256214,9460.255850939448
2026-07-19 05:00:00+00:00,64728.84,9595.06598342183,9460.255850939448
2026-07-19 06:00:00+00:00,64725.06,9594.505655916852,9460.255850939448
2026-07-19 07:00:00+00:00,64688.66,9589.109909572617,9460.255850939448
2026-07-19 08:00:00+00:00,64732.25,9595.571464054627,9460.255850939448
2026-07-19 09:00:00+00:00,64524.8,9564.820156936179,9460.255850939448
2026-07-19 10:00:00+00:00,64673.41,9586.849329030047,9460.255850939448
2026-07-19 11:00:00+00:00,64446.52,9553.21633760028,9460.255850939448
2026-07-19 12:00:00+00:00,64455.03,9554.47781566043,9460.255850939448
2026-07-19 13:00:00+00:00,64477.91,9557.869427648237,9460.255850939448
2026-07-19 14:00:00+00:00,64610.79,9577.566866500485,9460.255850939448
2026-07-19 15:00:00+00:00,64568.53,9571.302464288745,9460.255850939448
2026-07-19 16:00:00+00:00,64545.73,9567.922711084115,9460.255850939448
2026-07-19 17:00:00+00:00,64565.83,9570.902230356618,9460.255850939448
2026-07-19 18:00:00+00:00,64400.41,9546.381231448286,9460.255850939448
2026-07-19 19:00:00+00:00,64446.09,9553.152596640719,9460.255850939448
2026-07-19 20:00:00+00:00,64523.74,9564.663028059122,9460.255850939448
2026-07-19 21:00:00+00:00,64400.92,9546.45683119102,9460.255850939448
2026-07-19 22:00:00+00:00,64689.9,9589.293720711816,9460.255850939448
2026-07-19 23:00:00+00:00,64704.25,9591.420889943678,9460.255850939448
2026-07-20 00:00:00+00:00,64577.02,9572.5609776531,9460.255850939448
2026-07-20 01:00:00+00:00,64635.12,9581.173418933322,9460.255850939448
2026-07-20 02:00:00+00:00,64844.56,9612.219713283226,9460.255850939448
2026-07-20 03:00:00+00:00,64877.56,9617.11146134256,9460.255850939448
2026-07-20 04:00:00+00:00,64555.0,9569.296847584417,9460.255850939448
2026-07-20 05:00:00+00:00,64125.08,9505.567746806579,9460.255850939448
2026-07-20 06:00:00+00:00,63926.61,9476.147588099428,9460.255850939448
2026-07-20 07:00:00+00:00,64259.57,9525.503843670207,9460.255850939448
2026-07-20 08:00:00+00:00,64035.29,9492.2577450415,9460.255850939448
2026-07-20 09:00:00+00:00,64212.71,9518.557561425954,9460.255850939448
2026-07-20 10:00:00+00:00,64302.11,9508.653978821822,9460.255850939448
2026-07-20 11:00:00+00:00,65038.2,9508.653978821822,9460.255850939448
2026-07-20 12:00:00+00:00,64636.0,9508.653978821822,9460.255850939448
2026-07-20 13:00:00+00:00,64304.18,9508.653978821822,9460.255850939448
2026-07-20 14:00:00+00:00,64414.66,9508.653978821822,9460.255850939448
2026-07-20 15:00:00+00:00,65592.35,9508.653978821822,9460.255850939448
2026-07-20 16:00:00+00:00,65482.94,9508.653978821822,9460.255850939448
2026-07-20 17:00:00+00:00,65591.99,9508.653978821822,9460.255850939448
2026-07-20 18:00:00+00:00,65204.02,9440.1704265103,9460.255850939448
2026-07-20 19:00:00+00:00,65149.73,9432.31037658615,9460.255850939448
2026-07-20 20:00:00+00:00,65368.62,9464.001043889468,9460.255850939448
2026-07-20 21:00:00+00:00,65305.71,9454.892999300624,9460.255850939448
2026-07-20 22:00:00+00:00,65137.15,9430.489057226308,9460.255850939448
2026-07-20 23:00:00+00:00,65261.05,9448.427170794224,9460.255850939448
2026-07-21 00:00:00+00:00,65559.26,9491.601705476129,9460.255850939448
2026-07-21 01:00:00+00:00,65242.3,9445.712565230073,9460.255850939448
2026-07-21 02:00:00+00:00,65413.42,9470.487141450747,9460.255850939448
2026-07-21 03:00:00+00:00,65575.5,9493.952915842094,9460.255850939448
2026-07-21 04:00:00+00:00,65532.23,9487.688330094848,9460.255850939448
2026-07-21 05:00:00+00:00,65756.4,9520.14343032503,9460.255850939448
2026-07-21 06:00:00+00:00,65931.56,9545.502913557928,9460.255850939448
2026-07-21 07:00:00+00:00,66198.75,9584.1864047945,9460.255850939448
2026-07-21 08:00:00+00:00,66263.79,9593.60282857543,9460.255850939448
2026-07-21 09:00:00+00:00,66283.87,9596.509990160932,9460.255850939448
2026-07-21 10:00:00+00:00,66200.07,9584.377513026218,9460.255850939448
2026-07-21 11:00:00+00:00,66329.16,9603.06702941429,9460.255850939448
2026-07-21 12:00:00+00:00,66559.35,9636.39369900427,9460.255850939448
2026-07-21 13:00:00+00:00,66777.41,9667.964199767946,9460.255850939448
2026-07-21 14:00:00+00:00,66861.53,9680.143006170956,9460.255850939448
2026-07-21 15:00:00+00:00,66697.33,9656.370300377159,9460.255850939448
2026-07-21 16:00:00+00:00,66554.97,9635.759567144483,9460.255850939448
2026-07-21 17:00:00+00:00,66196.29,9583.830248544482,9460.255850939448
2026-07-21 18:00:00+00:00,66302.62,9599.224595725083,9460.255850939448
2026-07-21 19:00:00+00:00,66427.8,9617.34802636618,9460.255850939448
2026-07-21 20:00:00+00:00,66401.61,9613.556265314171,9460.255850939448
2026-07-21 21:00:00+00:00,66360.23,9607.565311807792,9460.255850939448
2026-07-21 22:00:00+00:00,66304.39,9599.48085449034,9460.255850939448
2026-07-21 23:00:00+00:00,66559.92,9636.476223013418,9460.255850939448
2026-07-22 00:00:00+00:00,66657.87,9650.657322480547,9460.255850939448
2026-07-22 01:00:00+00:00,66393.38,9612.364734445215,9460.255850939448
2026-07-22 02:00:00+00:00,66310.46,9600.35966279831,9460.255850939448
2026-07-22 03:00:00+00:00,66188.54,9582.708211577967,9460.255850939448
2026-07-22 04:00:00+00:00,66387.28,9611.481582768343,9460.255850939448
2026-07-22 05:00:00+00:00,65980.68,9552.614456241188,9460.255850939448
2026-07-22 06:00:00+00:00,65938.8,9546.5511132531,9460.255850939448
2026-07-22 07:00:00+00:00,65848.14,9533.425452429312,9460.255850939448
2026-07-22 08:00:00+00:00,65991.79,9554.2229505248,9460.255850939448
2026-07-22 09:00:00+00:00,65941.22,9546.90147834458,9460.255850939448
2026-07-22 10:00:00+00:00,66086.05,9567.869815616905,9460.255850939448
2026-07-22 11:00:00+00:00,66033.22,9560.221142979351,9460.255850939448
2026-07-22 12:00:00+00:00,65653.67,9505.270287412746,9460.255850939448
2026-07-22 13:00:00+00:00,65934.34,9545.905399076239,9460.255850939448
2026-07-22 14:00:00+00:00,65729.81,9516.293757687654,9460.255850939448
2026-07-22 15:00:00+00:00,66019.92,9558.295582765846,9460.255850939448
2026-07-22 16:00:00+00:00,66219.08,9587.129761120857,9460.255850939448
2026-07-22 17:00:00+00:00,66055.27,9563.413519122794,9460.255850939448
2026-07-22 18:00:00+00:00,65894.0,9540.065015691818,9460.255850939448
2026-07-22 19:00:00+00:00,65928.75,9545.096084670713,9460.255850939448
2026-07-22 20:00:00+00:00,65926.26,9544.735585051794,9460.255850939448
2026-07-22 21:00:00+00:00,66046.89,9534.726573734633,9460.255850939448
2026-07-22 22:00:00+00:00,66044.37,9534.726573734633,9460.255850939448
2026-07-22 23:00:00+00:00,66086.59,9534.726573734633,9460.255850939448
2026-07-23 00:00:00+00:00,66063.13,9534.726573734633,9460.255850939448
2026-07-23 01:00:00+00:00,65816.49,9534.726573734633,9460.255850939448
2026-07-23 02:00:00+00:00,65813.92,9534.726573734633,9460.255850939448
2026-07-23 03:00:00+00:00,65654.17,9534.726573734633,9460.255850939448
2026-07-23 04:00:00+00:00,65606.45,9534.726573734633,9460.255850939448
2026-07-23 05:00:00+00:00,65683.0,9534.726573734633,9460.255850939448
2026-07-23 06:00:00+00:00,65792.56,9534.726573734633,9460.255850939448
2026-07-23 07:00:00+00:00,65451.27,9534.726573734633,9460.255850939448
2026-07-23 08:00:00+00:00,65654.94,9534.726573734633,9460.255850939448
2026-07-23 09:00:00+00:00,65630.69,9534.726573734633,9460.255850939448
2026-07-23 10:00:00+00:00,65731.48,9534.726573734633,9460.255850939448
2026-07-23 11:00:00+00:00,65594.93,9534.726573734633,9460.255850939448
2026-07-23 12:00:00+00:00,65143.84,9534.726573734633,9460.255850939448
2026-07-23 13:00:00+00:00,64903.73,9534.726573734633,9460.255850939448
2026-07-23 14:00:00+00:00,64912.27,9534.726573734633,9460.255850939448
2026-07-23 15:00:00+00:00,64958.99,9534.726573734633,9460.255850939448
2026-07-23 16:00:00+00:00,64766.48,9534.726573734633,9460.255850939448
2026-07-23 17:00:00+00:00,64677.78,9534.726573734633,9441.15191036799
2026-07-23 18:00:00+00:00,64861.59,9534.726573734633,9467.983043604854
2026-07-23 19:00:00+00:00,64870.89,9534.726573734633,9469.340584212563
2026-07-23 20:00:00+00:00,65146.26,9534.726573734633,9509.53692369048
2026-07-23 21:00:00+00:00,65145.52,9534.726573734633,9509.428904330296
2026-07-23 22:00:00+00:00,65189.01,9534.726573734633,9515.777231322689
2026-07-23 23:00:00+00:00,65096.15,9534.726573734633,9502.222261340776
2026-07-24 00:00:00+00:00,64962.22,9534.726573734633,9482.672216868692
2026-07-24 01:00:00+00:00,65089.72,9534.726573734633,9501.283660684048
2026-07-24 02:00:00+00:00,65123.78,9534.726573734633,9506.255470694643
2026-07-24 03:00:00+00:00,65458.08,9534.726573734633,9555.053946517965
2026-07-24 04:00:00+00:00,65290.46,9534.726573734633,9530.586101715377
2026-07-24 05:00:00+00:00,65309.4,9534.726573734633,9533.350813447634
2026-07-24 06:00:00+00:00,65488.42,9534.726573734633,9559.482740285477
2026-07-24 07:00:00+00:00,65497.71,9534.726573734633,9560.838821172101
2026-07-24 08:00:00+00:00,65307.49,9534.726573734633,9533.072006720675
2026-07-24 09:00:00+00:00,65096.29,9534.726573734633,9502.242697435944
2026-07-24 10:00:00+00:00,64917.24,9534.726573734633,9476.10639143485
2026-07-24 11:00:00+00:00,65076.92,9534.726573734633,9499.415217697095
2026-07-24 12:00:00+00:00,64786.13,9534.726573734633,9456.967988308332
2026-07-24 13:00:00+00:00,64143.7,9534.726573734633,9363.191126737362
2026-07-24 14:00:00+00:00,64052.34,9534.726573734633,9349.855114917982
2026-07-24 15:00:00+00:00,64118.48,9534.726573734633,9359.50971016463
2026-07-24 16:00:00+00:00,63995.41,9534.726573734633,9341.544922789291
2026-07-24 17:00:00+00:00,64180.7,9534.726573734633,9368.592094746522
2026-07-24 18:00:00+00:00,64272.08,9534.726573734633,9381.93102600807
2026-07-24 19:00:00+00:00,64209.48,9534.726573734633,9372.793172025002
2026-07-24 20:00:00+00:00,64164.24,9534.726573734633,9366.189393842988
2026-07-24 21:00:00+00:00,64134.9,9534.726573734633,9361.90657218383
2026-07-24 22:00:00+00:00,64173.29,9534.726573734633,9367.510441423607
2026-07-24 23:00:00+00:00,64156.9,9534.726573734633,9365.117958567656
2026-07-25 00:00:00+00:00,64067.02,9534.726573734633,9351.997985468643
2026-07-25 01:00:00+00:00,64120.8,9534.726573734633,9359.848365456015
2026-07-25 02:00:00+00:00,64033.7,9534.726573734633,9347.13419481823
2026-07-25 03:00:00+00:00,64083.74,9534.726573734633,9354.438639120352
2026-07-25 04:00:00+00:00,64152.13,9534.726573734633,9364.4216716108
2026-07-25 05:00:00+00:00,64016.37,9534.726573734633,9344.604498180426
2026-07-25 06:00:00+00:00,63979.35,9534.726573734633,9339.200610729096
2026-07-25 07:00:00+00:00,64021.99,9534.726573734633,9345.424861429385
2026-07-25 08:00:00+00:00,63870.63,9534.726573734633,9323.330523108662
2026-07-25 09:00:00+00:00,63984.13,9534.726573734633,9339.898357407037
2026-07-25 10:00:00+00:00,64043.11,9534.726573734633,9348.50779235786
2026-07-25 11:00:00+00:00,64062.22,9534.726573734633,9351.297319348536
2026-07-25 12:00:00+00:00,64118.5,9534.726573734633,9359.512629606797
2026-07-25 13:00:00+00:00,64173.7,9534.726573734633,9367.570289988033
2026-07-25 14:00:00+00:00,64213.13,9534.726573734633,9373.3259702205
2026-07-25 15:00:00+00:00,64195.84,9534.726573734633,9370.802112467029
2026-07-25 16:00:00+00:00,64212.73,9534.726573734633,9373.267581377158
2026-07-25 17:00:00+00:00,64265.56,9534.726573734633,9380.97928786159
2026-07-25 18:00:00+00:00,64425.56,9534.726573734633,9404.334825198506
2026-07-25 19:00:00+00:00,64405.43,9534.726573734633,9401.396406657306
2026-07-25 20:00:00+00:00,64341.68,9534.726573734633,9392.090684749628
2026-07-25 21:00:00+00:00,64349.28,9534.726573734633,9393.200072773132
2026-07-25 22:00:00+00:00,64420.0,9534.726573734633,9403.523220276049
2026-07-25 23:00:00+00:00,64362.82,9534.726573734633,9395.176535120268
2026-07-26 00:00:00+00:00,64490.94,9534.726573734633,9413.878481642805
2026-07-26 01:00:00+00:00,64492.73,9534.726573734633,9414.139771716762
2026-07-26 02:00:00+00:00,64526.39,9534.726573734633,9419.053192884016
2026-07-26 03:00:00+00:00,64539.42,9534.726573734633,9420.95520945589
2026-07-26 04:00:00+00:00,64559.09,9534.726573734633,9423.826480827247
2026-07-26 05:00:00+00:00,64453.73,9534.726573734633,9408.446859490889
2026-07-26 06:00:00+00:00,64463.45,9534.726573734633,9409.865708384104
2026-07-26 07:00:00+00:00,64375.12,9534.726573734633,9396.971992053044
2026-07-26 08:00:00+00:00,64471.0,9538.195427121218,9410.967797802192
2026-07-26 09:00:00+00:00,64543.74,9548.956984028491,9421.585808963986
2026-07-26 10:00:00+00:00,64536.12,9547.829639188878,9420.473501498316
2026-07-26 11:00:00+00:00,64513.33,9544.45796085623,9417.14679714889
2026-07-26 12:00:00+00:00,64477.79,9539.199977181714,9411.958948417927
2026-07-26 13:00:00+00:00,64528.16,9546.651992873483,9419.311563515805
2026-07-26 14:00:00+00:00,64704.38,9572.722951880902,9445.03476845025
2026-07-26 15:00:00+00:00,64771.66,9582.676726265303,9454.855771900426
2026-07-26 16:00:00+00:00,64735.0,9577.253043611734,9449.504434408103
2026-07-26 17:00:00+00:00,64698.81,9571.898895351158,9444.22170380671
2026-07-26 18:00:00+00:00,64736.91,9577.535619549222,9449.783241135063
2026-07-26 19:00:00+00:00,64703.13,9572.538019984639,9444.852303314807
2026-07-26 20:00:00+00:00,64653.3,9565.165894872056,9437.57851315544
2026-07-26 21:00:00+00:00,64862.16,9596.065795554665,9468.066247706618
2026-07-26 22:00:00+00:00,65406.99,9676.670951586964,9547.59623150207
2026-07-26 23:00:00+00:00,65354.23,9668.865346109544,9540.674963984382
2026-07-27 00:00:00+00:00,65100.89,9631.384828830349,9540.674963984382
2026-07-27 01:00:00+00:00,65203.94,9646.63061435818,9540.674963984382
2026-07-27 02:00:00+00:00,65187.46,9644.192472237864,9540.674963984382
2026-07-27 03:00:00+00:00,65270.04,9656.409813032511,9540.674963984382
2026-07-27 04:00:00+00:00,65284.82,9658.59644777391,9540.674963984382
2026-07-27 05:00:00+00:00,65475.4,9686.791904405587,9540.674963984382
2026-07-27 06:00:00+00:00,65432.92,9680.507178843021,9540.674963984382
2026-07-27 07:00:00+00:00,65285.59,9658.710365822008,9540.674963984382
2026-07-27 08:00:00+00:00,65177.7,9642.74852399185,9540.674963984382
2026-07-27 09:00:00+00:00,65272.76,9656.812224838777,9540.674963984382
2026-07-27 10:00:00+00:00,65327.06,9664.845666412393,9540.674963984382
2026-07-27 11:00:00+00:00,65109.73,9632.692667200714,9540.674963984382
2026-07-27 12:00:00+00:00,65072.35,9627.162463774897,9540.674963984382
2026-07-27 13:00:00+00:00,65203.03,9646.495983937702,9540.674963984382
2026-07-27 14:00:00+00:00,64675.31,9568.422175701435,9540.674963984382
2026-07-27 15:00:00+00:00,64558.39,9551.124385852681,9540.674963984382
2026-07-27 16:00:00+00:00,64925.56,9605.445541333069,9540.674963984382
2026-07-27 17:00:00+00:00,65029.2,9620.778614715935,9540.674963984382
2026-07-27 18:00:00+00:00,64880.97,9598.848650729615,9540.674963984382
2026-07-27 19:00:00+00:00,64975.07,9612.77032388021,9540.674963984382
2026-07-27 20:00:00+00:00,64964.5,9611.20653976542,9540.674963984382
2026-07-27 21:00:00+00:00,64844.55,9593.460475000127,9540.674963984382
2026-07-27 22:00:00+00:00,63800.0,9438.923985207826,9540.674963984382
2026-07-27 23:00:00+00:00,63759.28,9432.899643755198,9525.060619907836
2026-07-28 00:00:00+00:00,63549.99,9401.936126500274,9493.794584012505
2026-07-28 01:00:00+00:00,63225.05,9353.862710203199,9445.251482556014
2026-07-28 02:00:00+00:00,63207.04,9342.099747077667,9442.560951204898
2026-07-28 03:00:00+00:00,63295.83,9342.099747077667,9455.825375339575
2026-07-28 04:00:00+00:00,63311.4,9342.099747077667,9458.151392726408
2026-07-28 05:00:00+00:00,63484.96,9342.099747077667,9484.07968930051
2026-07-28 06:00:00+00:00,63626.94,9342.099747077667,9505.290219074599
2026-07-28 07:00:00+00:00,63517.84,9342.099747077667,9488.99166436018
2026-07-28 08:00:00+00:00,63502.38,9342.099747077667,9486.682079979933
2026-07-28 09:00:00+00:00,63372.88,9342.099747077667,9467.335949498565
2026-07-28 10:00:00+00:00,63479.58,9342.099747077667,9483.275965887462
2026-07-28 11:00:00+00:00,63460.72,9342.099747077667,9480.458452212722
2026-07-28 12:00:00+00:00,63549.21,9342.099747077667,9493.678059056709
2026-07-28 13:00:00+00:00,63089.78,9342.099747077667,9425.0433661837
2026-07-28 14:00:00+00:00,63402.55,9342.099747077667,9471.76837954785
2026-07-28 15:00:00+00:00,63916.86,9342.099747077667,9548.601648797829
2026-07-28 16:00:00+00:00,64035.8,9342.099747077667,9566.370210646894
2026-07-28 17:00:00+00:00,63638.76,9342.099747077667,9507.056020327802
2026-07-28 18:00:00+00:00,63741.39,9342.099747077667,9522.388015472998
2026-07-28 19:00:00+00:00,63865.0,9342.099747077667,9540.854233147144
2026-07-28 20:00:00+00:00,63922.75,9342.099747077667,9549.481561605051
2026-07-28 21:00:00+00:00,63962.42,9342.099747077667,9555.407901344013
2026-07-28 22:00:00+00:00,63798.52,9342.099747077667,9530.922721530143
2026-07-28 23:00:00+00:00,63938.65,9342.099747077667,9551.856878011644
2026-07-29 00:00:00+00:00,63953.83,9342.099747077667,9554.124632920579
2026-07-29 01:00:00+00:00,63710.52,9342.099747077667,9517.776316260952
2026-07-29 02:00:00+00:00,63960.87,9342.099747077667,9555.176345342114
2026-07-29 03:00:00+00:00,63754.86,9342.099747077667,9524.400311824997
2026-07-29 04:00:00+00:00,63943.0,9342.099747077667,9552.506728726654
2026-07-29 05:00:00+00:00,64064.79,9342.099747077667,9570.701054837278
2026-07-29 06:00:00+00:00,64433.2,9342.099747077667,9625.738181714813
2026-07-29 07:00:00+00:00,64557.94,9342.099747077667,9644.373211183893
2026-07-29 08:00:00+00:00,64415.76,9342.099747077667,9623.132803216009
2026-07-29 09:00:00+00:00,64716.84,9342.099747077667,9668.111436152922
2026-07-29 10:00:00+00:00,64483.69,9342.099747077667,9633.280931738012
2026-07-29 11:00:00+00:00,64482.68,9342.099747077667,9633.130046859353
2026-07-29 12:00:00+00:00,64285.28,9342.099747077667,9603.640269585052
2026-07-29 13:00:00+00:00,64665.8,9390.114728205694,9660.486521096791
2026-07-29 14:00:00+00:00,64101.22,9308.132119574077,9576.143367836785
2026-07-29 15:00:00+00:00,63977.93,9290.229190284706,9557.72495527271
2026-07-29 16:00:00+00:00,63804.05,9264.980091859568,9531.748853588539
2026-07-29 17:00:00+00:00,64280.41,9334.152282599156,9602.912735566179
2026-07-29 18:00:00+00:00,64478.21,9362.87480197167,9632.462269228066
2026-07-29 19:00:00+00:00,63598.99,9235.203348570752,9501.114741491941
2026-07-29 20:00:00+00:00,63492.12,9219.684765935057,9485.149328638321
2026-07-29 21:00:00+00:00,63835.77,9269.586150072388,9536.487535124204
2026-07-29 22:00:00+00:00,63929.6,9283.211195536105,9550.504889742482
2026-07-29 23:00:00+00:00,63981.89,9290.80422151178,9558.316543509824
2026-07-30 00:00:00+00:00,63652.04,9242.906734074857,9509.039932395699
2026-07-30 01:00:00+00:00,64252.29,9330.06898004731,9598.711861518796
2026-07-30 02:00:00+00:00,64170.03,9318.124013194009,9586.422960411479
2026-07-30 03:00:00+00:00,64172.4,9318.468160670818,9586.777017007935
2026-07-30 04:00:00+00:00,64056.53,9301.642688882683,9569.467085433602
2026-07-30 05:00:00+00:00,64028.7,9297.601497203526,9565.309534767219
2026-07-30 06:00:00+00:00,63994.72,9292.667264603537,9560.233229641684
2026-07-30 07:00:00+00:00,64005.92,9294.293615548795,9561.906408494126
2026-07-30 08:00:00+00:00,64308.68,9338.257366636875,9607.136018258905
2026-07-30 09:00:00+00:00,64563.93,9375.32219509913,9645.268063088011
2026-07-30 10:00:00+00:00,64577.3,9377.263651540034,9647.265420343114
2026-07-30 11:00:00+00:00,64829.57,9413.895754482925,9684.952280084695
2026-07-30 12:00:00+00:00,64908.55,9425.364432845116,9696.751178813794
2026-07-30 13:00:00+00:00,65042.61,9444.831272820236,9716.778532113656
2026-07-30 14:00:00+00:00,64687.22,9393.2251243885,9663.686475652086
2026-07-30 15:00:00+00:00,64733.03,9399.877190174419,9670.530075940515
2026-07-30 16:00:00+00:00,64840.3,9415.453856772445,9686.555245181722
2026-07-30 17:00:00+00:00,64868.43,9419.538611423348,9690.757613138794
2026-07-30 18:00:00+00:00,64689.91,9393.615739035175,9664.088337358611
2026-07-30 19:00:00+00:00,64816.29,9411.967366933546,9682.968368016798
2026-07-30 20:00:00+00:00,64775.34,9406.021021289944,9676.850807837554
2026-07-30 21:00:00+00:00,64739.09,9400.757162203729,9671.43538521246
2026-07-30 22:00:00+00:00,64837.8,9415.090832007878,9686.181767759303
2026-07-30 23:00:00+00:00,64786.73,9407.674962117311,9678.552370974103
2026-07-31 00:00:00+00:00,64711.82,9396.797288071835,9667.361493488701
2026-07-31 01:00:00+00:00,64569.41,9376.117945383061,9646.086725597957
2026-07-31 02:00:00+00:00,64281.07,9334.248121137001,9603.011333605697
2026-07-31 03:00:00+00:00,64369.77,9347.128239783826,9616.262312553166
2026-07-31 04:00:00+00:00,64314.4,9339.087967298205,9607.990534601404
2026-07-31 05:00:00+00:00,64361.57,9345.937518556048,9615.037306607628
2026-07-31 06:00:00+00:00,64251.13,9329.90053655655,9598.538567994792
2026-07-31 07:00:00+00:00,63978.82,9290.358427100893,9557.857913235091
2026-07-31 08:00:00+00:00,63844.97,9270.922081205994,9537.861932038712
2026-07-31 09:00:00+00:00,63701.65,9250.110597502917,9516.451218366205
2026-07-31 10:00:00+00:00,63936.51,9284.214595985368,9551.537181338052
2026-07-31 11:00:00+00:00,63817.58,9266.944781885402,9533.770113398676
2026-07-31 12:00:00+00:00,63764.81,9259.282055154928,9525.886751966229
2026-07-31 13:00:00+00:00,63272.19,9187.7487513466,9452.293772833169
2026-07-31 14:00:00+00:00,62731.11,9109.17857550191,9371.461307343914
2026-07-31 15:00:00+00:00,62730.25,9085.13063454048,9371.332831110602
2026-07-31 16:00:00+00:00,62878.49,9085.13063454048,9393.478548350431
2026-07-31 17:00:00+00:00,63238.97,9085.13063454048,9447.331004844049
2026-07-31 18:00:00+00:00,63101.78,9085.13063454048,9426.836057811317
2026-07-31 19:00:00+00:00,62969.95,9085.13063454048,9407.141846372253
2026-07-31 20:00:00+00:00,62965.4,9085.13063454048,9406.462117463449
2026-07-31 21:00:00+00:00,62948.68,9085.13063454048,9403.964300462301
2026-07-31 22:00:00+00:00,62930.08,9085.13063454048,9401.185628439496
2026-07-31 23:00:00+00:00,62868.96,9085.13063454048,9392.054852416166
2026-08-01 00:00:00+00:00,62930.43,9085.13063454048,9401.237915278634
2026-08-01 01:00:00+00:00,62965.55,9085.13063454048,9406.484526108794
2026-08-01 02:00:00+00:00,63066.57,9085.13063454048,9421.57600179395
2026-08-01 03:00:00+00:00,63006.54,9085.13063454048,9412.608061926796
2026-08-01 04:00:00+00:00,63101.07,9085.13063454048,9426.729990223348
2026-08-01 05:00:00+00:00,63009.71,9085.13063454048,9413.081631298424
2026-08-01 06:00:00+00:00,63081.05,9085.13063454048,9423.739183024609
2026-08-01 07:00:00+00:00,63059.03,9085.13063454048,9420.44959388793
2026-08-01 08:00:00+00:00,63148.44,9085.13063454048,9433.806640423369
2026-08-01 09:00:00+00:00,63071.4,9085.13063454048,9422.297560174065
2026-08-01 10:00:00+00:00,63050.59,9085.13063454048,9419.188734109839
2026-08-01 11:00:00+00:00,63080.63,9085.13063454048,9423.676438817642
2026-08-01 12:00:00+00:00,63104.8,9085.13063454048,9427.2872185376
2026-08-01 13:00:00+00:00,63070.3,9085.13063454048,9422.133230108202
2026-08-01 14:00:00+00:00,63099.7,9085.13063454048,9426.525324595863
2026-08-01 15:00:00+00:00,63009.14,9085.13063454048,9412.996478446112
2026-08-01 16:00:00+00:00,62918.81,9085.13063454048,9399.501992219224
2026-08-01 17:00:00+00:00,62712.45,9085.13063454048,9368.673671862969
2026-08-01 18:00:00+00:00,62556.38,9085.13063454048,9345.35822333612
2026-08-01 19:00:00+00:00,62536.91,9085.13063454048,9342.449581170311
2026-08-01 20:00:00+00:00,62662.46,9085.13063454048,9361.205617324254
2026-08-01 21:00:00+00:00,62818.24,9085.13063454048,9384.477742470104
2026-08-01 22:00:00+00:00,62835.54,9085.13063454048,9387.062206233251
2026-08-01 23:00:00+00:00,62821.06,9085.13063454048,9384.899025002593
2026-08-02 00:00:00+00:00,62838.73,9085.13063454048,9387.53876342426
2026-08-02 01:00:00+00:00,62994.13,9085.13063454048,9410.7541200019
2026-08-02 02:00:00+00:00,63449.67,9085.13063454048,9478.807682005625
2026-08-02 03:00:00+00:00,63443.43,9085.13063454048,9477.875482359264
2026-08-02 04:00:00+00:00,63601.58,9085.13063454048,9501.501664101568
2026-08-02 05:00:00+00:00,63415.39,9085.13063454048,9473.6865595894
2026-08-02 06:00:00+00:00,63484.38,9085.13063454048,9483.993042538508
2026-08-02 07:00:00+00:00,63482.96,9085.13063454048,9483.780907362574
2026-08-02 08:00:00+00:00,63184.0,9085.13063454048,9439.118983279874
2026-08-02 09:00:00+00:00,63265.1,9085.13063454048,9451.234590863185
2026-08-02 10:00:00+00:00,63200.52,9085.13063454048,9441.586922087225
2026-08-02 11:00:00+00:00,62983.46,9085.13063454048,9409.160118363012
2026-08-02 12:00:00+00:00,63117.06,9085.13063454048,9429.118751817148
2026-08-02 13:00:00+00:00,63118.81,9075.485194679475,9429.380186012842
2026-08-02 14:00:00+00:00,63067.41,9068.094688758873,9421.701490207883
2026-08-02 15:00:00+00:00,63124.33,9076.278883253051,9430.204824161547
2026-08-02 16:00:00+00:00,63193.0,9086.152541649313,9440.463502000586
2026-08-02 17:00:00+00:00,63304.1,9102.126962034123,9457.06083865294
2026-08-02 18:00:00+00:00,63380.44,9113.103444952001,9468.465345223965
2026-08-02 19:00:00+00:00,63454.82,9123.798110912596,9479.577045495811
2026-08-02 20:00:00+00:00,63494.92,9129.563855803963,9485.567623351431
2026-08-02 21:00:00+00:00,63580.0,9141.797012296669,9498.277806991237
2026-08-02 22:00:00+00:00,63422.66,9119.174012266552,9474.772631933798
2026-08-02 23:00:00+00:00,63540.39,9136.101721644623,9492.36043071041
2026-08-03 00:00:00+00:00,63318.17,9104.150005191766,9459.16276958632
2026-08-03 01:00:00+00:00,63208.29,9088.35100148445,9442.747689916108
2026-08-03 02:00:00+00:00,63140.97,9078.671451706725,9432.690689885176
2026-08-03 03:00:00+00:00,62939.04,9049.637115898404,9402.524171521449
2026-08-03 04:00:00+00:00,62781.07,9026.923531846303,9378.92488015356
2026-08-03 05:00:00+00:00,62799.7,9029.602230782119,9381.708033905436
2026-08-03 06:00:00+00:00,62620.49,9003.834671131699,9354.935678356664
2026-08-03 07:00:00+00:00,62572.77,8996.97329092681,9347.806741317507
2026-08-03 08:00:00+00:00,62524.0,8989.960937351949,9340.520943760932
2026-08-03 09:00:00+00:00,62839.29,9035.294645750926,9387.622422366881
2026-08-03 10:00:00+00:00,62737.38,9020.64160181379,9372.397988719344
2026-08-03 11:00:00+00:00,62587.33,8999.066788323777,9349.981873825682
2026-08-03 12:00:00+00:00,62702.53,9015.63072377229,9367.191713450806
2026-08-03 13:00:00+00:00,63369.69,9008.588711838356,9466.859392307559
2026-08-03 14:00:00+00:00,63975.04,9008.588711838356,9557.293215372392
2026-08-03 15:00:00+00:00,63657.65,9008.588711838356,9509.878015731609
2026-08-03 16:00:00+00:00,63780.98,9008.588711838356,9528.302403934444
2026-08-03 17:00:00+00:00,63887.13,9008.588711838356,9544.160255290406
2026-08-03 18:00:00+00:00,63917.8,9008.588711838356,9548.74207630866
2026-08-03 19:00:00+00:00,63873.8,9008.588711838356,9542.168873674062
2026-08-03 20:00:00+00:00,63799.08,9008.588711838356,9531.006380472767
2026-08-03 21:00:00+00:00,63557.54,9008.588711838356,9494.922485828214
2026-08-03 22:00:00+00:00,63623.93,9008.588711838356,9504.840552258005
2026-08-03 23:00:00+00:00,63514.37,9008.588711838356,9488.473277697862
2026-08-04 00:00:00+00:00,63354.45,8973.493458798597,9464.582673940484
2026-08-04 01:00:00+00:00,63839.72,9042.226865382527,9537.077629451629
2026-08-04 02:00:00+00:00,63813.98,9038.58106431205,9533.232305910391
2026-08-04 03:00:00+00:00,63825.25,9040.177341626124,9534.915942130661
2026-08-04 04:00:00+00:00,64056.27,9072.89890197195,9569.42824378167
2026-08-04 05:00:00+00:00,63813.24,9038.476251072261,9533.121756593355
2026-08-04 06:00:00+00:00,63669.02,9018.049000474584,9511.576591048775
2026-08-04 07:00:00+00:00,63707.93,9023.560193934269,9517.389393651325
2026-08-04 08:00:00+00:00,63596.52,9007.780135765588,9500.74574579859
2026-08-04 09:00:00+00:00,63590.91,9006.985538096382,9499.90766246268
2026-08-04 10:00:00+00:00,63726.62,9026.207436436493,9520.18151086134
2026-08-04 11:00:00+00:00,63926.78,9054.558001404117,9550.083607209992
2026-08-04 12:00:00+00:00,63964.84,9059.948801277556,9555.769427488916
2026-08-04 13:00:00+00:00,63713.92,9024.408614618502,9518.284245555444
2026-08-04 14:00:00+00:00,64176.79,9089.969296106134,9587.432843361705
2026-08-04 15:00:00+00:00,64131.01,9083.485039190577,9580.593724802346
2026-08-04 16:00:00+00:00,63952.02,9058.13298271798,9553.854235266746
2026-08-04 17:00:00+00:00,63982.46,9062.444489500625,9558.401696362134
2026-08-04 18:00:00+00:00,64299.84,9107.398038208783,9605.815402093227
2026-08-04 19:00:00+00:00,64240.01,9098.92374613238,9596.877340419867
2026-08-04 20:00:00+00:00,64340.88,9113.21092383164,9611.946407459678
2026-08-04 21:00:00+00:00,64191.3,9092.024485443066,9589.60050632143
2026-08-04 22:00:00+00:00,64240.92,9099.052638089415,9597.013286201627
2026-08-04 23:00:00+00:00,64098.98,9078.9483255819,9575.808732066298
2026-08-05 00:00:00+00:00,63997.41,9064.562000223377,9560.63509134821
2026-08-05 01:00:00+00:00,64315.85,9109.665686815555,9608.207151506407
2026-08-05 02:00:00+00:00,64361.32,9116.106035482013,9614.999958865386
2026-08-05 03:00:00+00:00,64175.17,9089.739840094706,9587.190829991976
2026-08-05 04:00:00+00:00,64177.17,9090.02311912116,9587.489611929912
2026-08-05 05:00:00+00:00,64331.6,9111.89650914889,9610.560059267655
2026-08-05 06:00:00+00:00,64250.0,9100.338724869522,9598.369756199858
2026-08-05 07:00:00+00:00,64144.27,9085.363179135973,9582.57464905086
2026-08-05 08:00:00+00:00,64140.0,9084.758378414494,9581.936749613367
2026-08-05 09:00:00+00:00,64148.82,9086.007638921159,9583.254377959667
2026-08-05 10:00:00+00:00,64059.75,9073.391807477983,9569.94812435368
2026-08-05 11:00:00+00:00,64080.07,9076.269922386766,9572.98374884311
2026-08-05 12:00:00+00:00,64378.76,9118.576228592701,9617.60533736419
2026-08-05 13:00:00+00:00,64381.19,9118.920412609843,9617.968357418782
2026-08-05 14:00:00+00:00,64514.72,9137.833536811117,9637.916533505091
2026-08-05 15:00:00+00:00,64401.93,9121.858016114184,9621.06672611518
2026-08-05 16:00:00+00:00,64662.0,9158.694204319268,9659.918835414712
2026-08-05 17:00:00+00:00,64778.3,9175.166879707633,9677.293005105701
2026-08-05 18:00:00+00:00,64773.59,9174.49975760033,9676.58937364186
2026-08-05 19:00:00+00:00,64855.82,9186.146774773031,9688.873793020108
2026-08-05 20:00:00+00:00,64842.53,9184.264385642236,9686.888387042522
2026-08-05 21:00:00+00:00,64743.04,9170.17267047123,9672.025479539885
2026-08-05 22:00:00+00:00,64638.32,9155.34018064604,9656.381257269548
2026-08-05 23:00:00+00:00,64656.16,9157.867029562021,9659.046392155939
2026-08-06 00:00:00+00:00,64681.75,9161.491584705513,9662.869307051831
2026-08-06 01:00:00+00:00,64583.94,9147.637823916728,9648.257376377063
2026-08-06 02:00:00+00:00,64583.09,9147.517430330483,9648.13039405344
2026-08-06 03:00:00+00:00,64528.83,9139.832070342758,9640.024440077232
2026-08-06 04:00:00+00:00,64724.05,9167.482936115039,9669.188545039182
2026-08-06 05:00:00+00:00,64908.41,9193.595596773668,9696.73026407814
2026-08-06 06:00:00+00:00,64847.58,9184.979665184037,9687.64281143581
2026-08-06 07:00:00+00:00,64814.48,9180.291397296205,9682.697970362966
2026-08-06 08:00:00+00:00,64963.71,9201.42826185515,9704.991584662073
2026-08-06 09:00:00+00:00,64683.84,9161.787611288159,9663.181534176974
2026-08-06 10:00:00+00:00,64613.86,9151.875678152495,9652.727154168588
2026-08-06 11:00:00+00:00,64623.41,9153.22833550382,9654.153837922233
2026-08-06 12:00:00+00:00,64432.73,9126.22051312159,9625.667967959398
2026-08-06 13:00:00+00:00,64454.72,9129.335166017465,9628.953075367006
2026-08-06 14:00:00+00:00,64803.8,9178.778687294935,9681.102474814388
2026-08-06 15:00:00+00:00,64630.44,9154.224061281808,9655.204056434079
2026-08-06 16:00:00+00:00,64751.58,9171.382271914192,9673.301278414874
2026-08-06 17:00:00+00:00,64626.4,9153.65183764837,9654.600516919449
2026-08-06 18:00:00+00:00,64420.1,9124.431606069527,9623.78116002133
2026-08-06 19:00:00+00:00,64453.85,9129.211939640956,9628.823105224003
2026-08-06 20:00:00+00:00,64435.09,9126.554782372807,9626.020530646161
2026-08-06 21:00:00+00:00,64438.05,9126.974035331961,9626.462727914308
2026-08-06 22:00:00+00:00,64347.34,9114.12591508709,9612.911473119211
2026-08-06 23:00:00+00:00,64318.65,9110.062277452593,9608.625446219517
2026-08-07 00:00:00+00:00,64311.68,9109.075050045398,9607.58419116581
2026-08-07 01:00:00+00:00,64415.59,9123.79281186487,9623.107406751284
2026-08-07 02:00:00+00:00,64427.06,9125.41741708159,9624.820921165348
2026-08-07 03:00:00+00:00,64297.23,9107.028359079259,9605.425491664222
2026-08-07 04:00:00+00:00,64250.09,9100.351472425713,9598.383201387065
2026-08-07 05:00:00+00:00,64360.39,9092.51752692303,9614.861025264245
2026-08-07 06:00:00+00:00,64326.77,9092.51752692303,9609.838500887538
2026-08-07 07:00:00+00:00,64324.42,9092.51752692303,9609.487432110463
2026-08-07 08:00:00+00:00,64594.21,9092.51752692303,9649.791621628365
2026-08-07 09:00:00+00:00,64820.04,9092.51752692303,9683.528584150428
2026-08-07 10:00:00+00:00,64894.99,9092.51752692303,9694.725437274587
2026-08-07 11:00:00+00:00,65023.55,9092.51752692303,9713.931140245126
2026-08-07 12:00:00+00:00,65268.62,9092.51752692303,9750.542385010136
2026-08-07 13:00:00+00:00,64999.0,9092.51752692303,9743.500577265808
2026-08-07 14:00:00+00:00,64963.34,9092.51752692303,9743.500577265808
2026-08-07 15:00:00+00:00,64930.06,9092.51752692303,9743.500577265808
2026-08-07 16:00:00+00:00,64840.21,9092.51752692303,9743.500577265808
2026-08-07 17:00:00+00:00,64745.29,9092.51752692303,9743.500577265808
2026-08-07 18:00:00+00:00,64719.16,9092.51752692303,9743.500577265808
2026-08-07 19:00:00+00:00,64970.6,9092.51752692303,9743.500577265808
2026-08-07 20:00:00+00:00,64974.63,9083.996122416394,9743.500577265808
2026-08-07 21:00:00+00:00,64940.86,9079.274794275641,9743.500577265808
2026-08-07 22:00:00+00:00,64881.7,9071.00373200715,9743.500577265808
2026-08-07 23:00:00+00:00,64915.74,9075.762808403693,9743.500577265808
2026-08-08 00:00:00+00:00,64919.99,9076.356993911486,9743.500577265808
2026-08-08 01:00:00+00:00,64917.94,9076.070386784198,9743.500577265808
2026-08-08 02:00:00+00:00,64919.01,9076.219981723807,9743.500577265808
2026-08-08 03:00:00+00:00,65026.25,9091.213029689881,9743.500577265808
2026-08-08 04:00:00+00:00,65028.94,9091.589114164226,9743.500577265808
2026-08-08 05:00:00+00:00,64989.25,9086.040120563206,9743.500577265808
2026-08-08 06:00:00+00:00,65006.65,9088.472785936292,9743.500577265808
2026-08-08 07:00:00+00:00,64957.49,9081.59980721555,9743.500577265808
2026-08-08 08:00:00+00:00,64989.86,9086.125403659618,9743.500577265808
2026-08-08 09:00:00+00:00,64998.12,9087.28022067006,9743.500577265808
2026-08-08 10:00:00+00:00,65010.99,9089.079554196014,9743.500577265808
2026-08-08 11:00:00+00:00,64968.51,9083.140495285172,9743.500577265808
2026-08-08 12:00:00+00:00,65002.33,9087.868813843663,9743.500577265808
2026-08-08 13:00:00+00:00,65016.34,9089.82752889406,9743.500577265808
2026-08-08 14:00:00+00:00,65157.66,9109.58524559087,9743.500577265808
2026-08-08 15:00:00+00:00,65098.48,9101.311387155283,9743.500577265808
2026-08-08 16:00:00+00:00,65057.2,9095.540098270169,9743.500577265808
2026-08-08 17:00:00+00:00,65127.24,9105.332275438612,9743.500577265808
2026-08-08 18:00:00+00:00,65057.75,9095.616992865294,9743.500577265808
2026-08-08 19:00:00+00:00,65066.72,9096.871073807628,9743.500577265808
2026-08-08 20:00:00+00:00,65077.6,9098.39218870758,9743.500577265808
2026-08-08 21:00:00+00:00,65011.34,9089.128487120186,9743.500577265808
2026-08-08 22:00:00+00:00,64946.17,9080.017176639496,9743.500577265808
2026-08-08 23:00:00+00:00,64974.91,9084.035268755732,9743.500577265808
2026-08-09 00:00:00+00:00,64976.94,9084.319079715926,9743.500577265808
2026-08-09 01:00:00+00:00,64864.12,9068.545901130206,9743.500577265808
2026-08-09 02:00:00+00:00,64818.27,9062.13568806377,9743.500577265808
2026-08-09 03:00:00+00:00,64795.05,9058.889338065896,9743.500577265808
2026-08-09 04:00:00+00:00,64783.85,9057.323484492414,9743.500577265808
2026-08-09 05:00:00+00:00,64787.92,9057.892504496349,9743.500577265808
2026-08-09 06:00:00+00:00,64853.15,9067.012203478323,9743.500577265808
2026-08-09 07:00:00+00:00,64822.48,9062.724281237373,9743.500577265808
2026-08-09 08:00:00+00:00,64824.38,9062.989917111447,9743.500577265808
2026-08-09 09:00:00+00:00,64874.41,9069.98452910084,9743.500577265808
2026-08-09 10:00:00+00:00,64966.44,9082.851091990788,9743.500577265808
2026-08-09 11:00:00+00:00,64944.46,9073.853438712113,9743.500577265808
2026-08-09 12:00:00+00:00,64950.75,9073.853438712113,9743.500577265808
2026-08-09 13:00:00+00:00,65220.77,9073.853438712113,9743.500577265808
2026-08-09 14:00:00+00:00,65273.52,9073.853438712113,9743.500577265808
2026-08-09 15:00:00+00:00,65231.1,9073.853438712113,9743.500577265808
2026-08-09 16:00:00+00:00,65234.01,9073.853438712113,9743.500577265808
2026-08-09 17:00:00+00:00,65188.86,9073.853438712113,9743.500577265808
2026-08-09 18:00:00+00:00,65199.72,9073.853438712113,9743.500577265808
2026-08-09 19:00:00+00:00,65191.29,9073.853438712113,9743.500577265808
2026-08-09 20:00:00+00:00,65141.13,9073.853438712113,9743.500577265808
2026-08-09 21:00:00+00:00,65215.19,9073.853438712113,9743.500577265808
2026-08-09 22:00:00+00:00,65087.01,9046.651428136238,9743.500577265808
2026-08-09 23:00:00+00:00,64894.15,9019.84520068117,9743.500577265808
2026-08-10 00:00:00+00:00,64963.42,9029.473259251181,9743.500577265808
2026-08-10 01:00:00+00:00,65197.55,9062.015735835519,9743.500577265808
2026-08-10 02:00:00+00:00,65094.34,9047.670248250546,9743.500577265808
2026-08-10 03:00:00+00:00,64982.44,9032.116909807002,9743.500577265808
2026-08-10 04:00:00+00:00,65026.31,9038.214541241481,9743.500577265808
2026-08-10 05:00:00+00:00,65135.52,9053.393987992327,9743.500577265808
2026-08-10 06:00:00+00:00,65315.51,9078.411373036597,9743.500577265808
2026-08-10 07:00:00+00:00,65213.9,9064.288274562525,9743.500577265808
2026-08-10 08:00:00+00:00,65229.7,9066.484367032659,9743.500577265808
2026-08-10 09:00:00+00:00,64969.14,9030.268300322648,9743.500577265808
2026-08-10 10:00:00+00:00,65033.63,9039.231971423847,9743.500577265808
2026-08-10 11:00:00+00:00,65127.58,9052.290382029489,9743.500577265808
2026-08-10 12:00:00+00:00,64861.68,9015.332091661849,9743.500577265808
2026-08-10 13:00:00+00:00,64559.79,8973.371436230911,9743.500577265808
2026-08-10 14:00:00+00:00,64624.22,8982.326767740451,9743.500577265808
2026-08-10 15:00:00+00:00,64293.21,8936.318630491138,9743.500577265808
2026-08-10 16:00:00+00:00,63897.58,8923.892905786553,9743.500577265808
2026-08-10 17:00:00+00:00,63936.62,8923.892905786553,9738.523616375644
2026-08-10 18:00:00+00:00,63902.29,8923.892905786553,9733.294633114561
2026-08-10 19:00:00+00:00,64024.18,8923.892905786553,9751.860341523921
2026-08-10 20:00:00+00:00,64160.67,8923.892905786553,9772.649852893135
2026-08-10 21:00:00+00:00,63992.49,8923.892905786553,9747.033470578866
2026-08-10 22:00:00+00:00,64010.19,8923.892905786553,9749.729450879513
2026-08-10 23:00:00+00:00,63968.95,8923.892905786553,9743.447969094279
2026-08-11 00:00:00+00:00,64048.87,8923.892905786553,9755.621005570414
2026-08-11 01:00:00+00:00,64068.74,8923.892905786553,9758.647510009614
2026-08-11 02:00:00+00:00,64043.34,8923.892905786553,9754.778702120551
2026-08-11 03:00:00+00:00,64131.91,8923.892905786553,9768.269265692765
2026-08-11 04:00:00+00:00,64041.78,8923.892905786553,9754.541090297444
2026-08-11 05:00:00+00:00,64011.45,8923.892905786553,9749.921368121253
2026-08-11 06:00:00+00:00,63965.55,8923.892905786553,9742.930097172122
2026-08-11 07:00:00+00:00,64054.21,8923.892905786553,9756.434369118744
2026-08-11 08:00:00+00:00,64145.73,8923.892905786553,9770.374262741065
2026-08-11 09:00:00+00:00,64305.99,8923.892905786553,9794.784308107246
2026-08-11 10:00:00+00:00,64233.94,8923.892905786553,9783.809992815637
2026-08-11 11:00:00+00:00,64370.89,8923.892905786553,9804.669569209613
2026-08-11 12:00:00+00:00,64337.0,8923.892905786553,9799.50760466787
2026-08-11 13:00:00+00:00,64184.35,8923.892905786553,9776.256678515692
2026-08-11 14:00:00+00:00,63728.52,8923.892905786553,9706.826808434158
2026-08-11 15:00:00+00:00,63620.0,8923.892905786553,9690.297555201048
2026-08-11 16:00:00+00:00,63511.21,8923.892905786553,9673.727176844708
2026-08-11 17:00:00+00:00,63610.0,8923.892905786553,9688.77440248882
2026-08-11 18:00:00+00:00,63385.11,8923.892905786553,9654.5202211435
2026-08-11 19:00:00+00:00,63521.2,8923.892905786553,9675.248806404225
2026-08-11 20:00:00+00:00,63739.64,8923.892905786553,9708.520554250157
2026-08-11 21:00:00+00:00,63675.08,8923.892905786553,9698.687080340007
2026-08-11 22:00:00+00:00,63654.92,8923.892905786553,9695.616404472152
2026-08-11 23:00:00+00:00,63604.72,8923.892905786553,9687.970177856763
2026-08-12 00:00:00+00:00,63739.67,8923.892905786553,9708.525123708292
2026-08-12 01:00:00+00:00,63809.4,8923.892905786553,9719.146067570666
2026-08-12 02:00:00+00:00,63761.64,8923.892905786553,9711.87149021706
2026-08-12 03:00:00+00:00,63831.71,8923.892905786553,9722.54422127165
2026-08-12 04:00:00+00:00,63770.03,8923.892905786553,9713.149415342621
2026-08-12 05:00:00+00:00,63865.92,8923.892905786553,9727.754926700185
2026-08-12 06:00:00+00:00,63693.08,8923.892905786553,9701.428755222018
2026-08-12 07:00:00+00:00,63782.68,8923.892905786553,9715.07620352359
2026-08-12 08:00:00+00:00,63787.67,8923.892905786553,9715.836256726992
2026-08-12 09:00:00+00:00,64064.43,8923.892905786553,9757.991031190642
2026-08-12 10:00:00+00:00,64150.0,8923.892905786553,9771.024648949187
2026-08-12 11:00:00+00:00,64234.55,8923.892905786553,9783.902905131083
2026-08-12 12:00:00+00:00,64108.9,8923.892905786553,9764.764491301925
2026-08-12 13:00:00+00:00,63852.76,8923.892905786553,9725.750457730892
2026-08-12 14:00:00+00:00,63400.7,8923.892905786553,9656.894816221866
2026-08-12 15:00:00+00:00,63506.5,8923.892905786553,9673.009771917248
2026-08-12 16:00:00+00:00,63486.33,8923.892905786553,9669.937572896682
2026-08-12 17:00:00+00:00,63467.27,8923.892905786553,9667.034443827173
2026-08-12 18:00:00+00:00,63384.76,8923.892905786553,9654.466910798574
2026-08-12 19:00:00+00:00,63410.18,8923.892905786553,9658.33876499306
2026-08-12 20:00:00+00:00,63588.63,8923.892905786553,9685.519425142786
2026-08-12 21:00:00+00:00,63460.77,8923.892905786553,9666.044394564226
2026-08-12 22:00:00+00:00,63431.12,8923.892905786553,9661.528246772466
2026-08-12 23:00:00+00:00,63445.79,8923.892905786553,9663.762711801306
2026-08-13 00:00:00+00:00,63587.21,8923.892905786553,9685.30313745765
2026-08-13 01:00:00+00:00,63468.36,8923.892905786553,9667.200467472807
2026-08-13 02:00:00+00:00,63568.46,8923.892905786553,9682.44722612222
2026-08-13 03:00:00+00:00,63654.13,8923.892905786553,9695.496075407886
2026-08-13 04:00:00+00:00,63699.39,8923.892905786553,9702.389864583434
2026-08-13 05:00:00+00:00,63885.0,8923.892905786553,9730.661102075117
2026-08-13 06:00:00+00:00,63925.51,8923.892905786553,9736.831393712358
2026-08-13 07:00:00+00:00,63851.55,8923.892905786553,9725.566156252711
2026-08-13 08:00:00+00:00,63761.87,8923.892905786553,9711.906522729441
2026-08-13 09:00:00+00:00,63764.14,8923.892905786553,9712.252278395117
2026-08-13 10:00:00+00:00,63641.08,8923.892905786553,9693.508361118427
2026-08-13 11:00:00+00:00,63489.51,8923.892905786553,9670.421935459171
2026-08-13 12:00:00+00:00,63709.01,8923.892905786553,9703.8551374926
2026-08-13 13:00:00+00:00,63735.9,8923.892905786553,9707.950895135784
2026-08-13 14:00:00+00:00,63876.78,8923.892905786553,9729.409070545666
2026-08-13 15:00:00+00:00,63450.0,8923.892905786553,9664.403959093155
2026-08-13 16:00:00+00:00,63091.67,8923.892905786553,9609.824827955852
2026-08-13 17:00:00+00:00,63149.99,8923.892905786553,9618.707854573571
2026-08-13 18:00:00+00:00,63309.57,8923.892905786553,9643.014325555323
2026-08-13 19:00:00+00:00,63404.35,8923.892905786553,9657.450766961829
2026-08-13 20:00:00+00:00,63415.01,8923.892905786553,9659.074447753066
2026-08-13 21:00:00+00:00,63478.85,8923.892905786553,9668.798254667936
2026-08-13 22:00:00+00:00,63532.31,8923.892905786553,9676.941029067511
2026-08-13 23:00:00+00:00,63484.39,8923.892905786553,9669.642081270511
2026-08-14 00:00:00+00:00,63529.4,8923.892905786553,9676.497791628253
2026-08-14 01:00:00+00:00,63557.14,8923.892905786553,9680.723017251978
2026-08-14 02:00:00+00:00,63467.9,8923.892905786553,9667.130402448045
2026-08-14 03:00:00+00:00,63315.42,8923.892905786553,9643.905369891976
2026-08-14 04:00:00+00:00,63374.37,8923.892905786553,9652.884355130567
2026-08-14 05:00:00+00:00,63382.8,8923.892905786553,9654.168372866976
2026-08-14 06:00:00+00:00,62969.13,8923.892905786553,9591.160114620197
2026-08-14 07:00:00+00:00,62953.8,8923.892905786553,9588.825121512351
2026-08-14 08:00:00+00:00,62828.68,8923.892905786553,9569.76743477694
2026-08-14 09:00:00+00:00,62811.76,8923.892905786553,9567.19026038785
2026-08-14 10:00:00+00:00,62814.0,8923.892905786553,9567.531446595389
2026-08-14 11:00:00+00:00,62867.64,8923.892905786553,9575.701637743785
2026-08-14 12:00:00+00:00,62750.09,8923.892905786553,9557.796977611533
2026-08-14 13:00:00+00:00,62649.04,8923.892905786553,9542.40551945446
2026-08-14 14:00:00+00:00,62619.05,8923.892905786553,9537.837584470484
2026-08-14 15:00:00+00:00,63000.96,8923.892905786553,9596.008309703222
2026-08-14 16:00:00+00:00,63139.43,8923.892905786553,9617.099405309458
2026-08-14 17:00:00+00:00,63010.38,8923.892905786553,9597.443119558142
2026-08-14 18:00:00+00:00,62917.16,8923.892905786553,9583.244289974744
2026-08-14 19:00:00+00:00,62958.44,8923.892905786553,9589.531864370825
2026-08-14 20:00:00+00:00,62903.8,8923.892905786553,9581.209357951206
2026-08-14 21:00:00+00:00,62920.01,8923.892905786553,9583.678388497729
2026-08-14 22:00:00+00:00,62890.81,8923.892905786553,9579.230782578019
2026-08-14 23:00:00+00:00,63042.94,8923.892905786553,9602.402504789161
2026-08-15 00:00:00+00:00,63016.17,8923.892905786553,9598.325024978523
2026-08-15 01:00:00+00:00,63025.57,8923.892905786553,9599.756788528019
2026-08-15 02:00:00+00:00,63129.78,8923.892905786553,9615.629562942157
2026-08-15 03:00:00+00:00,63072.45,8923.892905786553,9606.897328442948
2026-08-15 04:00:00+00:00,63128.42,8923.892905786553,9615.422414173294
2026-08-15 05:00:00+00:00,63066.68,8923.892905786553,9606.018469327992
2026-08-15 06:00:00+00:00,63083.99,8923.892905786553,9608.65504667286
2026-08-15 07:00:00+00:00,63072.93,8923.892905786553,9606.970439773135
2026-08-15 08:00:00+00:00,62936.69,8923.892905786553,9586.219007221727
2026-08-15 09:00:00+00:00,63034.65,8923.892905786553,9601.139811190722
2026-08-15 10:00:00+00:00,63046.13,8923.892905786553,9602.88839050436
2026-08-15 11:00:00+00:00,63037.73,8923.892905786553,9601.60894222609
2026-08-15 12:00:00+00:00,63039.97,8923.892905786553,9601.95012843363
2026-08-15 13:00:00+00:00,63056.7,8923.892905786553,9604.498362921187
2026-08-15 14:00:00+00:00,63044.7,8923.892905786553,9602.670579666512
2026-08-15 15:00:00+00:00,63098.43,8923.892905786553,9610.85447918932
2026-08-15 16:00:00+00:00,63090.51,8923.892905786553,9609.648142241234
2026-08-15 17:00:00+00:00,63062.25,8923.892905786553,9605.343712676475
2026-08-15 18:00:00+00:00,63057.97,8923.892905786553,9604.691803315642
2026-08-15 19:00:00+00:00,63115.77,8923.892905786553,9613.495625992324
2026-08-15 20:00:00+00:00,63099.01,8923.892905786553,9610.942822046629
2026-08-15 21:00:00+00:00,63159.22,8923.892905786553,9620.11372452696
2026-08-15 22:00:00+00:00,63138.85,8923.892905786553,9617.01106245215
2026-08-15 23:00:00+00:00,63081.59,8923.892905786553,9608.289490021925
2026-08-16 00:00:00+00:00,63067.59,8912.999384023797,9606.157076224805
2026-08-16 01:00:00+00:00,63067.03,8912.9202422704,9606.07177967292
2026-08-16 02:00:00+00:00,63113.12,8919.433891224002,9613.091990523584
2026-08-16 03:00:00+00:00,63128.24,8921.570718565692,9615.394997424473
2026-08-16 04:00:00+00:00,63116.65,8919.932766919515,9613.629663431
2026-08-16 05:00:00+00:00,63058.69,8911.741595443042,9604.801470310922
2026-08-16 06:00:00+00:00,63067.58,8912.9979707782,9606.155553072093
2026-08-16 07:00:00+00:00,63058.65,8911.735942460655,9604.795377700073
2026-08-16 08:00:00+00:00,63072.19,8913.64947699812,9606.85772647243
2026-08-16 09:00:00+00:00,62995.47,8902.807056782884,9595.17209886421
2026-08-16 10:00:00+00:00,63003.01,8903.872643962535,9596.32055600923
2026-08-16 11:00:00+00:00,63004.44,8904.074738082814,9596.538366847079
2026-08-16 12:00:00+00:00,63019.43,8906.19319323175,9598.82157276271
2026-08-16 13:00:00+00:00,63064.75,8912.598022274433,9605.724500854532
2026-08-16 14:00:00+00:00,63097.85,8917.275865198368,9610.76613633201
2026-08-16 15:00:00+00:00,63137.95,8922.942980039752,9616.873978708049
2026-08-16 16:00:00+00:00,63273.19,8942.05571348486,9637.473095988234
2026-08-16 17:00:00+00:00,63166.03,8926.911373674318,9621.150991523988
2026-08-16 18:00:00+00:00,63137.69,8922.906235654247,9616.83437673753
2026-08-16 19:00:00+00:00,63106.74,8918.532240533528,9612.120219093182
2026-08-16 20:00:00+00:00,63061.75,8912.174048595525,9605.267555040864
2026-08-16 21:00:00+00:00,62926.37,8893.041529712069,9584.647113622706
2026-08-16 22:00:00+00:00,62895.48,8888.676014064928,9579.942094894632
2026-08-16 23:00:00+00:00,62888.6,8887.703701094635,9578.894165828617
2026-08-17 00:00:00+00:00,62942.8,8881.073517322402,9587.149653528899
2026-08-17 01:00:00+00:00,63111.95,8881.073517322402,9612.913781656252
2026-08-17 02:00:00+00:00,63396.13,8881.073517322402,9656.198735432377
2026-08-17 03:00:00+00:00,63427.35,8881.073517322402,9660.954018199956
2026-08-17 04:00:00+00:00,63535.1,8883.816606538798,9677.365988674224
2026-08-17 05:00:00+00:00,63521.18,8881.870237883315,9665.684636555667
2026-08-17 06:00:00+00:00,63627.77,8896.774220281877,9665.684636555667
2026-08-17 07:00:00+00:00,63518.21,8881.454956640011,9665.684636555667
2026-08-17 08:00:00+00:00,63366.12,8860.18892152417,9665.684636555667
2026-08-17 09:00:00+00:00,63292.88,8849.948114029368,9665.684636555667
2026-08-17 10:00:00+00:00,63661.34,8901.46815675922,9665.684636555667
2026-08-17 11:00:00+00:00,63635.96,8897.919389770988,9665.684636555667
2026-08-17 12:00:00+00:00,63548.27,8885.658106193447,9665.684636555667
2026-08-17 13:00:00+00:00,63672.7,8903.056572558522,9665.684636555667
2026-08-17 14:00:00+00:00,63887.86,8933.141391517851,9665.684636555667
2026-08-17 15:00:00+00:00,64150.03,8969.799399449472,9665.684636555667
2026-08-17 16:00:00+00:00,64111.25,8964.37697297967,9665.684636555667
2026-08-17 17:00:00+00:00,64333.6,8995.467136093663,9665.684636555667
2026-08-17 18:00:00+00:00,64430.02,9008.949094840913,9665.684636555667
2026-08-17 19:00:00+00:00,64310.81,8992.280516721645,9665.684636555667
2026-08-17 20:00:00+00:00,64399.12,9004.628492006543,9665.684636555667
2026-08-17 21:00:00+00:00,64386.42,9002.852710259082,9665.684636555667
2026-08-17 22:00:00+00:00,64291.61,8989.595870300289,9665.684636555667
2026-08-17 23:00:00+00:00,64505.48,9019.500314578185,9665.684636555667
2026-08-18 00:00:00+00:00,64360.22,8999.189286496607,9665.684636555667
2026-08-18 01:00:00+00:00,64196.64,8976.316658287984,9665.684636555667
2026-08-18 02:00:00+00:00,64063.82,8957.74505736691,9665.684636555667
2026-08-18 03:00:00+00:00,64173.89,8973.135631929345,9665.684636555667
2026-08-18 04:00:00+00:00,64210.7,8978.28260249029,9665.684636555667
2026-08-18 05:00:00+00:00,64246.54,8983.293942476823,9665.684636555667
2026-08-18 06:00:00+00:00,64309.98,8992.164461694056,9665.684636555667
2026-08-18 07:00:00+00:00,64191.24,8975.561601481977,9665.684636555667
2026-08-18 08:00:00+00:00,64277.02,8987.555818670726,9665.684636555667
2026-08-18 09:00:00+00:00,64175.43,8973.350962944392,9665.684636555667
2026-08-18 10:00:00+00:00,64204.85,8977.464624283783,9665.684636555667
2026-08-18 11:00:00+00:00,64346.65,8997.291856708178,9665.684636555667
2026-08-18 12:00:00+00:00,64227.68,8980.656836669177,9665.684636555667
2026-08-18 13:00:00+00:00,64228.49,8980.770095190079,9665.684636555667
2026-08-18 14:00:00+00:00,64743.39,9052.766159896151,9665.684636555667
2026-08-18 15:00:00+00:00,64856.86,9068.6321405957,9665.684636555667
2026-08-18 16:00:00+00:00,64831.77,9065.123922954459,9665.684636555667
2026-08-18 17:00:00+00:00,64677.34,9043.530696556016,9665.684636555667
2026-08-18 18:00:00+00:00,64776.67,9057.419547026504,9665.684636555667
2026-08-18 19:00:00+00:00,64654.31,9040.310519103732,9665.684636555667
2026-08-18 20:00:00+00:00,64616.01,9034.955208794463,9665.684636555667
2026-08-18 21:00:00+00:00,64602.37,9033.047991232625,9665.684636555667
2026-08-18 22:00:00+00:00,64612.34,9034.442049817048,9665.684636555667
2026-08-18 23:00:00+00:00,64753.6,9054.193776560842,9665.684636555667
2026-08-19 00:00:00+00:00,64514.8,9020.803486695217,9665.684636555667
2026-08-19 01:00:00+00:00,64400.01,9004.7529365542,9665.684636555667
2026-08-19 02:00:00+00:00,64353.09,8998.192331862008,9665.684636555667
2026-08-19 03:00:00+00:00,64361.3,8999.340297857807,9665.684636555667
2026-08-19 04:00:00+00:00,64308.88,8992.010653826164,9665.684636555667
2026-08-19 05:00:00+00:00,64249.37,8983.689648173304,9665.684636555667
2026-08-19 06:00:00+00:00,64332.54,8995.31892123915,9665.684636555667
2026-08-19 07:00:00+00:00,64329.23,8994.856099382136,9665.684636555667
2026-08-19 08:00:00+00:00,64419.0,9007.408219655323,9665.684636555667
2026-08-19 09:00:00+00:00,64380.2,9001.98299667883,9665.684636555667
2026-08-19 10:00:00+00:00,64423.74,9008.070991740595,9665.684636555667
2026-08-19 11:00:00+00:00,64489.84,9017.313446347453,9665.684636555667
2026-08-19 12:00:00+00:00,64850.2,9067.700903868294,9665.684636555667
2026-08-19 13:00:00+00:00,65018.28,9091.20274608192,9665.684636555667
2026-08-19 14:00:00+00:00,65931.39,9218.878657217601,9665.684636555667
2026-08-19 15:00:00+00:00,68551.03,9585.170696344845,9665.684636555667
2026-08-19 16:00:00+00:00,68497.86,9577.736183312369,9665.684636555667
2026-08-19 17:00:00+00:00,68187.39,9534.324611727023,9665.684636555667
2026-08-19 18:00:00+00:00,68376.87,9560.818716097787,9665.684636555667
2026-08-19 19:00:00+00:00,68415.59,9566.232753047523,9665.684636555667
2026-08-19 20:00:00+00:00,69067.89,9657.440818706431,9665.684636555667
2026-08-19 21:00:00+00:00,69722.55,9748.978872154632,9665.684636555667
2026-08-19 22:00:00+00:00,69275.34,9686.447584337186,9665.684636555667
2026-08-19 23:00:00+00:00,69327.55,9693.747865048594,9665.684636555667
2026-08-20 00:00:00+00:00,69408.47,9705.062531111937,9665.684636555667
2026-08-20 01:00:00+00:00,69719.99,9748.620919298452,9665.684636555667
2026-08-20 02:00:00+00:00,69318.61,9692.497826558649,9665.684636555667
2026-08-20 03:00:00+00:00,69196.08,9675.365028329023,9665.684636555667
2026-08-20 04:00:00+00:00,69514.29,9719.858848002976,9665.684636555667
2026-08-20 05:00:00+00:00,69410.74,9705.379934621129,9665.684636555667
2026-08-20 06:00:00+00:00,69851.22,9766.970197937755,9665.684636555667
2026-08-20 07:00:00+00:00,69817.91,9762.312616047371,9665.684636555667
2026-08-20 08:00:00+00:00,71586.4,10009.592321761183,9665.684636555667
2026-08-20 09:00:00+00:00,71745.52,10031.84132897818,9665.684636555667
2026-08-20 10:00:00+00:00,71987.44,10065.667873887274,9665.684636555667
2026-08-20 11:00:00+00:00,71915.91,10055.666167714377,9665.684636555667
2026-08-20 12:00:00+00:00,71944.24,10059.627419439223,9665.684636555667
2026-08-20 13:00:00+00:00,71665.16,10020.604965102126,9665.684636555667
2026-08-20 14:00:00+00:00,71816.97,10041.831849124323,9665.684636555667
2026-08-20 15:00:00+00:00,72456.52,10131.257141769047,9665.684636555667
2026-08-20 16:00:00+00:00,72857.5,10187.32430437507,9665.684636555667
2026-08-20 17:00:00+00:00,72745.04,10171.59954726331,9665.684636555667
2026-08-20 18:00:00+00:00,72463.32,10132.207954043279,9665.684636555667
2026-08-20 19:00:00+00:00,72659.95,10159.701809555329,9665.684636555667
2026-08-20 20:00:00+00:00,72680.35,10162.554246378022,9665.684636555667
2026-08-20 21:00:00+00:00,72741.82,10171.149309686396,9665.684636555667
2026-08-20 22:00:00+00:00,72669.99,10161.105655913165,9665.684636555667
2026-08-20 23:00:00+00:00,73028.52,10211.237233071968,9665.684636555667
2026-08-21 00:00:00+00:00,73714.71,10307.18397931524,9665.684636555667
2026-08-21 01:00:00+00:00,75148.36,10507.644570043267,9665.684636555667
2026-08-21 02:00:00+00:00,74444.98,10409.294226300875,9665.684636555667
2026-08-21 03:00:00+00:00,74575.57,10427.554016726135,9665.684636555667
2026-08-21 04:00:00+00:00,75015.46,10489.06178309544,9665.684636555667
2026-08-21 05:00:00+00:00,75463.61,10551.724506727263,9665.684636555667
2026-08-21 06:00:00+00:00,75627.09,10574.58315240244,9665.684636555667
2026-08-21 07:00:00+00:00,76296.95,10668.246550934215,9665.684636555667
2026-08-21 08:00:00+00:00,79218.71,11076.782620104183,9665.684636555667
2026-08-21 09:00:00+00:00,77911.26,10893.967986583195,9665.684636555667
2026-08-21 10:00:00+00:00,77802.39,10878.745202422097,9665.684636555667
2026-08-21 11:00:00+00:00,76694.34,10723.811740589577,9665.684636555667
2026-08-21 12:00:00+00:00,77206.01,10795.35616946539,9665.684636555667
2026-08-21 13:00:00+00:00,77272.48,10804.650359445994,9665.684636555667
2026-08-21 14:00:00+00:00,77385.42,10820.442232718287,9665.684636555667
2026-08-21 15:00:00+00:00,77205.31,10795.25829173128,9665.684636555667
2026-08-21 16:00:00+00:00,77506.07,10837.312159319157,9665.684636555667
2026-08-21 17:00:00+00:00,77397.89,10822.185854638825,9665.684636555667
2026-08-21 18:00:00+00:00,77101.52,10780.745820269163,9665.684636555667
2026-08-21 19:00:00+00:00,77022.76,10769.733176928223,9665.684636555667
2026-08-21 20:00:00+00:00,77511.09,10838.014082498074,9665.684636555667
2026-08-21 21:00:00+00:00,78508.89,10977.531801207959,9665.684636555667
2026-08-21 22:00:00+00:00,78452.92,10969.705777239034,9665.684636555667
2026-08-21 23:00:00+00:00,78329.48,10952.445737955062,9665.684636555667
2026-08-22 00:00:00+00:00,77941.96,10898.26062435068,9665.684636555667
2026-08-22 01:00:00+00:00,77847.59,10885.06530753904,9665.684636555667
2026-08-22 02:00:00+00:00,78470.0,10972.093993951368,9665.684636555667
2026-08-22 03:00:00+00:00,78416.84,10964.660879172236,9665.684636555667
2026-08-22 04:00:00+00:00,78488.7,10974.708727705502,9665.684636555667
2026-08-22 05:00:00+00:00,77399.16,10822.363432813572,9665.684636555667
2026-08-22 06:00:00+00:00,77461.98,10831.147260323447,9665.684636555667
2026-08-22 07:00:00+00:00,77366.81,10817.840083244253,9665.684636555667
2026-08-22 08:00:00+00:00,77205.09,10795.227530157701,9665.684636555667
2026-08-22 09:00:00+00:00,77065.81,10775.752657576108,9665.684636555667
2026-08-22 10:00:00+00:00,76979.92,10763.74305960057,9665.684636555667
2026-08-22 11:00:00+00:00,77129.92,10784.716859767419,9665.684636555667
2026-08-22 12:00:00+00:00,77307.71,10809.576405978516,9665.684636555667
2026-08-22 13:00:00+00:00,77286.22,10806.571559541278,9665.684636555667
2026-08-22 14:00:00+00:00,77000.87,10766.672400357207,9665.684636555667
2026-08-22 15:00:00+00:00,76977.7,10763.4326473581,9665.684636555667
2026-08-22 16:00:00+00:00,77295.19,10807.825792791256,9665.684636555667
2026-08-22 17:00:00+00:00,77299.05,10808.365518582215,9665.684636555667
2026-08-22 18:00:00+00:00,77238.06,10799.837571434375,9665.684636555667
2026-08-22 19:00:00+00:00,77450.0,10829.472152816788,9665.684636555667
2026-08-22 20:00:00+00:00,77274.1,10804.876876487797,9665.684636555667
2026-08-22 21:00:00+00:00,76875.96,10749.2068178316,9665.684636555667
2026-08-22 22:00:00+00:00,76991.09,10765.304908586328,9665.684636555667
2026-08-22 23:00:00+00:00,77082.81,10778.129688261684,9665.684636555667
2026-08-23 00:00:00+00:00,77336.92,10813.660703997673,9665.684636555667
2026-08-23 01:00:00+00:00,77205.47,10795.28066378479,9665.684636555667
2026-08-23 02:00:00+00:00,77158.7,10788.741032892765,9665.684636555667
2026-08-23 03:00:00+00:00,76920.02,10755.367522067276,9665.684636555667
2026-08-23 04:00:00+00:00,76636.65,10744.600979704479,9665.684636555667
2026-08-23 05:00:00+00:00,76100.22,10744.600979704479,9665.684636555667
2026-08-23 06:00:00+00:00,76089.21,10744.600979704479,9665.684636555667
2026-08-23 07:00:00+00:00,75979.7,10744.600979704479,9665.684636555667
2026-08-23 08:00:00+00:00,76478.13,10744.600979704479,9665.684636555667
2026-08-23 09:00:00+00:00,76557.56,10744.600979704479,9665.684636555667
2026-08-23 10:00:00+00:00,76782.94,10744.600979704479,9665.684636555667
2026-08-23 11:00:00+00:00,77314.34,10744.600979704479,9665.684636555667
2026-08-23 12:00:00+00:00,77226.97,10744.600979704479,9665.684636555667
2026-08-23 13:00:00+00:00,77476.47,10744.600979704479,9665.684636555667
2026-08-23 14:00:00+00:00,77191.35,10744.600979704479,9665.684636555667
2026-08-23 15:00:00+00:00,77163.47,10744.600979704479,9665.684636555667
2026-08-23 16:00:00+00:00,77418.17,10744.600979704479,9665.684636555667
2026-08-23 17:00:00+00:00,77184.36,10744.600979704479,9665.684636555667
2026-08-23 18:00:00+00:00,77313.01,10744.600979704479,9665.684636555667
2026-08-23 19:00:00+00:00,77359.22,10744.600979704479,9665.684636555667
2026-08-23 20:00:00+00:00,77403.45,10744.600979704479,9665.684636555667
2026-08-23 21:00:00+00:00,77826.81,10744.600979704479,9665.684636555667
2026-08-23 22:00:00+00:00,77608.5,10744.600979704479,9665.684636555667
2026-08-23 23:00:00+00:00,77727.0,10744.600979704479,9665.684636555667
2026-08-24 00:00:00+00:00,77658.31,10744.600979704479,9665.684636555667
2026-08-24 01:00:00+00:00,76917.88,10744.600979704479,9665.684636555667
2026-08-24 02:00:00+00:00,77424.01,10744.600979704479,9665.684636555667
2026-08-24 03:00:00+00:00,76940.09,10744.600979704479,9665.684636555667
2026-08-24 04:00:00+00:00,76903.48,10729.802808144268,9665.684636555667
2026-08-24 05:00:00+00:00,77150.19,10764.224522880679,9665.684636555667
2026-08-24 06:00:00+00:00,77488.11,10811.372128748815,9665.684636555667
2026-08-24 07:00:00+00:00,77292.26,10784.046552845422,9665.684636555667
2026-08-24 08:00:00+00:00,77015.56,10745.440543897406,9665.684636555667
2026-08-24 09:00:00+00:00,77546.09,10819.461671209263,9665.684636555667
2026-08-24 10:00:00+00:00,77607.88,10828.082796228771,9665.684636555667
2026-08-24 11:00:00+00:00,78456.37,10946.466650700406,9665.684636555667
2026-08-24 12:00:00+00:00,79154.99,11043.940195952531,9665.684636555667
2026-08-24 13:00:00+00:00,78584.25,10964.30884955936,9665.684636555667
2026-08-24 14:00:00+00:00,79477.69,11088.964262044054,9665.684636555667
2026-08-24 15:00:00+00:00,79091.26,11035.048396349142,9665.684636555667
2026-08-24 16:00:00+00:00,79059.61,11030.632493988447,9665.684636555667
2026-08-24 17:00:00+00:00,78768.74,10990.04944439427,9665.684636555667
2026-08-24 18:00:00+00:00,78908.62,11009.565919029788,9665.684636555667
2026-08-24 19:00:00+00:00,78723.62,10983.754167474375,9665.684636555667
2026-08-24 20:00:00+00:00,78913.54,11010.25237209818,9665.684636555667
2026-08-24 21:00:00+00:00,78986.74,11020.465454335243,9665.684636555667
2026-08-24 22:00:00+00:00,78739.74,10986.003277934231,9665.684636555667
2026-08-24 23:00:00+00:00,78979.64,11019.474841167439,9665.684636555667
2026-08-25 00:00:00+00:00,79748.08,11126.689880979557,9665.684636555667
2026-08-25 01:00:00+00:00,79795.67,11133.32977966346,9665.684636555667
2026-08-25 02:00:00+00:00,80661.66,11254.155286309257,9665.684636555667
2026-08-25 03:00:00+00:00,80498.99,11231.459082928073,9665.684636555667
2026-08-25 04:00:00+00:00,80354.07,11211.239412466395,9665.684636555667
2026-08-25 05:00:00+00:00,80733.79,11264.21907895624,9665.684636555667
2026-08-25 06:00:00+00:00,80454.61,11225.2670530144,9665.684636555667
2026-08-25 07:00:00+00:00,79731.89,11124.431003911004,9665.684636555667
2026-08-25 08:00:00+00:00,79930.56,11152.15003462189,9665.684636555667
2026-08-25 09:00:00+00:00,79172.17,11046.337200772648,9665.684636555667
2026-08-25 10:00:00+00:00,79350.94,11071.279724154061,9665.684636555667
2026-08-25 11:00:00+00:00,79104.56,11036.904052001506,9665.684636555667
2026-08-25 12:00:00+00:00,78998.59,11022.118801664601,9665.684636555667
2026-08-25 13:00:00+00:00,78633.25,10971.145475647008,9665.684636555667
2026-08-25 14:00:00+00:00,79233.03,11054.828569419473,9665.684636555667
2026-08-25 15:00:00+00:00,79500.0,11092.077019758655,9665.684636555667
2026-08-25 16:00:00+00:00,79151.7,11043.481165343786,9665.684636555667
2026-08-25 17:00:00+00:00,79249.64,11057.146046140204,9665.684636555667
2026-08-25 18:00:00+00:00,79150.11,11043.259323803393,9665.684636555667
2026-08-25 19:00:00+00:00,78934.68,11013.201887924566,9665.684636555667
2026-08-25 20:00:00+00:00,78179.84,10907.884360659225,9665.684636555667
2026-08-25 21:00:00+00:00,78589.58,10965.052507050119,9665.684636555667
2026-08-25 22:00:00+00:00,78880.89,11005.696946756105,9665.684636555667
2026-08-25 23:00:00+00:00,78572.17,10962.623411944282,9665.684636555667
2026-08-26 00:00:00+00:00,78638.2,10971.836114404843,9665.684636555667
2026-08-26 01:00:00+00:00,78769.73,10990.187572145835,9665.684636555667
2026-08-26 02:00:00+00:00,79102.68,11036.641748796508,9665.684636555667
2026-08-26 03:00:00+00:00,79085.26,11034.211258460859,9665.684636555667
2026-08-26 04:00:00+00:00,78844.7,11000.64761005994,9665.684636555667
2026-08-26 05:00:00+00:00,79002.14,11022.614108248503,9665.684636555667
2026-08-26 06:00:00+00:00,78945.55,11014.718502732176,9665.684636555667
2026-08-26 07:00:00+00:00,78920.17,11002.863301975294,9665.684636555667
2026-08-26 08:00:00+00:00,78697.07,11002.863301975294,9665.684636555667
2026-08-26 09:00:00+00:00,78438.84,11002.863301975294,9665.684636555667
2026-08-26 10:00:00+00:00,78720.46,11002.863301975294,9665.684636555667
2026-08-26 11:00:00+00:00,78482.46,11002.863301975294,9665.684636555667
2026-08-26 12:00:00+00:00,78340.14,11002.863301975294,9665.684636555667
2026-08-26 13:00:00+00:00,78446.07,11002.863301975294,9665.684636555667
2026-08-26 14:00:00+00:00,77804.11,11002.863301975294,9665.684636555667
2026-08-26 15:00:00+00:00,77985.33,11002.863301975294,9665.684636555667
2026-08-26 16:00:00+00:00,77988.12,11002.863301975294,9665.684636555667
2026-08-26 17:00:00+00:00,78434.14,11002.863301975294,9665.684636555667
2026-08-26 18:00:00+00:00,78477.54,11002.863301975294,9665.684636555667
2026-08-26 19:00:00+00:00,78462.47,11002.863301975294,9665.684636555667
2026-08-26 20:00:00+00:00,78437.41,11002.863301975294,9665.684636555667
2026-08-26 21:00:00+00:00,78733.7,11002.863301975294,9665.684636555667
2026-08-26 22:00:00+00:00,78703.88,11002.863301975294,9665.684636555667
2026-08-26 23:00:00+00:00,79033.17,11002.863301975294,9665.684636555667
2026-08-27 00:00:00+00:00,78702.52,11002.863301975294,9665.684636555667
2026-08-27 01:00:00+00:00,78896.89,11002.863301975294,9665.684636555667
2026-08-27 02:00:00+00:00,78727.06,11002.863301975294,9665.684636555667
2026-08-27 03:00:00+00:00,78822.67,11002.863301975294,9665.684636555667
2026-08-27 04:00:00+00:00,78748.71,11002.863301975294,9665.684636555667
2026-08-27 05:00:00+00:00,78884.85,11002.863301975294,9665.684636555667
2026-08-27 06:00:00+00:00,78824.34,11002.863301975294,9665.684636555667
2026-08-27 07:00:00+00:00,79053.19,11002.863301975294,9665.684636555667
2026-08-27 08:00:00+00:00,79753.48,11002.863301975294,9665.684636555667
2026-08-27 09:00:00+00:00,79966.1,11002.863301975294,9665.684636555667
2026-08-27 10:00:00+00:00,79575.78,11002.863301975294,9665.684636555667
2026-08-27 11:00:00+00:00,79476.5,11002.863301975294,9665.684636555667
2026-08-27 12:00:00+00:00,79281.81,10959.532700136477,9665.684636555667
2026-08-27 13:00:00+00:00,79534.49,10994.461957209072,9665.684636555667
2026-08-27 14:00:00+00:00,80227.53,11090.26444383876,9665.684636555667
2026-08-27 15:00:00+00:00,80309.9,11101.650872939083,9665.684636555667
2026-08-27 16:00:00+00:00,80398.75,11113.933065795265,9665.684636555667
2026-08-27 17:00:00+00:00,80474.44,11124.396084110227,9665.684636555667
2026-08-27 18:00:00+00:00,80148.0,11079.270602557364,9665.684636555667
2026-08-27 19:00:00+00:00,79921.0,11047.891224072804,9665.684636555667
2026-08-27 20:00:00+00:00,80095.21,11071.97316912036,9665.684636555667
2026-08-27 21:00:00+00:00,80193.77,11085.597625258855,9665.684636555667
2026-08-27 22:00:00+00:00,80317.03,11102.636489540822,9665.684636555667
2026-08-27 23:00:00+00:00,80253.37,11093.836440050394,9665.684636555667
2026-08-28 00:00:00+00:00,80557.95,11135.94010127871,9665.684636555667
2026-08-28 01:00:00+00:00,80493.03,11126.96587550242,9665.684636555667
2026-08-28 02:00:00+00:00,79936.13,11049.982721854616,9665.684636555667
2026-08-28 03:00:00+00:00,79829.7,11035.270355105225,9665.684636555667
2026-08-28 04:00:00+00:00,79642.24,11009.356794353174,9665.684636555667
2026-08-28 05:00:00+00:00,79686.78,11015.513787823227,9665.684636555667
2026-08-28 06:00:00+00:00,79911.84,11046.62499012162,9665.684636555667
2026-08-28 07:00:00+00:00,79653.0,11010.844204540372,9665.684636555667
2026-08-28 08:00:00+00:00,79509.27,10990.975666788892,9665.684636555667
2026-08-28 09:00:00+00:00,79291.35,10960.851463443716,9665.684636555667
2026-08-28 10:00:00+00:00,79555.48,10997.363512955286,9665.684636555667
2026-08-28 11:00:00+00:00,79593.43,11002.609536803255,9665.684636555667
2026-08-28 12:00:00+00:00,79373.08,10972.149422049632,9665.684636555667
2026-08-28 13:00:00+00:00,79383.25,10973.555273499798,9665.684636555667
2026-08-28 14:00:00+00:00,79528.37,10993.615958106315,9665.684636555667
2026-08-28 15:00:00+00:00,78356.83,10831.667953393533,9665.684636555667
2026-08-28 16:00:00+00:00,77811.08,10756.226121640455,9665.684636555667
2026-08-28 17:00:00+00:00,77883.54,10766.242640428962,9665.277714344913
2026-08-28 18:00:00+00:00,77536.16,10718.22251488726,9622.168166776723
2026-08-28 19:00:00+00:00,77554.49,10720.756365141102,9624.442903396348
2026-08-28 20:00:00+00:00,77395.95,10707.629960562623,9604.768231073642
2026-08-28 21:00:00+00:00,77280.41,10707.629960562623,9590.429820324523
2026-08-28 22:00:00+00:00,77755.54,10707.629960562623,9649.393028730517
2026-08-28 23:00:00+00:00,77828.9,10707.629960562623,9658.496939173268
2026-08-29 00:00:00+00:00,77732.98,10707.629960562623,9646.59335289098
2026-08-29 01:00:00+00:00,77802.43,10707.629960562623,9655.212035827853
2026-08-29 02:00:00+00:00,77670.13,10707.629960562623,9638.793724056102
2026-08-29 03:00:00+00:00,77510.19,10707.629960562623,9618.94531298449
2026-08-29 04:00:00+00:00,77651.54,10707.629960562623,9636.486721668822
2026-08-29 05:00:00+00:00,77633.74,10707.629960562623,9634.277757575572
2026-08-29 06:00:00+00:00,77439.39,10707.629960562623,9610.159096254027
2026-08-29 07:00:00+00:00,77651.55,10707.629960562623,9636.487962659887
2026-08-29 08:00:00+00:00,77598.46,10707.629960562623,9629.899541103105
2026-08-29 09:00:00+00:00,77672.81,10707.629960562623,9639.126309661153
2026-08-29 10:00:00+00:00,77639.67,10707.629960562623,9635.013665276301
2026-08-29 11:00:00+00:00,77584.53,10707.629960562623,9628.170840551475
2026-08-29 12:00:00+00:00,77583.2,10707.629960562623,9628.005788740013
2026-08-29 13:00:00+00:00,77704.23,10707.629960562623,9643.025503583061
2026-08-29 14:00:00+00:00,77996.61,10707.629960562623,9679.309600301318
2026-08-29 15:00:00+00:00,77832.1,10707.629960562623,9658.89405631363
2026-08-29 16:00:00+00:00,78031.37,10707.629960562623,9683.623285238476
2026-08-29 17:00:00+00:00,78094.91,10707.629960562623,9691.508542456748
2026-08-29 18:00:00+00:00,78152.12,10707.629960562623,9698.608252331744
2026-08-29 19:00:00+00:00,78166.16,10707.629960562623,9700.350603785073
2026-08-29 20:00:00+00:00,78124.67,10707.629960562623,9695.201731862093
2026-08-29 21:00:00+00:00,78161.64,10707.629960562623,9699.789675824313
2026-08-29 22:00:00+00:00,78216.33,10707.629960562623,9706.576655951278
2026-08-29 23:00:00+00:00,78243.96,10707.629960562623,9710.005514260072
2026-08-30 00:00:00+00:00,78185.39,10707.629960562623,9702.737029600423
2026-08-30 01:00:00+00:00,78084.15,10707.629960562623,9690.173236072285
2026-08-30 02:00:00+00:00,78130.17,10707.629960562623,9695.884276947087
2026-08-30 03:00:00+00:00,78143.19,10707.629960562623,9697.500047311927
2026-08-30 04:00:00+00:00,78082.7,10707.629960562623,9689.99329236806
2026-08-30 05:00:00+00:00,78134.47,10707.629960562623,9696.417903104446
2026-08-30 06:00:00+00:00,78280.47,10707.629960562623,9714.536372633365
2026-08-30 07:00:00+00:00,78156.45,10707.629960562623,9699.145601462293
2026-08-30 08:00:00+00:00,78076.57,10707.629960562623,9689.232564846061
2026-08-30 09:00:00+00:00,78013.38,10707.629960562623,9681.390742315016
2026-08-30 10:00:00+00:00,78146.27,10716.991145791835,9697.882272559524
2026-08-30 11:00:00+00:00,78161.73,10719.11133250214,9699.800844743886
2026-08-30 12:00:00+00:00,78757.55,10800.822176340056,9773.741574296768
2026-08-30 13:00:00+00:00,78869.49,10816.173644668102,9787.633228262983
2026-08-30 14:00:00+00:00,78793.35,10805.731793689924,9777.829478283777
2026-08-30 15:00:00+00:00,78824.88,10810.055822601691,9777.829478283777
2026-08-30 16:00:00+00:00,79317.3,10877.586374987759,9777.829478283777
2026-08-30 17:00:00+00:00,79004.53,10834.693050448157,9777.829478283777
2026-08-30 18:00:00+00:00,79038.17,10839.306445075239,9777.829478283777
2026-08-30 19:00:00+00:00,78858.48,10814.663731622793,9777.829478283777
2026-08-30 20:00:00+00:00,78607.09,10780.188069455673,9777.829478283777
2026-08-30 21:00:00+00:00,78633.74,10783.842854438186,9777.829478283777
2026-08-30 22:00:00+00:00,78439.48,10757.202009008435,9777.829478283777
2026-08-30 23:00:00+00:00,77697.33,10655.423447103314,9777.829478283777
2026-08-31 00:00:00+00:00,77932.54,10687.680181652533,9777.829478283777
2026-08-31 01:00:00+00:00,77642.25,10647.86976767229,9777.829478283777
2026-08-31 02:00:00+00:00,77456.4,10622.382270899308,9777.829478283777
2026-08-31 03:00:00+00:00,77817.12,10671.851465604444,9777.829478283777
2026-08-31 13:00:00+00:00,77862.87,10678.125627441215,9777.829478283777
2026-08-31 14:00:00+00:00,78600.47,10779.280201666397,9777.829478283777
2026-08-31 15:00:00+00:00,78569.4,10775.01925722337,9777.829478283777
2026-08-31 16:00:00+00:00,78642.36,10785.025002526338,9777.829478283777
2026-08-31 17:00:00+00:00,78919.97,10823.096479411714,9777.829478283777
2026-08-31 18:00:00+00:00,79020.56,10836.891407043642,9777.829478283777
2026-08-31 19:00:00+00:00,78901.09,10820.50727339033,9777.829478283777
2026-08-31 20:00:00+00:00,78863.15,10815.304176120668,9777.829478283777
2026-08-31 21:00:00+00:00,78951.17,10827.375252074167,9777.829478283777
2026-08-31 22:00:00+00:00,78601.2,10779.380313975485,9777.829478283777
2026-08-31 23:00:00+00:00,78570.75,10775.204396425112,9777.829478283777
2026-09-01 00:00:00+00:00,78629.63,10783.279208423997,9777.829478283777
2026-09-01 01:00:00+00:00,78427.36,10755.539870397251,9777.829478283777
2026-09-01 02:00:00+00:00,78438.05,10757.00589859474,9777.829478283777
2026-09-01 03:00:00+00:00,78676.96,10789.77005169688,9777.829478283777
2026-09-01 04:00:00+00:00,78692.1,10791.846353559366,9777.829478283777
2026-09-01 05:00:00+00:00,79170.41,10857.441858436869,9777.829478283777
2026-09-01 06:00:00+00:00,78800.0,10806.643775683684,9777.829478283777
2026-09-01 07:00:00+00:00,78619.22,10781.851579468352,9777.829478283777
2026-09-01 08:00:00+00:00,77876.13,10679.944105822759,9777.829478283777
2026-09-01 09:00:00+00:00,77899.48,10683.146328312127,9777.829478283777
2026-09-01 10:00:00+00:00,77994.96,10696.24046978043,9777.829478283777
2026-09-01 11:00:00+00:00,78072.37,10706.856488748394,9777.829478283777
2026-09-01 12:00:00+00:00,78047.45,10703.438956224409,9777.829478283777
2026-09-01 13:00:00+00:00,78003.93,10697.470616920884,9777.829478283777
2026-09-01 14:00:00+00:00,78156.98,10718.45991679231,9777.829478283777
2026-09-01 15:00:00+00:00,77930.27,10687.368873513311,9777.829478283777
2026-09-01 16:00:00+00:00,77600.09,10673.324930912237,9777.829478283777
2026-09-01 17:00:00+00:00,77268.32,10673.324930912237,9777.829478283777
2026-09-01 18:00:00+00:00,77143.54,10673.324930912237,9777.829478283777
2026-09-01 19:00:00+00:00,77251.49,10673.324930912237,9777.829478283777
2026-09-01 20:00:00+00:00,77463.94,10673.324930912237,9777.829478283777
2026-09-01 21:00:00+00:00,77242.72,10673.324930912237,9777.829478283777
2026-09-01 22:00:00+00:00,77276.91,10673.324930912237,9777.829478283777
2026-09-01 23:00:00+00:00,77446.95,10673.324930912237,9777.829478283777
2026-09-02 00:00:00+00:00,77205.1,10673.324930912237,9777.829478283777
2026-09-02 01:00:00+00:00,77029.52,10673.324930912237,9777.829478283777
2026-09-02 02:00:00+00:00,77254.27,10673.324930912237,9777.829478283777
2026-09-02 03:00:00+00:00,77512.83,10673.324930912237,9777.829478283777
2026-09-02 04:00:00+00:00,77565.87,10673.324930912237,9777.829478283777
2026-09-02 05:00:00+00:00,77644.97,10673.324930912237,9777.829478283777
2026-09-02 06:00:00+00:00,77529.58,10673.324930912237,9777.829478283777
2026-09-02 07:00:00+00:00,77479.7,10673.324930912237,9777.829478283777
2026-09-02 08:00:00+00:00,76862.59,10673.324930912237,9777.829478283777
2026-09-02 09:00:00+00:00,76705.31,10673.324930912237,9777.829478283777
2026-09-02 10:00:00+00:00,76601.96,10673.324930912237,9777.829478283777
2026-09-02 11:00:00+00:00,76832.2,10673.324930912237,9777.829478283777
2026-09-02 12:00:00+00:00,76622.83,10673.324930912237,9777.829478283777
2026-09-02 13:00:00+00:00,77134.47,10673.324930912237,9777.829478283777
2026-09-02 14:00:00+00:00,77063.38,10673.324930912237,9777.829478283777
2026-09-02 15:00:00+00:00,77258.63,10673.324930912237,9777.829478283777
2026-09-02 16:00:00+00:00,77176.32,10673.324930912237,9777.829478283777
2026-09-02 17:00:00+00:00,77393.79,10673.324930912237,9777.829478283777
2026-09-02 18:00:00+00:00,77341.9,10673.324930912237,9777.829478283777
2026-09-02 19:00:00+00:00,77272.41,10673.324930912237,9777.829478283777
2026-09-02 20:00:00+00:00,77407.53,10673.324930912237,9777.829478283777
2026-09-02 21:00:00+00:00,77327.74,10673.324930912237,9777.829478283777
2026-09-02 22:00:00+00:00,77050.16,10673.324930912237,9777.829478283777
2026-09-02 23:00:00+00:00,77168.07,10673.324930912237,9777.829478283777
2026-09-03 00:00:00+00:00,77095.56,10673.324930912237,9777.829478283777
2026-09-03 01:00:00+00:00,77399.45,10673.324930912237,9777.829478283777
2026-09-03 02:00:00+00:00,77800.32,10673.324930912237,9777.829478283777
2026-09-03 03:00:00+00:00,77728.76,10673.324930912237,9777.829478283777
2026-09-03 04:00:00+00:00,77765.83,10673.324930912237,9777.829478283777
2026-09-03 05:00:00+00:00,77784.04,10673.324930912237,9777.829478283777
2026-09-03 06:00:00+00:00,77807.78,10673.324930912237,9777.829478283777
2026-09-03 07:00:00+00:00,77679.16,10673.324930912237,9777.829478283777
2026-09-03 08:00:00+00:00,77818.24,10673.324930912237,9777.829478283777
2026-09-03 09:00:00+00:00,77642.7,10673.324930912237,9777.829478283777
2026-09-03 10:00:00+00:00,77726.78,10680.07977793255,9777.829478283777
2026-09-03 11:00:00+00:00,77966.29,10712.989746769706,9777.829478283777
2026-09-03 12:00:00+00:00,78666.79,10809.24223380753,9777.829478283777
2026-09-03 13:00:00+00:00,78798.21,10827.300052289347,9777.829478283777
2026-09-03 14:00:00+00:00,80523.71,11064.393080674448,9777.829478283777
2026-09-03 15:00:00+00:00,81342.73,11176.930856454203,9777.829478283777
2026-09-03 16:00:00+00:00,80976.0,11126.54017184124,9777.829478283777
2026-09-03 17:00:00+00:00,81006.75,11130.765388081658,9777.829478283777
2026-09-03 18:00:00+00:00,81248.33,11163.959786109634,9777.829478283777
2026-09-03 19:00:00+00:00,81761.44,11234.463874081051,9777.829478283777
2026-09-03 20:00:00+00:00,81451.0,11191.807739782662,9777.829478283777
2026-09-03 21:00:00+00:00,81586.97,11210.490752862652,9777.829478283777
2026-09-03 22:00:00+00:00,81123.07,11146.748384929966,9777.829478283777
2026-09-03 23:00:00+00:00,81281.98,11168.58347802801,9777.829478283777
2026-09-04 00:00:00+00:00,80960.0,11124.34168534216,9777.829478283777
2026-09-04 01:00:00+00:00,81001.0,11129.975306996052,9777.829478283777
2026-09-04 02:00:00+00:00,80789.09,11100.857727369805,9777.829478283777
2026-09-04 03:00:00+00:00,80882.63,11113.71062906505,9777.829478283777
2026-09-04 04:00:00+00:00,81097.58,11143.24592112612,9777.829478283777
2026-09-04 05:00:00+00:00,80979.92,11127.078801033513,9777.829478283777
2026-09-04 06:00:00+00:00,80771.59,11098.453132761437,9777.829478283777
2026-09-04 07:00:00+00:00,80695.69,11088.024062431428,9777.829478283777
2026-09-04 08:00:00+00:00,81135.16,11148.409616290834,9777.829478283777
2026-09-04 09:00:00+00:00,81064.12,11138.648336234919,9777.829478283777
2026-09-04 10:00:00+00:00,81164.6,11152.454831449139,9777.829478283777
2026-09-04 11:00:00+00:00,81265.08,11166.261326663358,9777.829478283777
2026-09-04 12:00:00+00:00,79476.73,10920.532368499058,9777.829478283777
2026-09-04 13:00:00+00:00,79475.13,10920.31251984915,9777.829478283777
2026-09-04 14:00:00+00:00,78955.58,10848.923541061855,9777.829478283777
2026-09-04 15:00:00+00:00,79422.49,10913.07949926718,9777.829478283777
2026-09-04 16:00:00+00:00,79749.91,10958.068777362718,9777.829478283777
2026-09-04 17:00:00+00:00,79472.67,10919.974502549918,9777.829478283777
2026-09-04 18:00:00+00:00,79605.15,10938.177970762294,9777.829478283777
2026-09-04 19:00:00+00:00,79810.75,10966.428522275466,9777.829478283777
2026-09-04 20:00:00+00:00,79699.18,10951.098201106572,9777.829478283777
2026-09-04 21:00:00+00:00,79629.49,10941.52241834902,9777.829478283777
2026-09-04 22:00:00+00:00,79630.77,10941.698297268947,9777.829478283777
2026-09-04 23:00:00+00:00,79665.33,10946.447028106959,9777.829478283777
2026-09-05 00:00:00+00:00,79562.78,10932.35610370192,9777.829478283777
2026-09-05 01:00:00+00:00,79536.54,10928.750585843429,9777.829478283777
2026-09-05 02:00:00+00:00,79565.2,10932.688624784905,9777.829478283777
2026-09-05 03:00:00+00:00,79597.62,10937.143308053666,9777.829478283777
2026-09-05 04:00:00+00:00,79503.11,10924.157123114415,9777.829478283777
2026-09-05 05:00:00+00:00,79578.35,10913.231593311295,9777.829478283777
2026-09-05 06:00:00+00:00,79668.68,10913.231593311295,9777.829478283777
2026-09-05 07:00:00+00:00,79748.31,10913.231593311295,9777.829478283777
2026-09-05 08:00:00+00:00,79653.58,10913.231593311295,9777.829478283777
2026-09-05 09:00:00+00:00,79615.47,10913.231593311295,9777.829478283777
2026-09-05 10:00:00+00:00,79651.11,10913.231593311295,9777.829478283777
2026-09-05 11:00:00+00:00,79643.43,10913.231593311295,9777.829478283777
2026-09-05 12:00:00+00:00,79716.15,10913.231593311295,9777.829478283777
2026-09-05 13:00:00+00:00,79626.72,10913.231593311295,9777.829478283777
2026-09-05 14:00:00+00:00,79737.9,10913.231593311295,9777.829478283777
2026-09-05 15:00:00+00:00,79810.61,10913.231593311295,9777.829478283777
2026-09-05 16:00:00+00:00,80008.9,10913.231593311295,9777.829478283777
2026-09-05 17:00:00+00:00,80051.19,10913.231593311295,9777.829478283777
2026-09-05 18:00:00+00:00,79999.44,10913.231593311295,9777.829478283777
2026-09-05 19:00:00+00:00,79756.17,10913.231593311295,9777.829478283777
2026-09-05 20:00:00+00:00,79755.2,10913.231593311295,9777.829478283777
2026-09-05 21:00:00+00:00,79915.82,10913.231593311295,9777.829478283777
2026-09-05 22:00:00+00:00,79753.36,10913.231593311295,9777.829478283777
2026-09-05 23:00:00+00:00,79815.88,10913.231593311295,9777.829478283777
2026-09-06 00:00:00+00:00,79930.71,10913.231593311295,9777.829478283777
2026-09-06 01:00:00+00:00,79946.16,10913.231593311295,9777.829478283777
2026-09-06 02:00:00+00:00,79888.83,10913.231593311295,9777.829478283777
2026-09-06 03:00:00+00:00,80035.94,10913.231593311295,9777.829478283777
2026-09-06 04:00:00+00:00,79868.88,10913.231593311295,9777.829478283777
2026-09-06 05:00:00+00:00,79956.65,10913.231593311295,9777.829478283777
2026-09-06 06:00:00+00:00,79759.17,10913.231593311295,9777.829478283777
2026-09-06 07:00:00+00:00,79823.3,10913.231593311295,9777.829478283777
2026-09-06 08:00:00+00:00,79852.04,10913.231593311295,9777.829478283777
2026-09-06 09:00:00+00:00,79868.48,10904.202414220172,9777.829478283777
2026-09-06 10:00:00+00:00,79994.18,10921.363855673264,9777.829478283777
2026-09-06 11:00:00+00:00,79914.4,10910.471733166281,9777.829478283777
2026-09-06 12:00:00+00:00,79942.61,10914.32315928714,9777.829478283777
2026-09-06 13:00:00+00:00,79810.65,10896.307058935905,9777.829478283777
2026-09-06 14:00:00+00:00,79599.24,10867.443889981267,9777.829478283777
2026-09-06 15:00:00+00:00,79722.9,10884.326816394068,9777.829478283777
2026-09-06 16:00:00+00:00,79720.66,10884.020995957675,9777.829478283777
2026-09-06 17:00:00+00:00,79745.26,10887.379559678804,9777.829478283777
2026-09-06 18:00:00+00:00,79954.82,10915.990153719458,9777.829478283777
2026-09-06 19:00:00+00:00,79811.56,10896.431298488193,9777.829478283777
2026-09-06 20:00:00+00:00,79905.78,10909.294870594082,9777.829478283777
2026-09-06 21:00:00+00:00,79951.32,10915.51230928759,9777.829478283777
2026-09-06 22:00:00+00:00,80017.84,10924.594084032693,9777.829478283777
2026-09-06 23:00:00+00:00,80345.07,10969.269807872754,9777.829478283777
2026-09-07 00:00:00+00:00,80159.24,10943.898999080167,9777.829478283777
2026-09-07 01:00:00+00:00,79947.24,10914.955279207012,9777.829478283777
2026-09-07 02:00:00+00:00,79884.4,10906.375923750269,9777.829478283777
2026-09-07 03:00:00+00:00,79645.8,10873.800586194919,9777.829478283777
2026-09-07 04:00:00+00:00,79685.2,10879.179749227947,9777.829478283777
2026-09-07 05:00:00+00:00,79773.87,10891.285596591875,9777.829478283777
2026-09-07 06:00:00+00:00,79672.47,10877.441760765752,9777.829478283777
2026-09-07 07:00:00+00:00,79396.52,10839.767140487465,9777.829478283777
2026-09-07 08:00:00+00:00,79434.54,10844.957896287357,9777.829478283777
2026-09-07 09:00:00+00:00,79412.72,10834.781251613482,9777.829478283777
2026-09-07 10:00:00+00:00,79357.62,10834.781251613482,9777.829478283777
2026-09-07 11:00:00+00:00,79402.53,10834.781251613482,9777.829478283777
2026-09-07 12:00:00+00:00,79605.66,10834.781251613482,9777.829478283777
2026-09-07 13:00:00+00:00,79369.61,10834.781251613482,9777.829478283777
2026-09-07 14:00:00+00:00,79194.92,10834.781251613482,9777.829478283777
2026-09-07 15:00:00+00:00,78854.03,10834.781251613482,9777.829478283777
2026-09-07 16:00:00+00:00,78989.68,10834.781251613482,9777.829478283777
2026-09-07 17:00:00+00:00,79182.12,10834.781251613482,9777.829478283777
2026-09-07 18:00:00+00:00,79207.53,10834.781251613482,9777.829478283777
2026-09-07 19:00:00+00:00,79356.43,10834.781251613482,9777.829478283777
2026-09-07 20:00:00+00:00,79230.27,10834.781251613482,9777.829478283777
2026-09-07 21:00:00+00:00,79180.0,10834.781251613482,9777.829478283777
2026-09-07 22:00:00+00:00,78954.9,10834.781251613482,9777.829478283777
2026-09-07 23:00:00+00:00,79123.21,10834.781251613482,9777.829478283777
2026-09-08 00:00:00+00:00,79311.09,10834.781251613482,9777.829478283777
2026-09-08 01:00:00+00:00,79403.38,10834.781251613482,9777.829478283777
2026-09-08 02:00:00+00:00,79007.68,10834.781251613482,9777.829478283777
2026-09-08 03:00:00+00:00,78915.84,10834.781251613482,9777.829478283777
2026-09-08 04:00:00+00:00,78704.9,10834.781251613482,9777.829478283777
2026-09-08 05:00:00+00:00,78606.04,10834.781251613482,9777.829478283777
2026-09-08 06:00:00+00:00,78319.78,10834.781251613482,9777.829478283777
2026-09-08 07:00:00+00:00,78458.1,10834.781251613482,9783.65753821454
2026-09-08 08:00:00+00:00,78433.87,10834.781251613482,9780.636078070194
2026-09-08 09:00:00+00:00,78752.38,10834.781251613482,9820.35400091687
2026-09-08 10:00:00+00:00,78628.51,10834.781251613482,9804.907518536354
2026-09-08 11:00:00+00:00,78421.34,10834.781251613482,9779.07359785523
2026-09-08 12:00:00+00:00,78405.16,10834.781251613482,9777.055965781952
2026-09-08 13:00:00+00:00,77938.01,10834.781251613482,9718.802762875217
2026-09-08 14:00:00+00:00,78521.38,10834.781251613482,9791.548499747105
2026-09-08 15:00:00+00:00,78879.89,10834.781251613482,9836.254388164301
2026-09-08 16:00:00+00:00,78735.45,10834.781251613482,9818.242844489147
2026-09-08 17:00:00+00:00,78567.33,10834.781251613482,9797.278425196242
2026-09-08 18:00:00+00:00,78407.83,10834.781251613482,9777.388912483786
2026-09-08 19:00:00+00:00,78421.79,10834.781251613482,9779.129712467897
2026-09-08 20:00:00+00:00,78499.98,10834.781251613482,9788.879938166874
2026-09-08 21:00:00+00:00,78459.2,10834.781251613482,9783.794707267727
2026-09-08 22:00:00+00:00,78554.69,10834.781251613482,9795.702228075957
2026-09-08 23:00:00+00:00,78421.38,10834.781251613482,9779.0785858208
2026-09-09 00:00:00+00:00,78759.06,10834.781251613482,9821.186991167147
2026-09-09 01:00:00+00:00,78849.26,10834.781251613482,9832.434853528674
2026-09-09 02:00:00+00:00,78727.53,10834.781251613482,9817.255227306183
2026-09-09 03:00:00+00:00,78655.44,10834.781251613482,9808.26566635671
2026-09-09 04:00:00+00:00,79168.47,10834.781251613482,9872.240065772834
2026-09-09 05:00:00+00:00,78925.53,10834.781251613482,9841.945656880267
2026-09-09 06:00:00+00:00,79165.33,10834.781251613482,9871.848510475547
2026-09-09 07:00:00+00:00,79281.53,10834.781251613482,9886.338550457915
2026-09-09 08:00:00+00:00,79673.79,10834.781251613482,9935.253034825239
2026-09-09 09:00:00+00:00,78939.7,10834.781251613482,9843.712643683624
2026-09-09 10:00:00+00:00,78895.75,10834.781251613482,9838.232116513014
2026-09-09 11:00:00+00:00,79341.5,10834.781251613482,9893.81675783952
2026-09-09 12:00:00+00:00,79583.79,10834.781251613482,9924.030112291564
2026-09-09 13:00:00+00:00,79134.33,10834.781251613482,9867.982837158394
2026-09-09 14:00:00+00:00,78922.45,10794.786834100194,9841.561583531337
2026-09-09 15:00:00+00:00,78616.91,10752.995947358957,9803.461008520904
2026-09-09 16:00:00+00:00,78802.11,10778.327073314567,9826.55528911242
2026-09-09 17:00:00+00:00,78799.03,10777.90579972956,9826.171215763492
2026-09-09 18:00:00+00:00,78408.85,10724.538096028913,9777.516105605833
2026-09-09 19:00:00+00:00,78222.99,10699.11669716223,9754.339523582403
2026-09-09 20:00:00+00:00,78296.5,10709.17118457582,9763.50615730963
2026-09-09 21:00:00+00:00,78137.88,10687.475594947964,9743.726379839725
2026-09-09 22:00:00+00:00,77920.18,10657.699212007701,9716.579377222157
2026-09-09 23:00:00+00:00,78303.05,10710.067074829649,9764.322936671802
2026-09-10 00:00:00+00:00,78185.46,10693.983451173493,9749.65956488586
2026-09-10 01:00:00+00:00,78117.71,10684.71680007472,9741.211198200788
2026-09-10 02:00:00+00:00,78341.85,10715.374027783633,9769.16126327521
2026-09-10 03:00:00+00:00,78329.57,10713.694404529126,9767.62995784506
2026-09-10 04:00:00+00:00,78395.42,10702.7087958065,9775.84139616553
2026-09-10 05:00:00+00:00,78512.79,10702.7087958065,9790.477334140835
2026-09-10 06:00:00+00:00,78431.25,10702.7087958065,9780.309366325326
2026-09-10 07:00:00+00:00,78114.42,10702.7087958065,9740.800938032613
2026-09-10 08:00:00+00:00,78095.78,10702.7087958065,9738.476546076748
2026-09-10 09:00:00+00:00,77994.0,10702.7087958065,9725.784667682556
2026-09-10 10:00:00+00:00,77863.79,10702.7087958065,9709.547592759112
2026-09-10 11:00:00+00:00,77882.31,10702.7087958065,9711.857020818265
2026-09-10 12:00:00+00:00,76849.98,10702.7087958065,9583.126358382837
2026-09-10 13:00:00+00:00,77202.91,10702.7087958065,9627.136425602948
2026-09-10 14:00:00+00:00,77401.09,10702.7087958065,9651.8493010221
2026-09-10 15:00:00+00:00,77241.35,10702.7087958065,9631.92986051622
2026-09-10 16:00:00+00:00,77149.67,10702.7087958065,9620.497443428581
2026-09-10 17:00:00+00:00,77377.35,10702.7087958065,9648.888943455995
2026-09-10 18:00:00+00:00,77232.06,10702.7087958065,9630.771405512465
2026-09-10 19:00:00+00:00,77140.32,10702.7087958065,9619.331506476474
2026-09-10 20:00:00+00:00,77255.3,10702.7087958065,9633.669413508938
2026-09-10 21:00:00+00:00,77133.22,10702.7087958065,9618.446142587705
2026-09-10 22:00:00+00:00,76838.25,10702.7087958065,9581.663637479282
2026-09-10 23:00:00+00:00,76634.78,10702.7087958065,9556.291103613428
2026-09-11 00:00:00+00:00,76919.47,10702.7087958065,9591.791701570228
2026-09-11 01:00:00+00:00,76974.43,10702.7087958065,9598.645166264125
2026-09-11 02:00:00+00:00,76845.56,10702.7087958065,9582.575188187295
2026-09-11 03:00:00+00:00,76886.46,10702.7087958065,9587.675382983154
2026-09-11 04:00:00+00:00,77118.36,10702.7087958065,9616.593113378256
2026-09-11 05:00:00+00:00,77205.36,10702.7087958065,9627.441938494141
2026-09-11 06:00:00+00:00,77293.45,10702.7087958065,9638.426685671824
2026-09-11 07:00:00+00:00,77236.03,10702.7087958065,9631.26646109534
2026-09-11 08:00:00+00:00,77411.73,10702.7087958065,9653.176099863857
2026-09-11 09:00:00+00:00,77024.89,10702.7087958065,9604.937484831338
2026-09-11 10:00:00+00:00,77025.23,10702.7087958065,9604.979882538688
2026-09-11 11:00:00+00:00,76988.08,10702.7087958065,9600.347309515066
2026-09-11 12:00:00+00:00,78010.41,10702.7087958065,9727.830980557863
2026-09-11 13:00:00+00:00,79221.61,10702.7087958065,9878.866578033272
2026-09-11 14:00:00+00:00,78822.68,10702.7087958065,9866.295657804165
2026-09-11 15:00:00+00:00,77658.19,10702.7087958065,9866.295657804165
2026-09-11 16:00:00+00:00,77843.48,10702.7087958065,9866.295657804165
2026-09-11 17:00:00+00:00,77580.62,10702.7087958065,9866.295657804165
2026-09-11 18:00:00+00:00,77001.93,10702.7087958065,9866.295657804165
2026-09-11 19:00:00+00:00,77333.8,10702.7087958065,9866.295657804165
2026-09-11 20:00:00+00:00,77319.4,10702.7087958065,9866.295657804165
2026-09-11 21:00:00+00:00,77095.42,10702.7087958065,9866.295657804165
2026-09-11 22:00:00+00:00,77136.83,10702.7087958065,9866.295657804165
2026-09-11 23:00:00+00:00,77205.0,10702.7087958065,9866.295657804165
2026-09-12 00:00:00+00:00,77297.9,10702.7087958065,9866.295657804165
2026-09-12 01:00:00+00:00,77286.27,10702.7087958065,9866.295657804165
2026-09-12 02:00:00+00:00,77314.06,10702.7087958065,9866.295657804165
2026-09-12 03:00:00+00:00,77274.34,10702.7087958065,9866.295657804165
2026-09-12 04:00:00+00:00,77236.91,10686.475473158298,9866.295657804165
2026-09-12 05:00:00+00:00,77244.32,10687.50071851387,9866.295657804165
2026-09-12 06:00:00+00:00,77317.24,10697.589907626985,9866.295657804165
2026-09-12 07:00:00+00:00,77284.66,10693.082148695206,9866.295657804165
2026-09-12 08:00:00+00:00,77345.03,10701.434923609615,9866.295657804165
2026-09-12 09:00:00+00:00,77346.58,10701.649381140132,9866.295657804165
2026-09-12 10:00:00+00:00,77340.27,10700.776331451381,9866.295657804165
2026-09-12 11:00:00+00:00,77360.28,10691.003020293956,9866.295657804165
2026-09-12 12:00:00+00:00,77341.8,10691.003020293956,9866.295657804165
2026-09-12 13:00:00+00:00,77335.79,10691.003020293956,9866.295657804165
2026-09-12 14:00:00+00:00,77464.17,10691.003020293956,9866.295657804165
2026-09-12 15:00:00+00:00,77378.55,10691.003020293956,9866.295657804165
2026-09-12 16:00:00+00:00,77346.07,10691.003020293956,9866.295657804165
2026-09-12 17:00:00+00:00,77218.53,10691.003020293956,9866.295657804165
2026-09-12 18:00:00+00:00,77158.03,10691.003020293956,9866.295657804165
2026-09-12 19:00:00+00:00,77153.24,10691.003020293956,9866.295657804165
2026-09-12 20:00:00+00:00,77167.41,10691.003020293956,9866.295657804165
2026-09-12 21:00:00+00:00,77245.71,10691.003020293956,9866.295657804165
2026-09-12 22:00:00+00:00,77239.66,10691.003020293956,9866.295657804165
2026-09-12 23:00:00+00:00,77284.74,10691.003020293956,9866.295657804165
2026-09-13 00:00:00+00:00,77276.98,10691.003020293956,9866.295657804165
2026-09-13 01:00:00+00:00,77304.74,10691.003020293956,9866.295657804165
2026-09-13 02:00:00+00:00,77296.31,10691.003020293956,9866.295657804165
2026-09-13 03:00:00+00:00,77216.7,10691.003020293956,9866.295657804165
2026-09-13 04:00:00+00:00,77205.66,10691.003020293956,9866.295657804165
2026-09-13 05:00:00+00:00,77323.06,10691.003020293956,9866.295657804165
2026-09-13 06:00:00+00:00,77092.02,10691.003020293956,9866.295657804165
2026-09-13 07:00:00+00:00,77105.57,10691.003020293956,9866.295657804165
2026-09-13 08:00:00+00:00,76842.07,10691.003020293956,9866.295657804165
2026-09-13 09:00:00+00:00,76771.02,10691.003020293956,9866.295657804165
2026-09-13 10:00:00+00:00,76660.94,10691.003020293956,9866.295657804165
2026-09-13 11:00:00+00:00,76805.7,10691.003020293956,9873.644824723417
2026-09-13 12:00:00+00:00,76740.26,10691.003020293956,9865.232280897504
2026-09-13 13:00:00+00:00,76864.16,10691.003020293956,9881.160064822177
2026-09-13 14:00:00+00:00,77179.74,10691.003020293956,9921.728991787055
2026-09-13 15:00:00+00:00,77119.74,10691.003020293956,9914.015779232734
2026-09-13 16:00:00+00:00,77289.74,10691.003020293956,9935.869881469976
2026-09-13 17:00:00+00:00,77355.8,10691.003020293956,9944.362128492283
2026-09-13 18:00:00+00:00,77345.37,10691.003020293956,9943.021315043256
2026-09-13 19:00:00+00:00,77278.17,10691.003020293956,9934.382516982418
2026-09-13 20:00:00+00:00,77344.82,10691.003020293956,9942.950610594844
2026-09-13 21:00:00+00:00,77316.44,10691.003020293956,9939.30226105665
2026-09-13 22:00:00+00:00,76715.08,10691.003020293956,9861.995302695543
2026-09-13 23:00:00+00:00,76827.78,10691.003020293956,9876.483286943407
2026-09-14 00:00:00+00:00,76817.85,10691.003020293956,9875.206750265668
2026-09-14 01:00:00+00:00,77172.35,10691.003020293956,9920.778981107447
2026-09-14 02:00:00+00:00,77567.24,10691.003020293956,9971.543489533711
2026-09-14 03:00:00+00:00,77549.87,10691.003020293956,9969.310514499233
2026-09-14 04:00:00+00:00,77681.07,10691.003020293956,9986.176739284683
2026-09-14 05:00:00+00:00,77583.1,10691.003020293956,9973.582348718903
2026-09-14 06:00:00+00:00,77630.31,10691.003020293956,9979.651361463726
2026-09-14 07:00:00+00:00,77844.61,10691.003020293956,10007.20038563691
2026-09-14 08:00:00+00:00,77709.78,10657.601685245088,9989.867511491924
2026-09-14 09:00:00+00:00,78245.55,10731.080509337806,10058.742642995734
2026-09-14 10:00:00+00:00,77946.78,10690.105336643961,10020.334701081492
2026-09-14 11:00:00+00:00,77752.24,10663.4249132552,9995.325894909534
2026-09-14 12:00:00+00:00,77672.69,10652.514932374268,9985.099460597929
2026-09-14 13:00:00+00:00,78112.04,10712.770119049772,10041.579459526944
2026-09-14 14:00:00+00:00,78531.27,10770.265924011586,10095.47296117941
2026-09-14 15:00:00+00:00,78612.16,10781.359680811816,10105.87165723806
2026-09-14 16:00:00+00:00,78772.3,10803.322274630447,10126.458221545543
2026-09-14 17:00:00+00:00,78914.28,10822.794293303916,10116.331763323997
2026-09-14 18:00:00+00:00,79231.13,10866.249069446249,10116.331763323997
2026-09-14 19:00:00+00:00,78985.35,10832.541274337325,10116.331763323997
2026-09-14 20:00:00+00:00,79102.21,10848.56818025493,10116.331763323997
2026-09-14 21:00:00+00:00,78775.17,10803.715884248653,10116.331763323997
2026-09-14 22:00:00+00:00,78557.22,10773.82486812045,10116.331763323997
2026-09-14 23:00:00+00:00,78171.49,10720.92346114118,10116.331763323997
2026-09-15 00:00:00+00:00,77959.37,10691.832007408144,10116.331763323997
2026-09-15 01:00:00+00:00,77916.97,10686.017008170542,10116.331763323997
2026-09-15 02:00:00+00:00,77910.04,10685.066584946093,10116.331763323997
2026-09-15 03:00:00+00:00,77652.82,10649.789837212684,10116.331763323997
2026-09-15 04:00:00+00:00,77581.74,10640.04148471719,10116.331763323997
2026-09-15 05:00:00+00:00,77645.73,10648.817470594886,10116.331763323997
2026-09-15 06:00:00+00:00,77277.56,10598.324351035717,10116.331763323997
2026-09-15 07:00:00+00:00,76912.42,10548.246784488105,10116.331763323997
2026-09-15 08:00:00+00:00,76997.97,10559.979642619639,10116.331763323997
2026-09-15 09:00:00+00:00,76960.62,10554.857231734626,10116.331763323997
2026-09-15 10:00:00+00:00,77063.66,10568.988777051673,10116.331763323997
2026-09-15 11:00:00+00:00,76927.0,10550.246376207073,10116.331763323997
2026-09-15 12:00:00+00:00,76907.57,10547.5816253772,10116.331763323997
2026-09-15 13:00:00+00:00,76590.53,10504.100791455265,10116.331763323997
2026-09-15 14:00:00+00:00,75922.2,10412.441865972527,10013.304448615616
2026-09-15 15:00:00+00:00,76514.51,10401.384111423473,10091.42363322775
2026-09-15 16:00:00+00:00,76403.09,10401.384111423473,10076.728558774366
2026-09-15 17:00:00+00:00,76981.07,10401.384111423473,10152.957773749842
2026-09-15 18:00:00+00:00,75985.1,10401.384111423473,10021.600267886106
2026-09-15 19:00:00+00:00,75876.23,10401.384111423473,10007.241510430173
