open_time,open,high,low,close,volume
2026-05-18T20:00:00+00:00,76965.11000000,77165.67000000,76899.41000000,76939.84000000,4.62848000
2026-05-18T21:00:00+00:00,76902.33000000,77179.97000000,76832.83000000,77105.27000000,5.24005000
2026-05-18T22:00:00+00:00,77132.35000000,77219.87000000,76932.48000000,77007.73000000,2.89077000
2026-05-18T23:00:00+00:00,77073.23000000,77147.35000000,76990.56000000,77006.42000000,0.11651000
2026-05-19T00:00:00+00:00,77006.42000000,77367.62000000,76967.27000000,77149.18000000,5.17282000
2026-05-19T01:00:00+00:00,77105.69000000,77129.87000000,76661.89000000,76661.89000000,0.31082000
2026-05-19T02:00:00+00:00,76661.89000000,76950.00000000,76500.00000000,76621.35000000,0.05728000
2026-05-19T03:00:00+00:00,76595.47000000,76843.70000000,76595.47000000,76790.67000000,0.02628000
2026-05-19T04:00:00+00:00,76766.96000000,76949.62000000,76692.15000000,76901.58000000,0.08891000
2026-05-19T05:00:00+00:00,76938.89000000,77000.00000000,76651.58000000,76928.61000000,0.06509000
2026-05-19T06:00:00+00:00,76977.51000000,77101.26000000,76937.68000000,77042.22000000,0.13625000
2026-05-19T07:00:00+00:00,77032.90000000,77282.81000000,76986.13000000,77218.91000000,0.03324000
2026-05-19T08:00:00+00:00,77255.76000000,77282.81000000,76967.03000000,77059.53000000,0.02641000
2026-05-19T09:00:00+00:00,77051.77000000,77054.45000000,76743.27000000,76777.64000000,0.05434000
2026-05-19T10:00:00+00:00,76806.79000000,77098.04000000,76724.68000000,77049.26000000,0.03803000
2026-05-19T11:00:00+00:00,77052.72000000,77069.63000000,76670.49000000,76726.62000000,1.30709000
2026-05-19T12:00:00+00:00,76689.86000000,76985.67000000,76681.25000000,76985.67000000,1.38456000
2026-05-19T13:00:00+00:00,76934.53000000,77050.15000000,76594.69000000,76884.55000000,1.26267000
2026-05-19T14:00:00+00:00,76859.12000000,77007.39000000,76153.56000000,76404.78000000,2.90931000
2026-05-19T15:00:00+00:00,76401.11000000,76684.58000000,76370.04000000,76481.58000000,0.52203000
2026-05-19T16:00:00+00:00,76513.07000000,76898.91000000,76439.89000000,76898.91000000,2.28641000
2026-05-19T17:00:00+00:00,76898.91000000,77005.34000000,76722.25000000,76818.75000000,8.70349000
2026-05-19T18:00:00+00:00,76852.75000000,76949.87000000,76785.37000000,76821.62000000,0.49367000
2026-05-19T19:00:00+00:00,76851.01000000,77066.30000000,76805.80000000,76880.00000000,2.55859000
2026-05-19T20:00:00+00:00,76833.91000000,77044.41000000,76833.91000000,77031.06000000,0.11745000
2026-05-19T21:00:00+00:00,77005.73000000,77045.17000000,76972.84000000,77009.99000000,0.56870000
2026-05-19T22:00:00+00:00,77009.99000000,77009.99000000,76656.12000000,76734.91000000,2.28110000
2026-05-19T23:00:00+00:00,76726.93000000,76976.92000000,76709.85000000,76833.85000000,0.04517000
2026-05-20T00:00:00+00:00,76901.97000000,76901.97000000,76527.01000000,76756.39000000,2.79416000
2026-05-20T01:00:00+00:00,76804.25000000,76919.92000000,76567.52000000,76826.97000000,0.33552000
2026-05-20T02:00:00+00:00,76784.33000000,76908.65000000,76637.71000000,76710.88000000,0.05403000
2026-05-20T03:00:00+00:00,76683.10000000,76822.70000000,76587.95000000,76740.99000000,0.11125000
2026-05-20T04:00:00+00:00,76804.52000000,76823.64000000,76741.78000000,76761.63000000,0.16994000
2026-05-20T05:00:00+00:00,76759.60000000,77302.97000000,76758.93000000,77183.49000000,0.69840000
2026-05-20T06:00:00+00:00,77231.85000000,77435.80000000,77218.14000000,77422.78000000,0.36925000
2026-05-20T07:00:00+00:00,77419.57000000,77486.66000000,77278.80000000,77278.80000000,0.97345000
2026-05-20T08:00:00+00:00,77299.39000000,77628.97000000,77266.14000000,77479.28000000,0.09056000
2026-05-20T09:00:00+00:00,77469.70000000,77541.55000000,77419.07000000,77465.39000000,0.58068000
2026-05-20T10:00:00+00:00,77465.39000000,77664.93000000,77465.39000000,77512.13000000,0.08819000
2026-05-20T11:00:00+00:00,77567.60000000,77567.60000000,77375.78000000,77409.68000000,0.03261000
2026-05-20T12:00:00+00:00,77488.61000000,77726.37000000,77389.39000000,77631.63000000,0.32297000
2026-05-20T13:00:00+00:00,77614.25000000,77614.25000000,77000.00000000,77132.50000000,4.65685000
2026-05-20T14:00:00+00:00,77256.04000000,77555.95000000,76876.27000000,77460.77000000,6.72077000
2026-05-20T15:00:00+00:00,77462.03000000,77835.07000000,77307.75000000,77432.58000000,1.48704000
2026-05-20T16:00:00+00:00,77467.47000000,77567.67000000,77025.07000000,77356.97000000,1.07717000
2026-05-20T17:00:00+00:00,77340.47000000,77705.84000000,77250.52000000,77565.74000000,0.68543000
2026-05-20T18:00:00+00:00,77567.00000000,77610.69000000,77390.40000000,77466.29000000,0.70905000
2026-05-20T19:00:00+00:00,77408.08000000,77705.84000000,77373.53000000,77665.58000000,0.43915000
2026-05-20T20:00:00+00:00,77682.09000000,77750.00000000,77486.66000000,77708.54000000,0.35526000
2026-05-20T21:00:00+00:00,77709.58000000,77750.00000000,77488.26000000,77488.26000000,2.60745000
2026-05-20T22:00:00+00:00,77486.66000000,77510.99000000,77231.19000000,77510.99000000,2.93252000
2026-05-20T23:00:00+00:00,77518.92000000,77576.52000000,77409.56000000,77542.46000000,0.31776000
2026-05-21T00:00:00+00:00,77575.77000000,78068.62000000,77554.46000000,77940.50000000,1.91185000
2026-05-21T01:00:00+00:00,77963.11000000,78157.45000000,77812.53000000,77837.34000000,0.56652000
2026-05-21T02:00:00+00:00,77856.43000000,78096.60000000,77843.25000000,77969.64000000,3.14718000
2026-05-21T03:00:00+00:00,77971.31000000,78090.95000000,77925.44000000,78090.95000000,0.27402000
2026-05-21T04:00:00+00:00,78076.97000000,78160.84000000,77965.77000000,78044.71000000,2.09376000
2026-05-21T05:00:00+00:00,78017.56000000,78136.50000000,77782.75000000,77810.95000000,0.31557000
2026-05-21T06:00:00+00:00,77821.14000000,77878.75000000,77555.95000000,77630.81000000,0.24756000
2026-05-21T07:00:00+00:00,77614.34000000,77905.21000000,77515.46000000,77905.21000000,0.25311000
2026-05-21T08:00:00+00:00,77902.39000000,78175.08000000,77902.39000000,77936.14000000,2.67234000
2026-05-21T09:00:00+00:00,77913.56000000,77953.47000000,77653.22000000,77653.22000000,1.71999000
2026-05-21T10:00:00+00:00,77652.14000000,77683.80000000,77179.75000000,77244.26000000,0.37651000
2026-05-21T11:00:00+00:00,77218.95000000,77371.21000000,77143.50000000,77185.28000000,0.44082000
2026-05-21T12:00:00+00:00,77236.22000000,77350.64000000,77105.69000000,77295.36000000,0.24236000
2026-05-21T13:00:00+00:00,77287.80000000,77365.61000000,76750.00000000,77108.39000000,0.86281000
2026-05-21T14:00:00+00:00,77151.80000000,77233.05000000,76794.40000000,76982.02000000,0.42886000
2026-05-21T15:00:00+00:00,76996.38000000,77377.59000000,76923.47000000,77271.73000000,0.23445000
2026-05-21T16:00:00+00:00,77294.08000000,77333.86000000,77046.29000000,77120.36000000,0.71204000
2026-05-21T17:00:00+00:00,77268.10000000,78075.26000000,77188.99000000,78005.11000000,3.54089000
2026-05-21T18:00:00+00:00,77900.34000000,77908.50000000,77268.10000000,77382.86000000,3.04451000
2026-05-21T19:00:00+00:00,77395.67000000,77778.11000000,77376.45000000,77750.42000000,0.51370000
2026-05-21T20:00:00+00:00,77703.07000000,77809.03000000,77661.02000000,77707.15000000,1.38037000
2026-05-21T21:00:00+00:00,77729.44000000,77813.03000000,77678.11000000,77702.09000000,0.38412000
2026-05-21T22:00:00+00:00,77645.64000000,77756.56000000,77560.19000000,77626.77000000,3.46290000
2026-05-21T23:00:00+00:00,77623.44000000,77729.07000000,77556.12000000,77609.93000000,0.15721000
2026-05-22T00:00:00+00:00,77638.44000000,77646.66000000,77375.20000000,77424.77000000,0.68324000
2026-05-22T01:00:00+00:00,77355.92000000,77645.68000000,77317.95000000,77598.28000000,0.16124000
2026-05-22T02:00:00+00:00,77661.55000000,77737.78000000,77615.78000000,77641.94000000,0.11530000
2026-05-22T03:00:00+00:00,77712.63000000,77818.19000000,77686.56000000,77782.10000000,0.17787000
2026-05-22T04:00:00+00:00,77790.72000000,77891.23000000,77638.22000000,77646.14000000,4.60088000
2026-05-22T05:00:00+00:00,77653.50000000,77725.36000000,77486.66000000,77486.66000000,0.55396000
2026-05-22T06:00:00+00:00,77470.92000000,77495.84000000,77393.66000000,77412.02000000,0.07692000
2026-05-22T07:00:00+00:00,77417.91000000,77533.42000000,77295.94000000,77430.48000000,0.50427000
2026-05-22T08:00:00+00:00,77449.79000000,77539.54000000,77239.26000000,77309.25000000,2.77925000
2026-05-22T09:00:00+00:00,77243.90000000,77363.84000000,77243.90000000,77363.84000000,0.00557000
2026-05-22T10:00:00+00:00,77324.34000000,77361.42000000,77276.08000000,77319.07000000,0.03513000
2026-05-22T11:00:00+00:00,77334.03000000,77419.87000000,77187.92000000,77410.08000000,0.31360000
2026-05-22T12:00:00+00:00,77436.78000000,77574.97000000,77405.05000000,77503.74000000,2.29201000
2026-05-22T13:00:00+00:00,77540.35000000,77560.36000000,77154.70000000,77267.63000000,2.20812000
2026-05-22T14:00:00+00:00,77262.90000000,77262.90000000,76743.00000000,76777.05000000,4.79545000
2026-05-22T15:00:00+00:00,76763.28000000,76996.74000000,76592.57000000,76823.75000000,4.91864000
2026-05-22T16:00:00+00:00,76805.16000000,76997.17000000,76764.99000000,76974.10000000,5.07944000
2026-05-22T17:00:00+00:00,76965.41000000,77098.16000000,76751.14000000,76751.14000000,5.80770000
2026-05-22T18:00:00+00:00,76751.16000000,76923.40000000,76127.47000000,76552.57000000,3.63613000
2026-05-22T19:00:00+00:00,76545.14000000,76586.79000000,75701.10000000,75861.38000000,12.19919000
2026-05-22T20:00:00+00:00,75861.38000000,76103.49000000,75836.86000000,75998.88000000,3.49474000
2026-05-22T21:00:00+00:00,75999.61000000,76075.27000000,75957.85000000,75970.42000000,2.87159000
2026-05-22T22:00:00+00:00,75972.90000000,75983.53000000,75547.21000000,75730.25000000,3.24772000
2026-05-22T23:00:00+00:00,75752.64000000,75866.18000000,75354.82000000,75555.70000000,0.47713000
2026-05-23T00:00:00+00:00,75543.03000000,75607.07000000,75239.33000000,75386.21000000,0.86223000
2026-05-23T01:00:00+00:00,75397.69000000,75510.47000000,75397.69000000,75481.56000000,0.27085000
2026-05-23T02:00:00+00:00,75508.36000000,75547.20000000,75454.36000000,75547.20000000,0.31696000
2026-05-23T03:00:00+00:00,75602.52000000,75666.42000000,75581.75000000,75646.71000000,0.22002000
2026-05-23T04:00:00+00:00,75646.71000000,75651.67000000,75518.63000000,75537.99000000,0.13172000
2026-05-23T05:00:00+00:00,75543.52000000,75554.89000000,75477.40000000,75477.40000000,0.04235000
2026-05-23T06:00:00+00:00,75465.35000000,75501.67000000,75393.25000000,75399.67000000,2.71043000
2026-05-23T07:00:00+00:00,75403.58000000,75432.83000000,74320.00000000,74585.23000000,2.13130000
2026-05-23T08:00:00+00:00,74620.31000000,74738.44000000,74364.94000000,74658.76000000,1.08555000
2026-05-23T09:00:00+00:00,74647.39000000,74763.00000000,74642.39000000,74763.00000000,1.23143000
2026-05-23T10:00:00+00:00,74685.35000000,74771.54000000,74685.35000000,74738.53000000,0.08474000
2026-05-23T11:00:00+00:00,74701.20000000,74843.87000000,74701.20000000,74815.35000000,1.18559000
2026-05-23T12:00:00+00:00,74809.99000000,74809.99000000,74679.00000000,74752.35000000,0.44510000
2026-05-23T13:00:00+00:00,74864.86000000,75249.67000000,74864.86000000,75203.34000000,0.59971000
2026-05-23T14:00:00+00:00,75218.42000000,75674.80000000,75102.80000000,75538.19000000,5.94484000
2026-05-23T15:00:00+00:00,75557.68000000,75665.41000000,75451.26000000,75504.58000000,0.72001000
2026-05-23T16:00:00+00:00,75537.00000000,75610.97000000,75440.03000000,75487.25000000,0.03928000
2026-05-23T17:00:00+00:00,75534.75000000,75534.75000000,75407.78000000,75499.88000000,0.24807000
2026-05-23T18:00:00+00:00,75499.89000000,75960.58000000,75477.62000000,75833.75000000,8.32572000
2026-05-23T19:00:00+00:00,75838.14000000,75985.00000000,75786.73000000,75964.64000000,0.28464000
2026-05-23T20:00:00+00:00,76000.00000000,77275.18000000,75986.83000000,77275.18000000,8.91406000
2026-05-23T21:00:00+00:00,77279.00000000,77393.40000000,76532.11000000,76735.65000000,0.53917000
2026-05-23T22:00:00+00:00,76832.82000000,76881.89000000,76405.66000000,76603.88000000,0.20200000
2026-05-23T23:00:00+00:00,76547.75000000,76799.96000000,76547.75000000,76772.08000000,0.33583000
2026-05-24T00:00:00+00:00,76775.63000000,76923.64000000,76633.14000000,76849.47000000,2.78222000
2026-05-24T01:00:00+00:00,76842.49000000,76937.89000000,76772.14000000,76871.19000000,2.99734000
2026-05-24T02:00:00+00:00,76891.11000000,76911.06000000,76713.28000000,76837.97000000,0.09471000
2026-05-24T03:00:00+00:00,76832.11000000,76995.10000000,76770.00000000,76770.00000000,0.10509000
2026-05-24T04:00:00+00:00,76812.04000000,76848.58000000,76729.65000000,76791.84000000,0.08619000
2026-05-24T05:00:00+00:00,76789.77000000,76848.58000000,76668.71000000,76841.79000000,2.73677000
2026-05-24T06:00:00+00:00,76831.42000000,77051.49000000,76644.62000000,77001.33000000,2.76062000
2026-05-24T07:00:00+00:00,76991.48000000,77030.97000000,76801.43000000,76801.43000000,0.52323000
2026-05-24T08:00:00+00:00,76814.80000000,76832.37000000,76748.26000000,76822.67000000,0.03790000
2026-05-24T09:00:00+00:00,76831.36000000,77032.11000000,76831.36000000,77032.11000000,0.11974000
2026-05-24T10:00:00+00:00,77032.11000000,77516.96000000,76937.44000000,77200.61000000,5.82992000
2026-05-24T11:00:00+00:00,77261.75000000,77341.86000000,77216.12000000,77310.29000000,5.13629000
2026-05-24T12:00:00+00:00,77291.18000000,77308.07000000,77055.69000000,77114.07000000,0.64172000
2026-05-24T13:00:00+00:00,77109.68000000,77125.88000000,76565.43000000,76805.97000000,2.88628000
2026-05-24T14:00:00+00:00,76821.35000000,76824.99000000,76188.19000000,76453.99000000,6.96183000
2026-05-24T15:00:00+00:00,76464.90000000,76548.46000000,76341.54000000,76394.04000000,1.44347000
2026-05-24T16:00:00+00:00,76388.66000000,76724.68000000,76369.39000000,76684.80000000,4.20618000
2026-05-24T17:00:00+00:00,76693.40000000,76777.35000000,76598.13000000,76699.22000000,9.86448000
2026-05-24T18:00:00+00:00,76709.52000000,76792.79000000,76614.01000000,76627.28000000,0.14000000
2026-05-24T19:00:00+00:00,76735.89000000,76780.91000000,76623.36000000,76780.91000000,0.01825000
2026-05-24T20:00:00+00:00,76793.61000000,76793.61000000,76617.55000000,76641.86000000,0.02951000
2026-05-24T21:00:00+00:00,76671.06000000,76746.32000000,76103.72000000,76145.55000000,0.71604000
2026-05-24T22:00:00+00:00,76181.89000000,76992.42000000,76176.13000000,76802.00000000,0.16442000
2026-05-24T23:00:00+00:00,76835.80000000,77205.18000000,76835.80000000,77098.76000000,2.83955000
2026-05-25T00:00:00+00:00,77127.41000000,77284.06000000,77104.35000000,77133.14000000,2.86718000
2026-05-25T01:00:00+00:00,77153.23000000,77254.54000000,76906.95000000,76909.56000000,5.69172000
2026-05-25T02:00:00+00:00,77020.39000000,77445.91000000,77020.39000000,77101.45000000,0.93345000
2026-05-25T03:00:00+00:00,77168.22000000,77168.22000000,76999.82000000,77039.89000000,0.10027000
2026-05-25T04:00:00+00:00,77030.58000000,77425.95000000,76984.64000000,77382.10000000,0.30822000
2026-05-25T05:00:00+00:00,77360.29000000,77501.20000000,77314.42000000,77390.03000000,0.91583000
2026-05-25T06:00:00+00:00,77413.92000000,77621.14000000,77241.57000000,77396.53000000,0.66143000
2026-05-25T07:00:00+00:00,77448.92000000,77494.06000000,77200.98000000,77376.24000000,0.20451000
2026-05-25T08:00:00+00:00,77421.38000000,77464.63000000,77291.92000000,77441.61000000,0.11174000
2026-05-25T09:00:00+00:00,77486.63000000,77674.00000000,77422.87000000,77616.60000000,6.12650000
2026-05-25T10:00:00+00:00,77573.49000000,77698.62000000,77513.49000000,77552.87000000,0.07048000
2026-05-25T11:00:00+00:00,77486.81000000,77524.83000000,77328.41000000,77368.43000000,0.25218000
2026-05-25T12:00:00+00:00,77364.95000000,77431.27000000,77300.94000000,77390.09000000,2.82701000
2026-05-25T13:00:00+00:00,77390.09000000,77449.58000000,77301.41000000,77337.30000000,2.88115000
2026-05-25T14:00:00+00:00,77337.30000000,77749.59000000,77308.33000000,77729.55000000,0.39862000
2026-05-25T15:00:00+00:00,77743.25000000,77875.41000000,77576.53000000,77651.10000000,3.36539000
2026-05-25T16:00:00+00:00,77641.00000000,77827.60000000,77520.15000000,77743.80000000,0.20391000
2026-05-25T17:00:00+00:00,77740.11000000,77792.73000000,77551.68000000,77566.10000000,0.44759000
2026-05-25T18:00:00+00:00,77553.94000000,77655.42000000,77553.94000000,77576.97000000,0.11183000
2026-05-25T19:00:00+00:00,77540.88000000,77540.88000000,77362.52000000,77442.09000000,0.24541000
2026-05-25T20:00:00+00:00,77413.57000000,77500.35000000,77246.16000000,77296.27000000,2.93101000
2026-05-25T21:00:00+00:00,77318.82000000,77380.46000000,77286.10000000,77345.66000000,0.13051000
2026-05-25T22:00:00+00:00,77382.68000000,77436.46000000,77050.00000000,77126.91000000,0.11454000
2026-05-25T23:00:00+00:00,77093.00000000,77347.56000000,77093.00000000,77347.56000000,0.04682000
2026-05-26T00:00:00+00:00,77299.39000000,77310.50000000,76563.06000000,76822.77000000,2.99627000
2026-05-26T01:00:00+00:00,76794.36000000,76890.86000000,76585.97000000,76749.30000000,0.57651000
2026-05-26T02:00:00+00:00,76701.32000000,76815.18000000,76508.57000000,76617.63000000,1.46887000
2026-05-26T03:00:00+00:00,76646.77000000,76692.19000000,76458.84000000,76660.10000000,0.13995000
2026-05-26T04:00:00+00:00,76641.96000000,76794.65000000,76627.39000000,76751.84000000,0.31246000
2026-05-26T05:00:00+00:00,76720.91000000,76965.45000000,76714.59000000,76896.20000000,0.19732000
2026-05-26T06:00:00+00:00,76907.50000000,77029.17000000,76813.70000000,76926.36000000,0.04692000
2026-05-26T07:00:00+00:00,76931.08000000,76931.08000000,76607.64000000,76738.19000000,0.04560000
2026-05-26T08:00:00+00:00,76726.94000000,76835.80000000,76684.61000000,76719.73000000,0.23302000
2026-05-26T09:00:00+00:00,76717.65000000,76795.23000000,76656.27000000,76656.27000000,0.00797000
2026-05-26T10:00:00+00:00,76653.79000000,77613.96000000,76600.00000000,77439.65000000,0.21235000
2026-05-26T11:00:00+00:00,77433.70000000,77491.66000000,77189.13000000,77236.38000000,3.90316000
2026-05-26T12:00:00+00:00,77199.82000000,77227.29000000,76890.91000000,77086.40000000,0.14431000
2026-05-26T13:00:00+00:00,77115.25000000,77445.91000000,76718.39000000,77218.08000000,5.76008000
2026-05-26T14:00:00+00:00,77226.21000000,78064.22000000,76748.25000000,76913.02000000,3.64588000
2026-05-26T15:00:00+00:00,76913.02000000,76999.88000000,76270.88000000,76533.91000000,6.10324000
2026-05-26T16:00:00+00:00,76537.75000000,76686.14000000,76250.00000000,76531.71000000,1.31736000
2026-05-26T17:00:00+00:00,76540.12000000,76642.06000000,75858.04000000,75963.00000000,1.07714000
2026-05-26T18:00:00+00:00,75954.64000000,76243.40000000,75807.28000000,75840.73000000,0.40550000
2026-05-26T19:00:00+00:00,75832.71000000,76101.77000000,75813.82000000,76027.27000000,1.57393000
2026-05-26T20:00:00+00:00,76068.47000000,76192.91000000,76000.47000000,76094.79000000,0.50673000
2026-05-26T21:00:00+00:00,76123.95000000,76129.38000000,75877.96000000,75877.96000000,0.51971000
2026-05-26T22:00:00+00:00,75906.98000000,75991.89000000,75692.44000000,75731.23000000,0.58630000
2026-05-26T23:00:00+00:00,75866.87000000,75969.62000000,75842.37000000,75924.57000000,0.35957000
2026-05-27T00:00:00+00:00,75976.17000000,76092.34000000,75893.25000000,76092.34000000,0.10995000
2026-05-27T01:00:00+00:00,76092.34000000,76092.34000000,75854.53000000,75880.72000000,0.15828000
2026-05-27T02:00:00+00:00,75886.86000000,75894.81000000,75696.64000000,75849.72000000,0.51921000
2026-05-27T03:00:00+00:00,75892.26000000,75976.17000000,75645.26000000,75677.30000000,0.04673000
2026-05-27T04:00:00+00:00,75665.38000000,75711.27000000,75328.59000000,75585.99000000,1.68629000
2026-05-27T05:00:00+00:00,75633.71000000,75710.25000000,75609.20000000,75699.35000000,1.24208000
2026-05-27T06:00:00+00:00,75731.14000000,75872.51000000,75704.72000000,75872.51000000,0.02359000
2026-05-27T07:00:00+00:00,75869.78000000,75969.62000000,75793.64000000,75969.62000000,0.11339000
2026-05-27T08:00:00+00:00,75974.33000000,76050.64000000,75863.05000000,75866.26000000,0.02871000
2026-05-27T09:00:00+00:00,75880.54000000,75939.49000000,75710.69000000,75906.14000000,0.00735000
2026-05-27T10:00:00+00:00,75899.40000000,76007.89000000,75878.44000000,75945.09000000,2.82215000
2026-05-27T11:00:00+00:00,75967.77000000,76030.38000000,75767.36000000,75784.89000000,0.18678000
2026-05-27T12:00:00+00:00,75767.14000000,76150.08000000,75598.63000000,75687.68000000,0.27208000
2026-05-27T13:00:00+00:00,75744.67000000,75744.67000000,74884.80000000,74983.45000000,0.89057000
2026-05-27T14:00:00+00:00,75116.12000000,75250.74000000,74779.16000000,75062.48000000,0.47045000
2026-05-27T15:00:00+00:00,75036.30000000,75499.92000000,74994.53000000,75284.04000000,4.35406000
2026-05-27T16:00:00+00:00,75342.60000000,75351.65000000,75003.00000000,75297.33000000,4.45500000
2026-05-27T17:00:00+00:00,75301.58000000,75347.34000000,74704.15000000,74844.89000000,4.17930000
2026-05-27T18:00:00+00:00,74874.45000000,75022.03000000,74681.82000000,75020.24000000,4.12820000
2026-05-27T19:00:00+00:00,75040.50000000,75262.70000000,74962.98000000,75077.26000000,2.35464000
2026-05-27T20:00:00+00:00,75061.98000000,75424.20000000,75061.98000000,75286.07000000,0.41599000
2026-05-27T21:00:00+00:00,75256.98000000,75256.98000000,74337.57000000,74337.57000000,0.73333000
2026-05-27T22:00:00+00:00,74422.69000000,74719.22000000,74287.62000000,74427.17000000,0.50754000
2026-05-27T23:00:00+00:00,74402.89000000,74541.34000000,74251.16000000,74467.65000000,0.65405000
2026-05-28T00:00:00+00:00,74447.63000000,74578.36000000,74388.24000000,74578.36000000,0.38101000
2026-05-28T01:00:00+00:00,74581.30000000,74592.59000000,74186.18000000,74300.62000000,3.06409000
2026-05-28T02:00:00+00:00,74365.36000000,74382.20000000,74140.54000000,74316.57000000,1.10789000
2026-05-28T03:00:00+00:00,74296.71000000,74355.76000000,73086.86000000,73268.00000000,5.91913000
2026-05-28T04:00:00+00:00,73266.04000000,73266.04000000,72769.33000000,73174.84000000,5.94753000
2026-05-28T05:00:00+00:00,73174.84000000,73199.52000000,72959.29000000,72978.52000000,0.37733000
2026-05-28T06:00:00+00:00,72975.03000000,73215.66000000,72792.26000000,73195.48000000,0.33839000
2026-05-28T07:00:00+00:00,73205.65000000,73505.97000000,73165.68000000,73461.46000000,0.13540000
2026-05-28T08:00:00+00:00,73435.23000000,73435.23000000,73239.82000000,73340.51000000,0.06605000
2026-05-28T09:00:00+00:00,73348.18000000,73525.26000000,73315.51000000,73520.32000000,0.01360000
2026-05-28T10:00:00+00:00,73541.80000000,73600.07000000,73391.72000000,73454.91000000,0.20148000
2026-05-28T11:00:00+00:00,73409.24000000,73515.16000000,73359.34000000,73493.84000000,0.04068000
2026-05-28T12:00:00+00:00,73514.73000000,73572.85000000,73269.06000000,73531.69000000,0.12043000
2026-05-28T13:00:00+00:00,73560.16000000,73560.16000000,72794.39000000,72999.86000000,0.92761000
2026-05-28T14:00:00+00:00,73011.49000000,73512.90000000,72609.20000000,73030.76000000,0.71473000
2026-05-28T15:00:00+00:00,73010.69000000,73147.69000000,72731.53000000,72904.89000000,0.50664000
2026-05-28T16:00:00+00:00,72893.72000000,73424.51000000,72763.71000000,73409.91000000,1.31275000
2026-05-28T17:00:00+00:00,73437.75000000,73716.51000000,73304.28000000,73510.53000000,1.31977000
2026-05-28T18:00:00+00:00,73617.97000000,73731.29000000,73574.28000000,73716.26000000,6.97490000
2026-05-28T19:00:00+00:00,73623.77000000,73623.77000000,73378.53000000,73378.53000000,0.54544000
2026-05-28T20:00:00+00:00,73443.53000000,73685.78000000,73275.55000000,73596.97000000,0.38886000
2026-05-28T21:00:00+00:00,73607.84000000,73896.39000000,73553.23000000,73833.64000000,0.16282000
2026-05-28T22:00:00+00:00,73887.07000000,73941.20000000,73476.31000000,73476.31000000,0.29549000
2026-05-28T23:00:00+00:00,73513.05000000,73680.02000000,73513.05000000,73622.27000000,2.89647000
2026-05-29T00:00:00+00:00,73682.44000000,73872.40000000,73657.99000000,73721.83000000,0.14099000
2026-05-29T01:00:00+00:00,73771.50000000,73838.25000000,73475.64000000,73574.56000000,0.42389000
2026-05-29T02:00:00+00:00,73585.61000000,73643.92000000,73185.92000000,73219.70000000,1.61859000
2026-05-29T03:00:00+00:00,73252.94000000,73461.01000000,73252.94000000,73314.67000000,0.08605000
2026-05-29T04:00:00+00:00,73311.44000000,73500.00000000,73230.63000000,73500.00000000,0.02855000
2026-05-29T05:00:00+00:00,73513.61000000,73701.47000000,73501.14000000,73687.96000000,0.17813000
2026-05-29T06:00:00+00:00,73718.50000000,73927.83000000,73679.91000000,73794.67000000,0.13961000
2026-05-29T07:00:00+00:00,73789.50000000,73833.11000000,73398.52000000,73497.64000000,2.83406000
2026-05-29T08:00:00+00:00,73645.49000000,73813.89000000,73645.49000000,73654.43000000,0.05183000
2026-05-29T09:00:00+00:00,73660.31000000,73888.86000000,73660.31000000,73749.61000000,2.83075000
2026-05-29T10:00:00+00:00,73749.61000000,73752.39000000,73593.29000000,73635.87000000,1.45404000
2026-05-29T11:00:00+00:00,73636.12000000,73676.51000000,73407.39000000,73461.71000000,0.08039000
2026-05-29T12:00:00+00:00,73463.07000000,73463.07000000,73230.63000000,73309.37000000,2.89641000
2026-05-29T13:00:00+00:00,73294.19000000,73294.80000000,72940.00000000,73186.73000000,0.28384000
2026-05-29T14:00:00+00:00,73164.51000000,73205.44000000,72533.90000000,73122.11000000,1.32960000
2026-05-29T15:00:00+00:00,73102.16000000,74200.00000000,73038.79000000,73825.11000000,3.66157000
2026-05-29T16:00:00+00:00,73837.36000000,74105.25000000,73583.30000000,74081.51000000,3.41150000
2026-05-29T17:00:00+00:00,74107.08000000,74368.12000000,73921.20000000,73993.12000000,3.60571000
2026-05-29T18:00:00+00:00,73974.89000000,74069.31000000,73217.20000000,73358.95000000,7.09735000
2026-05-29T19:00:00+00:00,73381.23000000,73715.88000000,73255.76000000,73513.41000000,0.41565000
2026-05-29T20:00:00+00:00,73538.52000000,73754.46000000,73536.39000000,73680.73000000,0.61398000
2026-05-29T21:00:00+00:00,73680.73000000,73829.72000000,73429.56000000,73436.14000000,7.21976000
2026-05-29T22:00:00+00:00,73439.23000000,73571.67000000,73386.17000000,73489.22000000,0.32038000
2026-05-29T23:00:00+00:00,73465.44000000,73496.07000000,73345.89000000,73481.41000000,1.48032000
2026-05-30T00:00:00+00:00,73490.03000000,73569.79000000,73414.47000000,73526.60000000,1.50412000
2026-05-30T01:00:00+00:00,73538.61000000,73664.28000000,73483.34000000,73664.28000000,3.07856000
2026-05-30T02:00:00+00:00,73664.29000000,73791.22000000,73606.09000000,73787.31000000,0.14603000
2026-05-30T03:00:00+00:00,73787.30000000,73800.00000000,73531.05000000,73533.27000000,2.94874000
2026-05-30T04:00:00+00:00,73532.26000000,73568.20000000,73230.63000000,73366.23000000,0.33707000
2026-05-30T05:00:00+00:00,73393.73000000,73643.53000000,73370.36000000,73628.57000000,3.13935000
2026-05-30T06:00:00+00:00,73627.30000000,73696.28000000,73542.91000000,73568.55000000,0.37090000
2026-05-30T07:00:00+00:00,73581.71000000,73599.41000000,73497.45000000,73540.97000000,0.35157000
2026-05-30T08:00:00+00:00,73556.63000000,73565.55000000,73523.46000000,73523.46000000,0.07876000
2026-05-30T09:00:00+00:00,73522.41000000,73607.64000000,73522.40000000,73600.18000000,2.78575000
2026-05-30T10:00:00+00:00,73607.57000000,73665.86000000,73590.86000000,73632.28000000,0.15490000
2026-05-30T11:00:00+00:00,73653.21000000,73653.21000000,73578.12000000,73601.30000000,0.09524000
2026-05-30T12:00:00+00:00,73609.21000000,73709.00000000,73591.25000000,73673.06000000,0.84270000
2026-05-30T13:00:00+00:00,73709.00000000,73819.47000000,73701.35000000,73803.72000000,0.27218000
2026-05-30T14:00:00+00:00,73835.39000000,74088.32000000,73826.42000000,73952.16000000,7.77518000
2026-05-30T15:00:00+00:00,73950.70000000,74039.86000000,73854.28000000,73936.00000000,4.10501000
2026-05-30T16:00:00+00:00,73933.03000000,73988.59000000,73880.24000000,73946.61000000,1.48918000
2026-05-30T17:00:00+00:00,73940.99000000,74031.16000000,73830.75000000,74019.86000000,1.59326000
2026-05-30T18:00:00+00:00,74030.16000000,74224.30000000,73814.51000000,74038.23000000,6.97588000
2026-05-30T19:00:00+00:00,74050.39000000,74224.30000000,73819.24000000,74005.52000000,6.90293000
2026-05-30T20:00:00+00:00,74015.09000000,74113.36000000,73930.31000000,73968.50000000,2.74766000
2026-05-30T21:00:00+00:00,73992.19000000,74048.89000000,73936.20000000,73957.36000000,0.17957000
2026-05-30T22:00:00+00:00,73980.54000000,73980.54000000,73805.80000000,73897.77000000,0.19995000
2026-05-30T23:00:00+00:00,73897.78000000,73993.37000000,73612.67000000,73850.05000000,2.98496000
2026-05-31T00:00:00+00:00,73878.76000000,74047.89000000,73854.37000000,74047.89000000,5.41894000
2026-05-31T01:00:00+00:00,74045.17000000,74404.68000000,73793.72000000,74051.30000000,8.44792000
2026-05-31T02:00:00+00:00,74049.60000000,74263.43000000,73910.55000000,74093.76000000,0.52554000
2026-05-31T03:00:00+00:00,74110.96000000,74239.08000000,74076.83000000,74177.04000000,0.09068000
2026-05-31T04:00:00+00:00,74159.67000000,74229.28000000,74135.32000000,74195.96000000,0.06883000
2026-05-31T05:00:00+00:00,74205.83000000,74219.98000000,74058.14000000,74058.14000000,1.72689000
2026-05-31T06:00:00+00:00,74027.27000000,74107.77000000,74023.24000000,74073.99000000,0.01669000
2026-05-31T07:00:00+00:00,74057.96000000,74057.96000000,73851.96000000,73897.22000000,0.06157000
2026-05-31T08:00:00+00:00,73910.04000000,73990.32000000,73868.03000000,73977.72000000,0.04655000
2026-05-31T09:00:00+00:00,73956.75000000,74022.61000000,73848.47000000,73848.47000000,0.01478000
2026-05-31T10:00:00+00:00,73852.21000000,73868.61000000,73749.95000000,73850.36000000,1.69041000
2026-05-31T11:00:00+00:00,73885.39000000,73987.58000000,73885.39000000,73984.95000000,0.40595000
2026-05-31T12:00:00+00:00,73942.15000000,73980.82000000,73888.82000000,73919.67000000,0.20635000
2026-05-31T13:00:00+00:00,73924.91000000,74009.82000000,73845.10000000,73877.17000000,0.11520000
2026-05-31T14:00:00+00:00,73880.07000000,73880.07000000,73516.67000000,73604.51000000,0.66388000
2026-05-31T15:00:00+00:00,73602.05000000,73767.73000000,73602.05000000,73663.00000000,0.03481000
2026-05-31T16:00:00+00:00,73655.64000000,73737.84000000,73381.32000000,73547.03000000,1.19001000
2026-05-31T17:00:00+00:00,73561.50000000,73739.38000000,73476.71000000,73704.36000000,0.20877000
2026-05-31T18:00:00+00:00,73709.39000000,73710.57000000,73600.00000000,73606.09000000,0.03297000
2026-05-31T19:00:00+00:00,73603.46000000,73638.31000000,73475.09000000,73542.69000000,0.02583000
2026-05-31T20:00:00+00:00,73586.55000000,73764.38000000,73586.55000000,73727.77000000,0.09217000
2026-05-31T21:00:00+00:00,73763.09000000,73916.93000000,73615.34000000,73883.41000000,0.05294000
2026-05-31T22:00:00+00:00,73889.03000000,74008.38000000,73697.36000000,73960.50000000,0.20511000
2026-05-31T23:00:00+00:00,74002.77000000,74179.35000000,73516.67000000,73672.19000000,0.30501000
2026-06-01T00:00:00+00:00,73689.31000000,74082.52000000,73689.31000000,73910.00000000,0.20000000
2026-06-01T01:00:00+00:00,73903.14000000,73903.14000000,73300.00000000,73300.00000000,0.18049000
2026-06-01T02:00:00+00:00,73293.68000000,73853.81000000,73250.64000000,73804.89000000,0.22899000
2026-06-01T03:00:00+00:00,73839.11000000,74000.00000000,73749.19000000,73769.91000000,0.11824000
2026-06-01T04:00:00+00:00,73777.24000000,73847.73000000,73412.53000000,73565.68000000,0.07701000
2026-06-01T05:00:00+00:00,73521.12000000,73542.05000000,73327.39000000,73361.74000000,0.14325000
2026-06-01T06:00:00+00:00,73368.63000000,73368.63000000,72990.00000000,73143.55000000,0.06180000
2026-06-01T07:00:00+00:00,73134.15000000,73212.29000000,72698.32000000,72833.67000000,0.34689000
2026-06-01T08:00:00+00:00,72828.38000000,72932.12000000,72640.00000000,72908.28000000,0.35858000
2026-06-01T09:00:00+00:00,72921.50000000,73082.00000000,72800.00000000,72878.75000000,2.35131000
2026-06-01T10:00:00+00:00,72858.30000000,72911.53000000,72573.41000000,72750.34000000,0.29363000
2026-06-01T11:00:00+00:00,72742.31000000,72772.39000000,72300.15000000,72478.30000000,0.55175000
2026-06-01T12:00:00+00:00,72495.49000000,72605.94000000,71888.71000000,72222.19000000,1.15211000
2026-06-01T13:00:00+00:00,72222.61000000,72234.66000000,71409.09000000,71717.05000000,10.70805000
2026-06-01T14:00:00+00:00,71691.12000000,71892.12000000,71420.00000000,71539.23000000,2.54605000
2026-06-01T15:00:00+00:00,71565.01000000,71673.21000000,71069.89000000,71087.93000000,4.02277000
2026-06-01T16:00:00+00:00,71104.00000000,71587.23000000,70698.91000000,71568.63000000,3.16273000
2026-06-01T17:00:00+00:00,71576.43000000,71784.59000000,71481.39000000,71670.21000000,3.46559000
2026-06-01T18:00:00+00:00,71631.64000000,71701.75000000,71400.00000000,71511.20000000,0.84538000
2026-06-01T19:00:00+00:00,71513.68000000,71672.06000000,71404.67000000,71576.25000000,1.37590000
2026-06-01T20:00:00+00:00,71567.31000000,71700.36000000,71455.49000000,71455.49000000,0.95876000
2026-06-01T21:00:00+00:00,71455.49000000,71461.62000000,70946.92000000,71047.14000000,0.56359000
2026-06-01T22:00:00+00:00,70974.16000000,71443.68000000,70853.65000000,71424.77000000,0.82144000
2026-06-01T23:00:00+00:00,71415.56000000,71572.25000000,71235.81000000,71419.55000000,0.94227000
2026-06-02T00:00:00+00:00,71423.27000000,71423.27000000,71111.40000000,71290.78000000,0.30422000
2026-06-02T01:00:00+00:00,71300.00000000,71384.39000000,70644.77000000,70644.77000000,2.00859000
2026-06-02T02:00:00+00:00,70656.80000000,70847.15000000,70100.00000000,70689.31000000,11.60316000
2026-06-02T03:00:00+00:00,70872.91000000,71035.69000000,70844.41000000,70935.28000000,0.67165000
2026-06-02T04:00:00+00:00,70984.62000000,71050.90000000,70708.03000000,70810.19000000,4.11133000
2026-06-02T05:00:00+00:00,70805.31000000,70844.07000000,70272.75000000,70272.75000000,0.83532000
2026-06-02T06:00:00+00:00,70273.77000000,70448.23000000,69974.82000000,70013.82000000,0.98686000
2026-06-02T07:00:00+00:00,70113.08000000,70255.34000000,69762.39000000,70120.64000000,0.53128000
2026-06-02T08:00:00+00:00,70102.08000000,70131.59000000,69765.78000000,69787.22000000,0.27897000
2026-06-02T09:00:00+00:00,69812.96000000,69818.20000000,69375.00000000,69413.96000000,0.30321000
2026-06-02T10:00:00+00:00,69432.00000000,69729.01000000,69432.00000000,69681.00000000,0.07509000
2026-06-02T11:00:00+00:00,69659.27000000,69659.27000000,69417.13000000,69496.08000000,0.20666000
2026-06-02T12:00:00+00:00,69450.01000000,69520.81000000,69000.00000000,69000.00000000,7.77630000
2026-06-02T13:00:00+00:00,69000.00000000,69174.69000000,68761.50000000,68761.50000000,6.48490000
2026-06-02T14:00:00+00:00,68810.40000000,68810.40000000,67650.87000000,68003.62000000,8.56641000
2026-06-02T15:00:00+00:00,67997.18000000,68060.62000000,67100.07000000,67310.19000000,2.42655000
2026-06-02T16:00:00+00:00,67263.33000000,68126.70000000,67247.08000000,67420.00000000,8.68248000
2026-06-02T17:00:00+00:00,67425.66000000,67832.24000000,67395.19000000,67468.06000000,2.14964000
2026-06-02T18:00:00+00:00,67508.13000000,67647.57000000,67145.33000000,67343.95000000,1.18935000
2026-06-02T19:00:00+00:00,67410.50000000,67473.74000000,66435.12000000,67282.87000000,1.71440000
2026-06-02T20:00:00+00:00,67300.63000000,67663.66000000,66934.99000000,67580.26000000,7.18905000
2026-06-02T21:00:00+00:00,67608.89000000,68056.87000000,67415.61000000,67578.96000000,20.39427000
2026-06-02T22:00:00+00:00,67580.25000000,67580.25000000,66200.00000000,66398.95000000,14.14589000
2026-06-02T23:00:00+00:00,66392.31000000,66845.65000000,66221.08000000,66764.81000000,4.58632000
2026-06-03T00:00:00+00:00,66749.69000000,67147.08000000,66689.90000000,66945.39000000,5.20971000
2026-06-03T01:00:00+00:00,66957.30000000,67053.01000000,66491.24000000,66915.87000000,0.87073000
2026-06-03T02:00:00+00:00,66918.47000000,66918.47000000,66593.67000000,66593.67000000,0.66426000
2026-06-03T03:00:00+00:00,66618.55000000,66643.91000000,65467.58000000,65827.38000000,7.94713000
2026-06-03T04:00:00+00:00,65861.80000000,66605.51000000,65861.80000000,66453.15000000,0.45171000
2026-06-03T05:00:00+00:00,66561.64000000,67373.48000000,66492.48000000,67349.27000000,1.95916000
2026-06-03T06:00:00+00:00,67353.64000000,67500.00000000,66979.45000000,66979.45000000,0.81915000
2026-06-03T07:00:00+00:00,66970.56000000,67329.93000000,66889.15000000,67228.09000000,1.49798000
2026-06-03T08:00:00+00:00,67233.48000000,67249.83000000,66988.50000000,67039.20000000,0.17475000
2026-06-03T09:00:00+00:00,67033.76000000,67343.36000000,66682.42000000,67112.00000000,2.54152000
2026-06-03T10:00:00+00:00,67090.71000000,67457.72000000,67073.96000000,67288.24000000,0.42436000
2026-06-03T11:00:00+00:00,67339.33000000,67373.01000000,67075.87000000,67075.87000000,1.54921000
2026-06-03T12:00:00+00:00,67053.00000000,67139.78000000,66816.87000000,67086.01000000,1.27166000
2026-06-03T13:00:00+00:00,67119.12000000,67258.22000000,66653.09000000,66883.88000000,4.59469000
2026-06-03T14:00:00+00:00,66883.88000000,66971.27000000,66667.13000000,66826.43000000,0.27893000
2026-06-03T15:00:00+00:00,66864.63000000,66878.59000000,66100.00000000,66100.00000000,2.54173000
2026-06-03T16:00:00+00:00,66113.92000000,66341.20000000,65575.53000000,66063.00000000,3.50404000
2026-06-03T17:00:00+00:00,66067.93000000,66176.12000000,65721.31000000,65980.25000000,5.29798000
2026-06-03T18:00:00+00:00,66068.60000000,66119.37000000,65762.23000000,66049.57000000,0.81610000
2026-06-03T19:00:00+00:00,66027.72000000,66055.03000000,65278.61000000,65492.64000000,6.25434000
2026-06-03T20:00:00+00:00,65463.43000000,65604.45000000,64758.21000000,65010.30000000,5.02871000
2026-06-03T21:00:00+00:00,65009.75000000,65858.53000000,65002.59000000,65763.69000000,7.26837000
2026-06-03T22:00:00+00:00,65791.92000000,65812.54000000,64796.86000000,64922.05000000,3.76772000
2026-06-03T23:00:00+00:00,64962.83000000,64962.83000000,64106.48000000,64151.82000000,5.44634000
2026-06-04T00:00:00+00:00,64119.11000000,64416.20000000,62867.74000000,63310.66000000,12.19026000
2026-06-04T01:00:00+00:00,63358.87000000,63500.14000000,62105.26000000,62242.64000000,7.55562000
2026-06-04T02:00:00+00:00,62218.63000000,63630.60000000,61392.86000000,63213.62000000,12.80384000
2026-06-04T03:00:00+00:00,63268.65000000,64530.64000000,63266.08000000,64371.57000000,2.11100000
2026-06-04T04:00:00+00:00,64372.28000000,64747.52000000,64299.00000000,64412.13000000,1.25705000
2026-06-04T05:00:00+00:00,64406.49000000,64406.49000000,63671.97000000,63973.74000000,0.73652000
2026-06-04T06:00:00+00:00,63919.65000000,64472.05000000,63881.48000000,64032.68000000,1.71086000
2026-06-04T07:00:00+00:00,64055.11000000,64065.07000000,63512.89000000,63664.35000000,2.58427000
2026-06-04T08:00:00+00:00,63616.11000000,63821.03000000,63285.20000000,63710.28000000,0.86031000
2026-06-04T09:00:00+00:00,63618.27000000,63618.27000000,62726.82000000,63225.41000000,3.80875000
2026-06-04T10:00:00+00:00,63195.18000000,63195.18000000,62298.13000000,62409.42000000,5.86207000
2026-06-04T11:00:00+00:00,62469.19000000,62816.96000000,62241.69000000,62559.18000000,5.80254000
2026-06-04T12:00:00+00:00,62559.19000000,63933.50000000,62434.65000000,63778.56000000,1.29882000
2026-06-04T13:00:00+00:00,63681.22000000,64261.80000000,63103.16000000,64205.19000000,2.39707000
2026-06-04T14:00:00+00:00,64245.85000000,64481.93000000,63819.61000000,63965.06000000,3.66922000
2026-06-04T15:00:00+00:00,63925.04000000,64397.26000000,63721.60000000,63954.14000000,1.88224000
2026-06-04T16:00:00+00:00,63849.93000000,63897.65000000,63481.78000000,63591.84000000,0.60453000
2026-06-04T17:00:00+00:00,63545.22000000,63710.28000000,62966.48000000,63542.70000000,1.59478000
2026-06-04T18:00:00+00:00,63558.09000000,64127.43000000,63206.44000000,63821.85000000,6.23168000
2026-06-04T19:00:00+00:00,63821.60000000,64141.83000000,63524.71000000,63634.70000000,4.78368000
2026-06-04T20:00:00+00:00,63605.04000000,63654.03000000,63209.51000000,63581.83000000,1.13757000
2026-06-04T21:00:00+00:00,63624.05000000,63862.67000000,63135.13000000,63304.89000000,4.03019000
2026-06-04T22:00:00+00:00,63225.00000000,63764.83000000,63216.82000000,63725.92000000,5.86581000
2026-06-04T23:00:00+00:00,63758.34000000,63919.09000000,63398.30000000,63892.97000000,2.90288000
2026-06-05T00:00:00+00:00,63842.16000000,63971.29000000,63399.51000000,63402.69000000,1.27871000
2026-06-05T01:00:00+00:00,63426.12000000,63551.58000000,63079.34000000,63365.99000000,2.86246000
2026-06-05T02:00:00+00:00,63371.73000000,63427.85000000,62600.89000000,62637.57000000,3.90806000
2026-06-05T03:00:00+00:00,62611.81000000,62898.60000000,62346.20000000,62723.99000000,1.38869000
2026-06-05T04:00:00+00:00,62742.47000000,63627.01000000,62480.15000000,63619.40000000,1.74957000
2026-06-05T05:00:00+00:00,63619.40000000,63697.84000000,62276.78000000,62313.33000000,2.25805000
2026-06-05T06:00:00+00:00,62276.77000000,62613.17000000,61145.12000000,61951.63000000,12.08301000
2026-06-05T07:00:00+00:00,61997.79000000,63007.38000000,61448.67000000,63007.38000000,7.86504000
2026-06-05T08:00:00+00:00,63103.16000000,63109.65000000,62352.68000000,62382.72000000,4.77489000
2026-06-05T09:00:00+00:00,62644.60000000,63263.30000000,62578.02000000,62852.84000000,4.74178000
2026-06-05T10:00:00+00:00,62862.11000000,62862.11000000,62408.32000000,62497.02000000,7.41576000
2026-06-05T11:00:00+00:00,62549.13000000,62633.66000000,61980.80000000,61980.80000000,1.76960000
2026-06-05T12:00:00+00:00,61968.33000000,62472.22000000,61654.45000000,61965.64000000,6.81789000
2026-06-05T13:00:00+00:00,62003.66000000,62283.81000000,60755.56000000,60755.56000000,10.93861000
2026-06-05T14:00:00+00:00,60738.11000000,61174.89000000,60358.58000000,60888.73000000,14.07506000
2026-06-05T15:00:00+00:00,60906.96000000,61110.57000000,60082.00000000,60487.63000000,10.26693000
2026-06-05T16:00:00+00:00,60448.02000000,61505.86000000,59802.18000000,61430.43000000,21.35504000
2026-06-05T17:00:00+00:00,61460.58000000,61485.30000000,60680.56000000,60800.34000000,6.61399000
2026-06-05T18:00:00+00:00,60823.78000000,60910.55000000,59154.72000000,59427.66000000,26.25501000
2026-06-05T19:00:00+00:00,59200.00000000,60444.10000000,59137.18000000,60374.39000000,8.75425000
2026-06-05T20:00:00+00:00,60324.56000000,61715.37000000,59957.31000000,61666.25000000,3.31201000
2026-06-05T21:00:00+00:00,61631.14000000,61980.80000000,61485.30000000,61665.97000000,1.18909000
2026-06-05T22:00:00+00:00,61626.13000000,61937.97000000,61238.19000000,61563.66000000,1.60924000
2026-06-05T23:00:00+00:00,61631.22000000,61742.44000000,60558.12000000,61106.88000000,2.70179000
2026-06-06T00:00:00+00:00,61110.57000000,61510.96000000,61110.57000000,61307.95000000,3.46286000
2026-06-06T01:00:00+00:00,61298.54000000,61384.63000000,60975.21000000,61064.07000000,0.75839000
2026-06-06T02:00:00+00:00,61057.12000000,61176.26000000,60711.76000000,61000.00000000,0.50367000
2026-06-06T03:00:00+00:00,60920.59000000,60939.83000000,60515.32000000,60665.12000000,0.97470000
2026-06-06T04:00:00+00:00,60690.94000000,60804.18000000,59500.00000000,60053.47000000,3.50231000
2026-06-06T05:00:00+00:00,60090.88000000,61052.63000000,59604.95000000,60958.49000000,5.40316000
2026-06-06T06:00:00+00:00,60966.04000000,61253.31000000,60722.33000000,60749.91000000,8.07316000
2026-06-06T07:00:00+00:00,60783.22000000,61208.47000000,60739.67000000,61014.19000000,0.68810000
2026-06-06T08:00:00+00:00,60984.29000000,61479.20000000,60891.21000000,61263.62000000,1.93394000
2026-06-06T09:00:00+00:00,61249.99000000,61325.01000000,60909.68000000,60993.63000000,0.58946000
2026-06-06T10:00:00+00:00,60983.72000000,60983.72000000,60069.54000000,60604.68000000,18.74938000
2026-06-06T11:00:00+00:00,60601.08000000,60982.45000000,60569.97000000,60800.02000000,0.65138000
2026-06-06T12:00:00+00:00,60814.99000000,61182.78000000,60660.30000000,61017.51000000,1.24534000
2026-06-06T13:00:00+00:00,61019.51000000,61078.26000000,60708.72000000,60803.12000000,0.39543000
2026-06-06T14:00:00+00:00,60815.36000000,60991.72000000,60797.51000000,60800.61000000,0.89517000
2026-06-06T15:00:00+00:00,60872.28000000,60922.29000000,60402.68000000,60814.40000000,1.11919000
2026-06-06T16:00:00+00:00,60721.56000000,60933.02000000,60505.55000000,60728.26000000,1.57460000
2026-06-06T17:00:00+00:00,60822.16000000,60827.53000000,60533.38000000,60573.82000000,0.63668000
2026-06-06T18:00:00+00:00,60604.15000000,60722.33000000,60411.19000000,60657.83000000,0.27859000
2026-06-06T19:00:00+00:00,60614.30000000,60774.99000000,60540.26000000,60674.07000000,0.20802000
2026-06-06T20:00:00+00:00,60627.19000000,60748.01000000,60540.26000000,60714.76000000,0.60251000
2026-06-06T21:00:00+00:00,60706.88000000,61002.91000000,60706.88000000,60761.55000000,0.11718000
2026-06-06T22:00:00+00:00,60744.18000000,60811.87000000,60439.81000000,60547.32000000,0.52435000
2026-06-06T23:00:00+00:00,60579.85000000,60919.11000000,60562.98000000,60908.45000000,0.71386000
2026-06-07T00:00:00+00:00,60865.45000000,60977.59000000,60765.04000000,60771.97000000,0.38668000
2026-06-07T01:00:00+00:00,60789.79000000,61636.92000000,60760.30000000,61518.87000000,0.51074000
2026-06-07T02:00:00+00:00,61468.96000000,61549.60000000,61197.45000000,61515.06000000,3.52145000
2026-06-07T03:00:00+00:00,61478.70000000,61752.36000000,61440.65000000,61653.74000000,4.23000000
2026-06-07T04:00:00+00:00,61685.23000000,61883.45000000,61511.20000000,61876.22000000,0.16796000
2026-06-07T05:00:00+00:00,61842.07000000,62159.23000000,61650.00000000,61737.53000000,2.04300000
2026-06-07T06:00:00+00:00,61672.52000000,62250.23000000,61624.12000000,62094.62000000,1.31959000
2026-06-07T07:00:00+00:00,62059.00000000,62400.00000000,62024.34000000,62400.00000000,0.97023000
2026-06-07T08:00:00+00:00,62390.05000000,62919.58000000,62280.20000000,62832.79000000,1.25295000
2026-06-07T09:00:00+00:00,62822.37000000,62887.84000000,62422.49000000,62564.87000000,0.45852000
2026-06-07T10:00:00+00:00,62481.36000000,62569.23000000,62317.58000000,62317.58000000,0.17193000
2026-06-07T11:00:00+00:00,62380.11000000,62733.00000000,62380.11000000,62626.23000000,4.81935000
2026-06-07T12:00:00+00:00,62629.38000000,62637.75000000,61599.47000000,61907.89000000,2.25048000
2026-06-07T13:00:00+00:00,61834.83000000,61850.00000000,61663.04000000,61761.49000000,0.67891000
2026-06-07T14:00:00+00:00,61711.72000000,62295.26000000,61711.72000000,61781.48000000,0.34173000
2026-06-07T15:00:00+00:00,61879.02000000,62163.29000000,61689.78000000,62062.71000000,7.48861000
2026-06-07T16:00:00+00:00,62091.63000000,62317.27000000,61970.42000000,62051.61000000,4.96054000
2026-06-07T17:00:00+00:00,62062.26000000,62318.70000000,62057.41000000,62159.63000000,5.06026000
2026-06-07T18:00:00+00:00,62216.26000000,62307.37000000,62030.92000000,62030.92000000,0.95912000
2026-06-07T19:00:00+00:00,62037.01000000,62039.24000000,61199.43000000,61292.03000000,6.77590000
2026-06-07T20:00:00+00:00,61312.21000000,61950.29000000,61286.21000000,61929.38000000,0.43231000
2026-06-07T21:00:00+00:00,61867.78000000,61995.26000000,61676.94000000,61772.82000000,4.48454000
2026-06-07T22:00:00+00:00,61794.98000000,64210.49000000,61772.12000000,62864.46000000,11.78973000
2026-06-07T23:00:00+00:00,62858.59000000,63393.75000000,62812.18000000,63303.49000000,9.59736000
2026-06-08T00:00:00+00:00,63303.49000000,63822.48000000,63148.47000000,63638.16000000,7.30836000
2026-06-08T01:00:00+00:00,63620.51000000,63634.26000000,62731.23000000,63180.52000000,1.91890000
2026-06-08T02:00:00+00:00,63236.56000000,63239.90000000,62955.33000000,63108.26000000,0.51793000
2026-06-08T03:00:00+00:00,63138.86000000,63424.00000000,62983.85000000,63140.84000000,0.19916000
2026-06-08T04:00:00+00:00,63165.49000000,63165.49000000,62638.40000000,62714.18000000,4.37004000
2026-06-08T05:00:00+00:00,62768.63000000,62832.42000000,62434.41000000,62726.18000000,1.13004000
2026-06-08T06:00:00+00:00,62768.64000000,63150.20000000,62768.64000000,63008.13000000,0.10326000
2026-06-08T07:00:00+00:00,62994.81000000,63344.10000000,62854.41000000,63335.64000000,0.10060000
2026-06-08T08:00:00+00:00,63260.57000000,63260.57000000,62994.75000000,63119.84000000,0.08800000
2026-06-08T09:00:00+00:00,63127.29000000,63561.85000000,63127.29000000,63491.19000000,4.38673000
2026-06-08T10:00:00+00:00,63521.11000000,63539.78000000,63098.58000000,63147.55000000,5.48480000
2026-06-08T11:00:00+00:00,63150.50000000,63862.67000000,63068.02000000,63465.86000000,8.84181000
2026-06-08T12:00:00+00:00,63489.05000000,63903.81000000,62715.41000000,63843.44000000,3.62695000
2026-06-08T13:00:00+00:00,63880.87000000,63930.74000000,63393.75000000,63776.04000000,0.54784000
2026-06-08T14:00:00+00:00,63790.26000000,64076.04000000,63587.46000000,63969.56000000,2.96872000
2026-06-08T15:00:00+00:00,63956.48000000,64210.53000000,63757.33000000,63817.94000000,4.65926000
2026-06-08T16:00:00+00:00,63703.49000000,64040.92000000,63480.00000000,63509.50000000,8.68654000
2026-06-08T17:00:00+00:00,63509.50000000,63638.82000000,63300.00000000,63532.85000000,12.58829000
2026-06-08T18:00:00+00:00,63525.64000000,63690.57000000,63351.12000000,63483.97000000,1.44947000
2026-06-08T19:00:00+00:00,63448.74000000,63582.20000000,63357.28000000,63368.06000000,0.36386000
2026-06-08T20:00:00+00:00,63410.01000000,63471.46000000,63193.72000000,63470.13000000,0.42461000
2026-06-08T21:00:00+00:00,63459.93000000,63850.66000000,63459.93000000,63777.80000000,3.56958000
2026-06-08T22:00:00+00:00,63650.60000000,63674.65000000,63216.55000000,63410.85000000,0.84547000
2026-06-08T23:00:00+00:00,63442.57000000,63614.09000000,62957.99000000,63107.85000000,0.80336000
2026-06-09T00:00:00+00:00,63072.57000000,63178.00000000,62430.66000000,62548.97000000,3.89365000
2026-06-09T01:00:00+00:00,62581.32000000,62866.37000000,62553.98000000,62767.10000000,0.79567000
2026-06-09T02:00:00+00:00,62792.10000000,62856.12000000,62543.75000000,62841.92000000,0.17949000
2026-06-09T03:00:00+00:00,62875.64000000,62975.64000000,62704.62000000,62881.29000000,0.26177000
2026-06-09T04:00:00+00:00,62874.84000000,63398.14000000,62739.74000000,63272.54000000,2.01148000
2026-06-09T05:00:00+00:00,63225.56000000,63506.75000000,63116.02000000,63341.88000000,0.32192000
2026-06-09T06:00:00+00:00,63319.72000000,63476.89000000,63236.42000000,63289.11000000,0.29480000
2026-06-09T07:00:00+00:00,63367.57000000,63453.20000000,62911.18000000,63180.19000000,3.82566000
2026-06-09T08:00:00+00:00,63204.24000000,63204.24000000,62793.19000000,62862.58000000,1.12004000
2026-06-09T09:00:00+00:00,62857.77000000,62893.19000000,62588.89000000,62684.01000000,0.23652000
2026-06-09T10:00:00+00:00,62753.37000000,62839.46000000,62630.92000000,62775.34000000,0.55995000
2026-06-09T11:00:00+00:00,62790.90000000,62792.29000000,62494.04000000,62731.66000000,0.43154000
2026-06-09T12:00:00+00:00,62712.70000000,62878.51000000,62434.41000000,62643.86000000,7.40792000
2026-06-09T13:00:00+00:00,62630.63000000,62748.19000000,62151.44000000,62358.47000000,4.13493000
2026-06-09T14:00:00+00:00,62306.66000000,62371.65000000,61168.95000000,61471.23000000,9.08582000
2026-06-09T15:00:00+00:00,61476.85000000,61712.82000000,61066.92000000,61069.67000000,1.40483000
2026-06-09T16:00:00+00:00,61113.05000000,61459.66000000,60794.57000000,61407.80000000,4.75025000
2026-06-09T17:00:00+00:00,61405.72000000,61875.43000000,61405.72000000,61701.98000000,8.96478000
2026-06-09T18:00:00+00:00,61722.26000000,61943.45000000,61628.03000000,61799.31000000,3.87959000
2026-06-09T19:00:00+00:00,61779.58000000,62082.44000000,61743.73000000,62082.44000000,0.48613000
2026-06-09T20:00:00+00:00,62094.05000000,62270.76000000,61925.83000000,62093.39000000,2.80504000
2026-06-09T21:00:00+00:00,62110.82000000,62149.84000000,61701.78000000,61781.76000000,2.67576000
2026-06-09T22:00:00+00:00,61757.55000000,61939.65000000,61666.11000000,61698.56000000,0.24132000
2026-06-09T23:00:00+00:00,61740.03000000,61866.81000000,61563.00000000,61712.86000000,0.27814000
2026-06-10T00:00:00+00:00,61715.85000000,61891.12000000,61469.54000000,61869.99000000,0.35493000
2026-06-10T01:00:00+00:00,61910.12000000,61953.73000000,61590.49000000,61684.97000000,7.16966000
2026-06-10T02:00:00+00:00,61789.50000000,61791.69000000,61247.52000000,61297.19000000,0.33708000
2026-06-10T03:00:00+00:00,61310.53000000,61567.70000000,61307.93000000,61567.04000000,1.32511000
2026-06-10T04:00:00+00:00,61537.27000000,61554.92000000,61200.00000000,61252.86000000,0.40139000
2026-06-10T05:00:00+00:00,61313.64000000,61384.27000000,61076.72000000,61351.00000000,0.66692000
2026-06-10T06:00:00+00:00,61342.17000000,61517.10000000,61205.23000000,61469.36000000,0.10146000
2026-06-10T07:00:00+00:00,61469.06000000,61773.28000000,61469.06000000,61688.67000000,0.08394000
2026-06-10T08:00:00+00:00,61639.86000000,61711.64000000,61177.22000000,61246.99000000,0.15917000
2026-06-10T09:00:00+00:00,61286.40000000,61404.52000000,60795.01000000,61338.15000000,0.89058000
2026-06-10T10:00:00+00:00,61338.15000000,61427.26000000,61160.35000000,61375.31000000,0.09198000
2026-06-10T11:00:00+00:00,61389.83000000,61401.06000000,60879.31000000,61037.19000000,0.24471000
2026-06-10T12:00:00+00:00,61011.12000000,61956.09000000,60976.25000000,61581.61000000,7.44510000
2026-06-10T13:00:00+00:00,61550.08000000,62447.70000000,61445.34000000,62103.79000000,5.45239000
2026-06-10T14:00:00+00:00,62072.45000000,62223.95000000,61834.19000000,62149.93000000,1.71895000
2026-06-10T15:00:00+00:00,62193.82000000,62850.00000000,61862.34000000,62620.06000000,6.55676000
2026-06-10T16:00:00+00:00,62616.40000000,62616.40000000,61939.65000000,62198.64000000,2.89744000
2026-06-10T17:00:00+00:00,62254.95000000,62362.73000000,61666.10000000,61948.82000000,5.28280000
2026-06-10T18:00:00+00:00,61975.41000000,62149.78000000,61654.45000000,61865.57000000,4.93087000
2026-06-10T19:00:00+00:00,61893.82000000,62039.22000000,61696.80000000,62000.33000000,0.60148000
2026-06-10T20:00:00+00:00,61938.95000000,61938.95000000,61693.82000000,61801.54000000,0.40697000
2026-06-10T21:00:00+00:00,61797.17000000,61797.17000000,61201.13000000,61320.76000000,1.63250000
2026-06-10T22:00:00+00:00,61288.81000000,61559.45000000,61132.58000000,61396.53000000,8.48404000
2026-06-10T23:00:00+00:00,61348.80000000,61593.54000000,61182.39000000,61519.30000000,0.26526000
2026-06-11T00:00:00+00:00,61526.15000000,61973.90000000,61526.15000000,61807.60000000,4.36633000
2026-06-11T01:00:00+00:00,61825.71000000,62386.57000000,61825.71000000,62226.60000000,5.26192000
2026-06-11T02:00:00+00:00,62210.67000000,62311.32000000,61953.19000000,62158.06000000,0.50457000
2026-06-11T03:00:00+00:00,62151.31000000,62823.68000000,62039.56000000,62710.96000000,4.03039000
2026-06-11T04:00:00+00:00,62675.27000000,62866.69000000,62567.44000000,62742.19000000,0.22772000
2026-06-11T05:00:00+00:00,62676.30000000,62733.32000000,62570.44000000,62609.83000000,0.47781000
2026-06-11T06:00:00+00:00,62636.14000000,62999.90000000,62570.44000000,62794.75000000,0.76677000
2026-06-11T07:00:00+00:00,62771.73000000,62804.02000000,62617.93000000,62712.29000000,0.50644000
2026-06-11T08:00:00+00:00,62779.23000000,63015.73000000,62749.18000000,62935.77000000,0.29636000
2026-06-11T09:00:00+00:00,62954.80000000,62957.73000000,62808.49000000,62957.73000000,0.07399000
2026-06-11T10:00:00+00:00,62941.55000000,63175.99000000,62824.41000000,63161.77000000,0.73029000
2026-06-11T11:00:00+00:00,63148.23000000,63263.87000000,63087.11000000,63119.17000000,0.41453000
2026-06-11T12:00:00+00:00,63121.19000000,63175.49000000,62560.30000000,63025.59000000,2.63397000
2026-06-11T13:00:00+00:00,63000.99000000,63250.58000000,62676.10000000,63058.46000000,2.82468000
2026-06-11T14:00:00+00:00,63060.16000000,63088.66000000,62732.37000000,62751.59000000,2.13631000
2026-06-11T15:00:00+00:00,62726.80000000,62871.18000000,62534.97000000,62737.78000000,0.74070000
2026-06-11T16:00:00+00:00,62775.62000000,62826.69000000,62554.14000000,62589.10000000,0.72980000
2026-06-11T17:00:00+00:00,62584.26000000,63639.58000000,62360.87000000,63639.58000000,6.44842000
2026-06-11T18:00:00+00:00,63647.74000000,63777.92000000,63346.16000000,63465.56000000,8.67416000
2026-06-11T19:00:00+00:00,63437.27000000,63908.87000000,63405.31000000,63610.56000000,2.13225000
2026-06-11T20:00:00+00:00,63614.69000000,63662.63000000,63275.66000000,63406.39000000,0.62913000
2026-06-11T21:00:00+00:00,63397.99000000,63580.23000000,63397.99000000,63479.45000000,0.42720000
2026-06-11T22:00:00+00:00,63548.63000000,63648.58000000,63491.90000000,63559.26000000,0.18839000
2026-06-11T23:00:00+00:00,63495.09000000,63681.74000000,63352.57000000,63603.92000000,0.38791000
2026-06-12T00:00:00+00:00,63600.19000000,63803.33000000,63558.09000000,63641.54000000,3.87152000
2026-06-12T01:00:00+00:00,63640.94000000,63640.94000000,63305.28000000,63413.13000000,3.69038000
2026-06-12T02:00:00+00:00,63456.78000000,63774.75000000,63456.78000000,63619.27000000,0.59284000
2026-06-12T03:00:00+00:00,63651.07000000,63651.07000000,63389.57000000,63516.58000000,0.13764000
2026-06-12T04:00:00+00:00,63523.78000000,63834.02000000,63443.65000000,63700.96000000,3.79927000
2026-06-12T05:00:00+00:00,63669.40000000,63669.40000000,63313.50000000,63375.57000000,4.54342000
2026-06-12T06:00:00+00:00,63347.50000000,63395.91000000,62870.00000000,62980.80000000,0.35568000
2026-06-12T07:00:00+00:00,63062.77000000,63185.32000000,62990.98000000,63142.53000000,0.34743000
2026-06-12T08:00:00+00:00,63185.33000000,63633.25000000,63185.33000000,63457.19000000,3.47743000
2026-06-12T09:00:00+00:00,63471.53000000,63955.68000000,63471.53000000,63815.96000000,0.22964000
2026-06-12T10:00:00+00:00,63757.33000000,63779.18000000,63631.54000000,63702.28000000,0.63557000
2026-06-12T11:00:00+00:00,63700.31000000,63888.33000000,61999.99000000,63779.33000000,10.48994000
2026-06-12T12:00:00+00:00,63760.62000000,63769.24000000,63389.57000000,63453.31000000,0.74575000
2026-06-12T13:00:00+00:00,63461.06000000,63494.81000000,63046.24000000,63228.45000000,0.91231000
2026-06-12T14:00:00+00:00,63222.52000000,63985.06000000,63204.21000000,63970.35000000,8.79766000
2026-06-12T15:00:00+00:00,63995.00000000,64386.53000000,63561.85000000,63561.85000000,3.34468000
2026-06-12T16:00:00+00:00,63589.39000000,64002.93000000,63510.45000000,63973.39000000,1.38980000
2026-06-12T17:00:00+00:00,64003.46000000,64075.72000000,63770.20000000,63830.06000000,0.46019000
2026-06-12T18:00:00+00:00,63869.41000000,63942.30000000,63676.77000000,63700.00000000,1.38156000
2026-06-12T19:00:00+00:00,63700.02000000,63772.53000000,63601.35000000,63601.35000000,0.29855000
2026-06-12T20:00:00+00:00,63611.43000000,63692.24000000,63406.75000000,63465.42000000,7.54059000
2026-06-12T21:00:00+00:00,63460.03000000,63628.24000000,63458.59000000,63505.26000000,0.48187000
2026-06-12T22:00:00+00:00,63474.77000000,63628.25000000,63474.77000000,63520.84000000,0.30300000
2026-06-12T23:00:00+00:00,63460.06000000,63586.66000000,63434.33000000,63586.66000000,0.63974000
2026-06-13T00:00:00+00:00,63577.39000000,63625.00000000,63512.76000000,63625.00000000,3.60734000
2026-06-13T01:00:00+00:00,63612.04000000,63858.31000000,63612.04000000,63810.74000000,7.32690000
2026-06-13T02:00:00+00:00,63832.60000000,63832.60000000,63478.30000000,63652.55000000,3.99978000
2026-06-13T03:00:00+00:00,63643.26000000,63727.61000000,63451.30000000,63560.22000000,0.28541000
2026-06-13T04:00:00+00:00,63545.66000000,63655.02000000,63502.66000000,63560.77000000,0.21358000
2026-06-13T05:00:00+00:00,63541.29000000,63595.59000000,63520.74000000,63595.59000000,0.26443000
2026-06-13T06:00:00+00:00,63592.42000000,63744.74000000,63592.42000000,63744.74000000,0.08962000
2026-06-13T07:00:00+00:00,63703.38000000,63878.83000000,63692.60000000,63810.46000000,0.37345000
2026-06-13T08:00:00+00:00,63832.47000000,63885.44000000,63770.36000000,63821.54000000,0.27411000
2026-06-13T09:00:00+00:00,63821.55000000,63825.42000000,63743.45000000,63743.45000000,0.07480000
2026-06-13T10:00:00+00:00,63756.64000000,63883.56000000,63756.64000000,63817.39000000,0.07414000
2026-06-13T11:00:00+00:00,63913.11000000,63970.34000000,63899.21000000,63953.80000000,0.03195000
2026-06-13T12:00:00+00:00,63964.13000000,64300.64000000,63924.68000000,64138.40000000,3.66322000
2026-06-13T13:00:00+00:00,64117.65000000,64241.02000000,64066.85000000,64090.58000000,0.63432000
2026-06-13T14:00:00+00:00,64145.38000000,64237.53000000,64112.72000000,64218.65000000,0.37654000
2026-06-13T15:00:00+00:00,64229.43000000,64357.51000000,64190.35000000,64292.46000000,4.03347000
2026-06-13T16:00:00+00:00,64253.59000000,64267.73000000,63868.51000000,64042.42000000,5.71790000
2026-06-13T17:00:00+00:00,64052.40000000,64115.91000000,63957.93000000,63976.50000000,0.47776000
2026-06-13T18:00:00+00:00,63991.54000000,64272.05000000,63991.54000000,64144.82000000,0.23211000
2026-06-13T19:00:00+00:00,64165.51000000,64320.66000000,64159.19000000,64320.66000000,4.07142000
2026-06-13T20:00:00+00:00,64295.41000000,64295.41000000,64233.77000000,64274.92000000,2.06639000
2026-06-13T21:00:00+00:00,64290.01000000,64751.35000000,64222.86000000,64456.00000000,4.71630000
2026-06-13T22:00:00+00:00,64456.00000000,64569.54000000,64371.69000000,64467.01000000,4.51089000
2026-06-13T23:00:00+00:00,64465.17000000,64589.40000000,64393.86000000,64440.92000000,0.49014000
2026-06-14T00:00:00+00:00,64457.26000000,64577.86000000,64377.01000000,64552.92000000,0.71994000
2026-06-14T01:00:00+00:00,64564.65000000,64710.77000000,64515.36000000,64578.34000000,6.89891000
2026-06-14T02:00:00+00:00,64574.93000000,64636.57000000,64486.33000000,64501.16000000,0.08969000
2026-06-14T03:00:00+00:00,64493.54000000,64543.93000000,64479.84000000,64495.34000000,0.27385000
2026-06-14T04:00:00+00:00,64550.00000000,64550.00000000,64333.46000000,64345.81000000,0.42066000
2026-06-14T05:00:00+00:00,64356.68000000,64416.56000000,64318.16000000,64370.89000000,0.17583000
2026-06-14T06:00:00+00:00,64431.98000000,64466.72000000,64251.20000000,64261.02000000,0.30571000
2026-06-14T07:00:00+00:00,64284.40000000,64427.99000000,64245.85000000,64427.99000000,0.12630000
2026-06-14T08:00:00+00:00,64424.34000000,64515.05000000,64397.04000000,64470.22000000,0.03069000
2026-06-14T09:00:00+00:00,64443.34000000,64612.02000000,64339.07000000,64612.02000000,0.03466000
2026-06-14T10:00:00+00:00,64577.34000000,64654.57000000,64537.99000000,64540.87000000,0.34760000
2026-06-14T11:00:00+00:00,64512.02000000,64644.44000000,64480.93000000,64602.26000000,0.17465000
2026-06-14T12:00:00+00:00,64549.25000000,64549.25000000,64312.97000000,64315.12000000,3.34770000
2026-06-14T13:00:00+00:00,64396.00000000,64396.00000000,64258.40000000,64330.10000000,1.80551000
2026-06-14T14:00:00+00:00,64276.81000000,64336.89000000,63874.35000000,63977.15000000,3.47680000
2026-06-14T15:00:00+00:00,63977.44000000,64144.52000000,63977.44000000,64032.74000000,0.79741000
2026-06-14T16:00:00+00:00,64054.23000000,64202.05000000,63942.51000000,63946.27000000,0.49208000
2026-06-14T17:00:00+00:00,63942.00000000,64025.82000000,63705.69000000,63705.69000000,0.38168000
2026-06-14T18:00:00+00:00,63743.91000000,63805.19000000,63688.72000000,63802.81000000,0.09052000
2026-06-14T19:00:00+00:00,63817.17000000,63844.91000000,63752.01000000,63803.87000000,0.08515000
2026-06-14T20:00:00+00:00,63837.94000000,64080.13000000,63788.56000000,64039.21000000,0.37885000
2026-06-14T21:00:00+00:00,64026.81000000,65638.74000000,64026.81000000,65314.87000000,7.83875000
2026-06-14T22:00:00+00:00,65318.15000000,65635.46000000,64965.98000000,65376.42000000,9.44300000
2026-06-14T23:00:00+00:00,65400.96000000,65794.09000000,65275.64000000,65759.69000000,1.90956000
2026-06-15T00:00:00+00:00,65769.47000000,65873.58000000,65507.11000000,65627.86000000,3.75032000
2026-06-15T01:00:00+00:00,65621.28000000,65707.01000000,65396.35000000,65492.17000000,3.76789000
2026-06-15T02:00:00+00:00,65470.58000000,65735.90000000,65438.80000000,65449.67000000,0.65065000
2026-06-15T03:00:00+00:00,65448.17000000,65980.77000000,65434.96000000,65903.03000000,0.96539000
2026-06-15T04:00:00+00:00,65892.57000000,65907.28000000,65644.48000000,65665.46000000,0.67920000
2026-06-15T05:00:00+00:00,65651.43000000,65874.35000000,65636.62000000,65873.68000000,0.10173000
2026-06-15T06:00:00+00:00,65818.80000000,65977.99000000,65778.11000000,65844.99000000,0.20587000
2026-06-15T07:00:00+00:00,65777.65000000,65998.81000000,65645.20000000,65645.20000000,0.11388000
2026-06-15T08:00:00+00:00,65680.99000000,65799.35000000,65628.34000000,65684.70000000,0.14360000
2026-06-15T09:00:00+00:00,65700.08000000,65779.58000000,65528.27000000,65604.15000000,0.07355000
2026-06-15T10:00:00+00:00,65629.25000000,65947.60000000,65629.25000000,65904.23000000,0.83213000
2026-06-15T11:00:00+00:00,65922.01000000,66365.27000000,65878.44000000,66239.32000000,8.76531000
2026-06-15T12:00:00+00:00,66239.32000000,66590.42000000,66188.17000000,66590.00000000,2.20534000
2026-06-15T13:00:00+00:00,66557.71000000,66937.36000000,66437.07000000,66451.47000000,2.41499000
2026-06-15T14:00:00+00:00,66420.79000000,66691.41000000,66316.04000000,66615.45000000,1.73376000
2026-06-15T15:00:00+00:00,66591.20000000,67276.27000000,66591.20000000,67276.27000000,1.86386000
2026-06-15T16:00:00+00:00,67200.52000000,67275.69000000,67106.50000000,67191.18000000,1.47588000
2026-06-15T17:00:00+00:00,67080.68000000,67084.27000000,66701.49000000,66868.70000000,3.89541000
2026-06-15T18:00:00+00:00,66824.26000000,66926.31000000,66720.89000000,66842.46000000,0.65234000
2026-06-15T19:00:00+00:00,66791.57000000,66898.88000000,66382.84000000,66582.77000000,1.29305000
2026-06-15T20:00:00+00:00,66553.76000000,66650.12000000,66510.29000000,66510.29000000,0.28589000
2026-06-15T21:00:00+00:00,66520.44000000,66547.70000000,66354.09000000,66388.44000000,6.04375000
2026-06-15T22:00:00+00:00,66454.89000000,66467.87000000,66105.55000000,66216.50000000,0.15616000
2026-06-15T23:00:00+00:00,66205.70000000,66359.15000000,66138.65000000,66325.90000000,0.23627000
2026-06-16T00:00:00+00:00,66307.51000000,66456.03000000,66264.29000000,66267.15000000,0.39206000
2026-06-16T01:00:00+00:00,66271.45000000,66407.11000000,66271.45000000,66348.00000000,0.59702000
2026-06-16T02:00:00+00:00,66310.69000000,66357.98000000,65688.02000000,65746.95000000,2.81181000
2026-06-16T03:00:00+00:00,65732.88000000,66163.54000000,65659.42000000,66163.54000000,5.65705000
2026-06-16T04:00:00+00:00,66163.22000000,66297.72000000,65780.76000000,65860.50000000,7.42706000
2026-06-16T05:00:00+00:00,65952.59000000,66123.49000000,65929.82000000,66079.45000000,1.13092000
2026-06-16T06:00:00+00:00,66095.63000000,66544.68000000,66095.63000000,66457.87000000,3.49054000
2026-06-16T07:00:00+00:00,66382.65000000,66479.64000000,66294.67000000,66368.87000000,0.22945000
2026-06-16T08:00:00+00:00,66381.63000000,66982.41000000,66381.63000000,66961.57000000,4.16347000
2026-06-16T09:00:00+00:00,66827.97000000,66918.01000000,66491.30000000,66534.62000000,0.37426000
2026-06-16T10:00:00+00:00,66535.33000000,66766.20000000,66524.70000000,66525.50000000,0.06750000
2026-06-16T11:00:00+00:00,66510.41000000,66581.58000000,66363.32000000,66486.92000000,0.06100000
2026-06-16T12:00:00+00:00,66494.00000000,66815.07000000,66392.06000000,66433.71000000,0.44399000
2026-06-16T13:00:00+00:00,66443.15000000,66472.13000000,65940.80000000,66093.63000000,2.82086000
2026-06-16T14:00:00+00:00,66140.80000000,66311.64000000,65396.62000000,65641.57000000,8.96110000
2026-06-16T15:00:00+00:00,65681.49000000,65988.99000000,65637.12000000,65891.35000000,5.62995000
2026-06-16T16:00:00+00:00,65868.28000000,65947.71000000,65695.73000000,65759.55000000,0.21086000
2026-06-16T17:00:00+00:00,65776.91000000,66021.67000000,65712.09000000,65984.94000000,2.82421000
2026-06-16T18:00:00+00:00,65959.19000000,66226.34000000,65801.68000000,65843.34000000,0.72834000
2026-06-16T19:00:00+00:00,65844.88000000,65844.88000000,65547.52000000,65656.25000000,1.53199000
2026-06-16T20:00:00+00:00,65621.62000000,65877.58000000,65613.95000000,65857.78000000,0.23414000
2026-06-16T21:00:00+00:00,65883.40000000,65932.89000000,65659.16000000,65770.45000000,0.16305000
2026-06-16T22:00:00+00:00,65716.97000000,65867.06000000,65692.39000000,65739.77000000,0.10460000
2026-06-16T23:00:00+00:00,65787.24000000,65834.26000000,65640.90000000,65672.74000000,0.24725000
2026-06-17T00:00:00+00:00,65716.73000000,65834.84000000,65688.37000000,65753.29000000,0.70841000
2026-06-17T01:00:00+00:00,65723.12000000,65934.47000000,65474.36000000,65927.93000000,2.26033000
2026-06-17T02:00:00+00:00,65941.82000000,66169.00000000,65791.63000000,65907.30000000,2.41396000
2026-06-17T03:00:00+00:00,65900.12000000,65901.37000000,65721.91000000,65831.76000000,1.04215000
2026-06-17T04:00:00+00:00,65877.37000000,66057.98000000,65790.94000000,65895.62000000,0.19974000
2026-06-17T05:00:00+00:00,65887.94000000,65960.36000000,65758.95000000,65832.96000000,0.29408000
2026-06-17T06:00:00+00:00,65817.79000000,65904.53000000,65593.33000000,65628.80000000,0.63492000
2026-06-17T07:00:00+00:00,65605.75000000,65708.38000000,65263.16000000,65521.84000000,0.33961000
2026-06-17T08:00:00+00:00,65539.53000000,65539.53000000,64863.63000000,65000.32000000,2.05308000
2026-06-17T09:00:00+00:00,64943.65000000,65081.27000000,64847.02000000,64869.44000000,0.15643000
2026-06-17T10:00:00+00:00,64972.66000000,64976.94000000,64786.92000000,64790.92000000,1.18065000
2026-06-17T11:00:00+00:00,64757.44000000,64865.28000000,64557.89000000,64832.22000000,3.36133000
2026-06-17T12:00:00+00:00,64769.61000000,65066.43000000,64604.99000000,65043.08000000,1.56402000
2026-06-17T13:00:00+00:00,65043.09000000,65368.08000000,64849.74000000,65284.29000000,3.55453000
2026-06-17T14:00:00+00:00,65218.42000000,65461.34000000,64847.81000000,65131.88000000,0.95882000
2026-06-17T15:00:00+00:00,65145.81000000,65843.00000000,65004.22000000,65771.07000000,7.81263000
2026-06-17T16:00:00+00:00,65771.07000000,66437.50000000,65771.07000000,65864.63000000,2.60707000
2026-06-17T17:00:00+00:00,65884.92000000,66191.58000000,65818.44000000,66061.65000000,3.00934000
2026-06-17T18:00:00+00:00,66086.78000000,66086.78000000,64827.84000000,65512.10000000,5.92068000
2026-06-17T19:00:00+00:00,65531.67000000,65632.60000000,64017.00000000,64303.29000000,6.07096000
2026-06-17T20:00:00+00:00,64293.02000000,64477.64000000,64199.71000000,64428.24000000,1.99227000
2026-06-17T21:00:00+00:00,64432.02000000,64444.89000000,64146.78000000,64247.99000000,0.43649000
2026-06-17T22:00:00+00:00,64248.97000000,64410.33000000,63971.29000000,64295.03000000,0.13440000
2026-06-17T23:00:00+00:00,64306.05000000,64521.28000000,64285.26000000,64453.17000000,0.07108000
2026-06-18T00:00:00+00:00,64506.84000000,64691.42000000,64474.32000000,64477.06000000,0.41208000
2026-06-18T01:00:00+00:00,64505.34000000,64794.75000000,64486.78000000,64566.00000000,0.48410000
2026-06-18T02:00:00+00:00,64570.60000000,64774.12000000,64508.62000000,64707.75000000,0.33284000
2026-06-18T03:00:00+00:00,64623.28000000,64631.26000000,64281.88000000,64299.08000000,0.61171000
2026-06-18T04:00:00+00:00,64290.88000000,64290.88000000,63837.56000000,63957.54000000,1.98482000
2026-06-18T05:00:00+00:00,63849.64000000,64014.84000000,63739.74000000,63989.74000000,0.43695000
2026-06-18T06:00:00+00:00,63966.67000000,64118.08000000,63859.60000000,64092.32000000,0.30124000
2026-06-18T07:00:00+00:00,64100.65000000,64486.08000000,64014.55000000,64486.08000000,0.36649000
2026-06-18T08:00:00+00:00,64458.59000000,64631.32000000,64382.18000000,64407.93000000,0.08766000
2026-06-18T09:00:00+00:00,64374.68000000,64476.14000000,64225.54000000,64225.54000000,0.19459000
2026-06-18T10:00:00+00:00,64173.61000000,64173.61000000,63929.20000000,64169.67000000,0.20033000
2026-06-18T11:00:00+00:00,64153.26000000,64204.52000000,63886.76000000,63967.84000000,0.32019000
2026-06-18T12:00:00+00:00,63979.48000000,64383.04000000,63939.92000000,64314.12000000,0.33419000
2026-06-18T13:00:00+00:00,64377.57000000,64440.36000000,63812.79000000,63966.44000000,0.70941000
2026-06-18T14:00:00+00:00,63967.70000000,64207.73000000,63600.02000000,63789.25000000,0.91187000
2026-06-18T15:00:00+00:00,63809.05000000,63809.05000000,62298.99000000,62374.77000000,6.01151000
2026-06-18T16:00:00+00:00,62358.24000000,62810.09000000,62358.24000000,62678.94000000,0.78783000
2026-06-18T17:00:00+00:00,62649.82000000,62741.11000000,62276.78000000,62611.49000000,0.54360000
2026-06-18T18:00:00+00:00,62620.79000000,62964.32000000,62593.85000000,62703.90000000,0.39741000
2026-06-18T19:00:00+00:00,62704.97000000,63014.68000000,62636.82000000,62944.18000000,1.54314000
2026-06-18T20:00:00+00:00,62964.36000000,63218.75000000,62964.36000000,63122.32000000,0.48641000
2026-06-18T21:00:00+00:00,63092.62000000,63118.83000000,62876.98000000,62949.69000000,1.36905000
2026-06-18T22:00:00+00:00,62964.19000000,62964.19000000,62756.76000000,62875.88000000,0.18804000
2026-06-18T23:00:00+00:00,62876.65000000,62984.56000000,62769.16000000,62984.56000000,0.22264000
2026-06-19T00:00:00+00:00,62950.26000000,63081.08000000,62863.68000000,62975.36000000,0.04937000
2026-06-19T01:00:00+00:00,63026.38000000,63093.61000000,62858.23000000,63025.59000000,1.64953000
2026-06-19T02:00:00+00:00,63032.08000000,63056.47000000,62904.78000000,63029.31000000,0.35851000
2026-06-19T03:00:00+00:00,63029.20000000,63029.20000000,62393.77000000,62774.62000000,2.27272000
2026-06-19T04:00:00+00:00,62759.04000000,62877.39000000,62442.96000000,62442.96000000,0.81464000
2026-06-19T05:00:00+00:00,62467.25000000,62751.01000000,62467.25000000,62741.83000000,0.05437000
2026-06-19T06:00:00+00:00,62747.54000000,62911.19000000,62725.97000000,62897.35000000,0.07606000
2026-06-19T07:00:00+00:00,62897.64000000,62900.36000000,62511.22000000,62616.26000000,0.23932000
2026-06-19T08:00:00+00:00,62615.64000000,62785.33000000,62549.92000000,62577.30000000,0.17996000
2026-06-19T09:00:00+00:00,62628.81000000,62628.81000000,62345.20000000,62405.79000000,0.25370000
2026-06-19T10:00:00+00:00,62384.07000000,62567.89000000,62384.07000000,62539.72000000,0.13450000
2026-06-19T11:00:00+00:00,62557.19000000,62676.67000000,62461.65000000,62628.10000000,1.25260000
2026-06-19T12:00:00+00:00,62635.79000000,62858.63000000,62327.51000000,62827.96000000,1.57501000
2026-06-19T13:00:00+00:00,62826.25000000,63434.16000000,62714.10000000,63221.50000000,11.60227000
2026-06-19T14:00:00+00:00,63218.44000000,63418.22000000,63023.94000000,63205.83000000,1.15879000
2026-06-19T15:00:00+00:00,63207.80000000,63270.95000000,63039.96000000,63215.91000000,0.24355000
2026-06-19T16:00:00+00:00,63206.54000000,63385.60000000,62951.96000000,62968.95000000,6.62195000
2026-06-19T17:00:00+00:00,62969.02000000,63228.67000000,62876.39000000,63216.78000000,3.65517000
2026-06-19T18:00:00+00:00,63197.63000000,63318.18000000,62988.05000000,63115.74000000,7.23110000
2026-06-19T19:00:00+00:00,63106.32000000,63118.43000000,62949.01000000,63008.38000000,0.37924000
2026-06-19T20:00:00+00:00,63034.73000000,63271.43000000,62982.70000000,63226.60000000,0.70284000
2026-06-19T21:00:00+00:00,63235.09000000,63290.36000000,63061.10000000,63065.73000000,0.76512000
2026-06-19T22:00:00+00:00,63069.30000000,63374.99000000,63051.39000000,63318.64000000,3.83261000
2026-06-19T23:00:00+00:00,63340.14000000,63644.55000000,63286.60000000,63535.89000000,3.67724000
2026-06-20T00:00:00+00:00,63568.52000000,63859.76000000,63479.18000000,63561.44000000,1.97475000
2026-06-20T01:00:00+00:00,63538.09000000,63624.14000000,63404.51000000,63569.17000000,2.03205000
2026-06-20T02:00:00+00:00,63569.17000000,63569.17000000,63348.09000000,63366.04000000,2.22586000
2026-06-20T03:00:00+00:00,63326.83000000,63503.64000000,63326.83000000,63447.73000000,0.02145000
2026-06-20T04:00:00+00:00,63469.85000000,63612.94000000,63418.24000000,63587.27000000,0.02537000
2026-06-20T05:00:00+00:00,63566.86000000,63872.35000000,63566.86000000,63677.20000000,1.35651000
2026-06-20T06:00:00+00:00,63679.47000000,63750.81000000,63661.74000000,63745.59000000,0.05635000
2026-06-20T07:00:00+00:00,63745.91000000,63796.06000000,63627.35000000,63716.96000000,1.09606000
2026-06-20T08:00:00+00:00,63615.33000000,63649.22000000,63417.82000000,63417.82000000,0.06148000
2026-06-20T09:00:00+00:00,63447.66000000,63760.00000000,63439.72000000,63758.27000000,0.10396000
2026-06-20T10:00:00+00:00,63747.38000000,63763.51000000,63633.85000000,63669.31000000,0.01277000
2026-06-20T11:00:00+00:00,63708.17000000,63784.14000000,63654.80000000,63687.97000000,0.33133000
2026-06-20T12:00:00+00:00,63684.01000000,63793.29000000,63584.05000000,63585.33000000,0.07500000
2026-06-20T13:00:00+00:00,63667.20000000,63667.20000000,63306.32000000,63397.14000000,0.09139000
2026-06-20T14:00:00+00:00,63308.79000000,64123.00000000,63169.84000000,63925.21000000,1.69494000
2026-06-20T15:00:00+00:00,63902.97000000,64372.74000000,63850.00000000,64142.86000000,1.69919000
2026-06-20T16:00:00+00:00,64117.34000000,64117.34000000,63930.00000000,64019.38000000,0.98248000
2026-06-20T17:00:00+00:00,64013.46000000,64013.46000000,63771.88000000,63860.57000000,1.16545000
2026-06-20T18:00:00+00:00,63857.80000000,63900.00000000,63805.00000000,63805.00000000,0.32608000
2026-06-20T19:00:00+00:00,63839.93000000,63945.99000000,63836.78000000,63936.22000000,0.15291000
2026-06-20T20:00:00+00:00,63959.99000000,63978.45000000,63858.01000000,63930.43000000,0.12507000
2026-06-20T21:00:00+00:00,63956.10000000,64078.45000000,63930.00000000,64035.72000000,1.47971000
2026-06-20T22:00:00+00:00,63984.17000000,64338.24000000,63984.17000000,64301.78000000,0.58483000
2026-06-20T23:00:00+00:00,64271.60000000,64328.75000000,64250.00000000,64312.80000000,0.09031000
2026-06-21T00:00:00+00:00,64288.54000000,64312.80000000,64250.00000000,64282.73000000,1.67391000
2026-06-21T01:00:00+00:00,64285.84000000,64312.80000000,64225.02000000,64266.02000000,0.23606000
2026-06-21T02:00:00+00:00,64236.87000000,64281.66000000,64224.00000000,64261.67000000,0.18830000
2026-06-21T03:00:00+00:00,64253.63000000,64469.29000000,64233.91000000,64438.31000000,0.07492000
2026-06-21T04:00:00+00:00,64400.10000000,64555.75000000,64273.05000000,64273.05000000,0.08884000
2026-06-21T05:00:00+00:00,64285.83000000,64351.16000000,64225.00000000,64256.48000000,0.01797000
2026-06-21T06:00:00+00:00,64265.78000000,64323.21000000,64200.00000000,64290.74000000,0.22354000
2026-06-21T07:00:00+00:00,64309.76000000,64309.76000000,64176.00000000,64187.77000000,0.03786000
2026-06-21T08:00:00+00:00,64214.66000000,64214.66000000,63875.01000000,63982.76000000,0.18364000
2026-06-21T09:00:00+00:00,64017.65000000,64253.35000000,63962.19000000,64208.20000000,0.58920000
2026-06-21T10:00:00+00:00,64214.48000000,64392.34000000,64209.30000000,64353.27000000,0.05274000
2026-06-21T11:00:00+00:00,64381.20000000,64456.79000000,64117.89000000,64117.89000000,0.39093000
2026-06-21T12:00:00+00:00,64171.36000000,64200.25000000,63965.18000000,64200.25000000,0.13378000
2026-06-21T13:00:00+00:00,64138.84000000,64169.11000000,64027.54000000,64115.91000000,0.11889000
2026-06-21T14:00:00+00:00,64132.50000000,64146.51000000,64014.16000000,64142.02000000,0.21104000
2026-06-21T15:00:00+00:00,64161.19000000,64312.96000000,64110.69000000,64256.11000000,0.33211000
2026-06-21T16:00:00+00:00,64228.00000000,64259.00000000,64054.27000000,64152.34000000,0.10316000
2026-06-21T17:00:00+00:00,64174.18000000,64214.70000000,64072.05000000,64177.06000000,0.04581000
2026-06-21T18:00:00+00:00,64161.15000000,64224.11000000,63965.74000000,64166.39000000,0.05344000
2026-06-21T19:00:00+00:00,64224.08000000,64275.00000000,64176.45000000,64233.64000000,0.14992000
2026-06-21T20:00:00+00:00,64228.09000000,64228.09000000,63725.20000000,63852.65000000,0.23187000
2026-06-21T21:00:00+00:00,63839.27000000,63942.00000000,63531.97000000,63797.23000000,1.54793000
2026-06-21T22:00:00+00:00,63757.35000000,63854.24000000,63596.33000000,63810.30000000,0.22806000
2026-06-21T23:00:00+00:00,63717.95000000,63795.63000000,63286.14000000,63308.83000000,0.73429000
2026-06-22T00:00:00+00:00,63436.51000000,64102.84000000,63386.48000000,63866.18000000,0.88341000
2026-06-22T01:00:00+00:00,63930.34000000,64799.65000000,63857.12000000,64577.23000000,2.20652000
2026-06-22T02:00:00+00:00,64611.60000000,64626.27000000,64240.99000000,64265.78000000,0.22842000
2026-06-22T03:00:00+00:00,64225.54000000,64423.34000000,63925.87000000,63932.67000000,0.79402000
2026-06-22T04:00:00+00:00,63981.72000000,64103.35000000,63872.71000000,64103.34000000,0.18387000
2026-06-22T05:00:00+00:00,64096.85000000,64318.16000000,64086.44000000,64239.61000000,0.21587000
2026-06-22T06:00:00+00:00,64247.29000000,64307.67000000,63950.64000000,64022.74000000,0.33568000
2026-06-22T07:00:00+00:00,63991.31000000,64377.60000000,63987.29000000,64207.66000000,0.24961000
2026-06-22T08:00:00+00:00,64178.07000000,64312.96000000,64050.38000000,64151.39000000,0.30008000
2026-06-22T09:00:00+00:00,64162.83000000,64219.87000000,64070.39000000,64135.57000000,0.04372000
2026-06-22T10:00:00+00:00,64134.89000000,64274.96000000,64103.93000000,64132.80000000,0.11473000
2026-06-22T11:00:00+00:00,64140.43000000,64786.24000000,64121.30000000,64684.40000000,0.58857000
2026-06-22T12:00:00+00:00,64648.10000000,65204.92000000,64588.32000000,65147.97000000,4.38474000
2026-06-22T13:00:00+00:00,65158.04000000,65574.22000000,64943.83000000,65521.85000000,4.28102000
2026-06-22T14:00:00+00:00,65574.24000000,65582.13000000,64862.51000000,64956.69000000,0.46579000
2026-06-22T15:00:00+00:00,65043.57000000,65123.14000000,64741.15000000,64824.35000000,0.67022000
2026-06-22T16:00:00+00:00,64855.59000000,64855.59000000,64521.67000000,64758.90000000,0.95234000
2026-06-22T17:00:00+00:00,64725.81000000,64726.69000000,64402.39000000,64600.00000000,0.81090000
2026-06-22T18:00:00+00:00,64605.69000000,64725.02000000,64318.16000000,64360.81000000,0.36604000
2026-06-22T19:00:00+00:00,64332.61000000,64489.11000000,64300.01000000,64489.11000000,0.94615000
2026-06-22T20:00:00+00:00,64473.88000000,64661.45000000,64365.52000000,64422.14000000,0.14574000
2026-06-22T21:00:00+00:00,64437.54000000,64476.45000000,64173.61000000,64283.53000000,0.29089000
2026-06-22T22:00:00+00:00,64339.81000000,64385.08000000,63818.28000000,63936.61000000,0.37192000
2026-06-22T23:00:00+00:00,63947.49000000,64042.98000000,63907.90000000,64018.92000000,0.29361000
2026-06-23T00:00:00+00:00,64019.00000000,64131.57000000,63857.30000000,64113.93000000,1.04706000
2026-06-23T01:00:00+00:00,64150.19000000,64247.00000000,63913.95000000,64176.10000000,0.33661000
2026-06-23T02:00:00+00:00,64182.74000000,64250.79000000,64090.55000000,64208.49000000,1.17195000
2026-06-23T03:00:00+00:00,64166.75000000,64166.75000000,63977.27000000,64067.06000000,0.05258000
2026-06-23T04:00:00+00:00,64072.77000000,64096.99000000,63612.07000000,63612.07000000,0.40182000
2026-06-23T05:00:00+00:00,63635.07000000,63736.81000000,63352.13000000,63384.14000000,0.57909000
2026-06-23T06:00:00+00:00,63394.75000000,63394.75000000,62578.60000000,62948.84000000,1.29499000
2026-06-23T07:00:00+00:00,62907.06000000,63080.91000000,62881.26000000,62923.01000000,0.42108000
2026-06-23T08:00:00+00:00,62883.12000000,62911.31000000,61950.00000000,62380.57000000,2.94737000
2026-06-23T09:00:00+00:00,62404.64000000,62510.63000000,62353.99000000,62374.70000000,0.14184000
2026-06-23T10:00:00+00:00,62398.22000000,62567.28000000,62240.74000000,62319.76000000,0.23385000
2026-06-23T11:00:00+00:00,62391.10000000,62623.36000000,62322.28000000,62504.61000000,0.60502000
2026-06-23T12:00:00+00:00,62497.47000000,62555.41000000,62221.85000000,62258.30000000,0.31811000
2026-06-23T13:00:00+00:00,62260.66000000,62528.76000000,61976.71000000,62459.09000000,0.90748000
2026-06-23T14:00:00+00:00,62484.59000000,62835.78000000,62442.96000000,62448.88000000,0.89800000
2026-06-23T15:00:00+00:00,62459.63000000,62502.66000000,62230.15000000,62466.76000000,0.32538000
2026-06-23T16:00:00+00:00,62479.44000000,62838.60000000,62421.14000000,62547.95000000,0.51980000
2026-06-23T17:00:00+00:00,62552.54000000,62685.70000000,62321.62000000,62363.06000000,0.42267000
2026-06-23T18:00:00+00:00,62378.24000000,62457.88000000,62109.57000000,62229.71000000,0.42714000
2026-06-23T19:00:00+00:00,62260.64000000,62450.00000000,62230.83000000,62414.18000000,0.99175000
2026-06-23T20:00:00+00:00,62420.19000000,62506.31000000,62386.95000000,62462.62000000,0.24578000
2026-06-23T21:00:00+00:00,62497.05000000,62656.83000000,62474.34000000,62592.46000000,0.15323000
2026-06-23T22:00:00+00:00,62590.89000000,62763.29000000,62517.05000000,62579.20000000,0.33090000
2026-06-23T23:00:00+00:00,62582.74000000,62763.29000000,62500.79000000,62747.40000000,0.32637000
2026-06-24T00:00:00+00:00,62748.30000000,63020.21000000,62729.65000000,62995.32000000,0.97743000
2026-06-24T01:00:00+00:00,63016.81000000,63093.37000000,62821.71000000,62967.00000000,0.10460000
2026-06-24T02:00:00+00:00,62900.00000000,62900.00000000,62640.47000000,62693.31000000,0.09587000
2026-06-24T03:00:00+00:00,62658.13000000,62820.64000000,62472.26000000,62744.23000000,0.59821000
2026-06-24T04:00:00+00:00,62714.69000000,62790.77000000,62536.34000000,62775.44000000,0.13717000
2026-06-24T05:00:00+00:00,62750.57000000,63050.00000000,62708.48000000,62886.50000000,0.74385000
2026-06-24T06:00:00+00:00,62854.75000000,62912.51000000,62740.59000000,62740.59000000,0.24888000
2026-06-24T07:00:00+00:00,62746.34000000,62841.04000000,62623.36000000,62678.17000000,0.21292000
2026-06-24T08:00:00+00:00,62651.41000000,62798.77000000,62616.06000000,62796.49000000,0.08330000
2026-06-24T09:00:00+00:00,62796.49000000,62796.49000000,62644.33000000,62687.45000000,0.04609000
2026-06-24T10:00:00+00:00,62637.91000000,62645.01000000,62434.41000000,62455.80000000,0.43221000
2026-06-24T11:00:00+00:00,62441.49000000,63182.13000000,62326.63000000,62893.42000000,7.70656000
2026-06-24T12:00:00+00:00,62921.82000000,62963.73000000,62612.65000000,62612.65000000,1.57492000
2026-06-24T13:00:00+00:00,62592.34000000,62592.34000000,61290.98000000,61327.54000000,5.77696000
2026-06-24T14:00:00+00:00,61319.17000000,61462.81000000,60908.73000000,61097.76000000,1.54498000
2026-06-24T15:00:00+00:00,61105.03000000,61113.28000000,60253.29000000,60286.77000000,4.95011000
2026-06-24T16:00:00+00:00,60340.87000000,60652.42000000,59668.17000000,59889.60000000,7.04809000
2026-06-24T17:00:00+00:00,59835.44000000,60039.14000000,59123.66000000,59428.00000000,3.59374000
2026-06-24T18:00:00+00:00,59412.21000000,59983.49000000,59349.59000000,59588.68000000,4.94253000
2026-06-24T19:00:00+00:00,59637.96000000,59945.92000000,59485.20000000,59925.91000000,2.57554000
2026-06-24T20:00:00+00:00,59882.61000000,61192.72000000,59882.61000000,60986.31000000,0.98629000
2026-06-24T21:00:00+00:00,60986.31000000,61130.58000000,60698.20000000,61107.65000000,0.72923000
2026-06-24T22:00:00+00:00,61161.10000000,61253.31000000,60807.26000000,60807.26000000,0.63195000
2026-06-24T23:00:00+00:00,60861.42000000,61061.55000000,60861.42000000,61061.55000000,0.31764000
2026-06-25T00:00:00+00:00,61077.45000000,61137.57000000,60748.77000000,60775.12000000,0.95108000
2026-06-25T01:00:00+00:00,60830.27000000,60959.55000000,60748.77000000,60894.06000000,0.21842000
2026-06-25T02:00:00+00:00,60906.33000000,60931.41000000,60690.95000000,60738.42000000,0.17356000
2026-06-25T03:00:00+00:00,60822.63000000,60900.61000000,60693.07000000,60889.67000000,0.24231000
2026-06-25T04:00:00+00:00,60895.03000000,61382.03000000,60807.26000000,61374.62000000,0.19014000
2026-06-25T05:00:00+00:00,61404.52000000,61760.76000000,61404.52000000,61646.75000000,0.80363000
2026-06-25T06:00:00+00:00,61655.18000000,61832.32000000,61635.02000000,61778.60000000,0.33336000
2026-06-25T07:00:00+00:00,61762.09000000,61939.65000000,61689.06000000,61869.65000000,0.08093000
2026-06-25T08:00:00+00:00,61794.87000000,61806.21000000,61690.52000000,61690.52000000,0.05791000
2026-06-25T09:00:00+00:00,61717.07000000,61777.86000000,61617.03000000,61724.84000000,0.09091000
2026-06-25T10:00:00+00:00,61680.99000000,61715.81000000,61281.31000000,61281.31000000,0.28066000
2026-06-25T11:00:00+00:00,61307.35000000,61486.52000000,60999.62000000,61281.06000000,10.76728000
2026-06-25T12:00:00+00:00,61284.33000000,61716.41000000,61092.98000000,61205.37000000,0.64758000
2026-06-25T13:00:00+00:00,61274.13000000,61345.25000000,58150.00000000,58256.13000000,8.19277000
2026-06-25T14:00:00+00:00,58315.16000000,60467.78000000,58315.16000000,59503.56000000,10.76506000
2026-06-25T15:00:00+00:00,59460.46000000,59656.25000000,58882.40000000,59565.55000000,20.05904000
2026-06-25T16:00:00+00:00,59565.00000000,60144.68000000,59047.76000000,59323.83000000,12.55291000
2026-06-25T17:00:00+00:00,59326.61000000,59711.11000000,59145.84000000,59654.41000000,4.99577000
2026-06-25T18:00:00+00:00,59680.76000000,59741.28000000,59358.98000000,59501.96000000,2.99556000
2026-06-25T19:00:00+00:00,59509.98000000,59509.98000000,59191.64000000,59330.61000000,1.07317000
2026-06-25T20:00:00+00:00,59323.21000000,59736.97000000,59312.56000000,59405.42000000,6.87227000
2026-06-25T21:00:00+00:00,59468.21000000,60238.95000000,59466.98000000,60202.80000000,8.25154000
2026-06-25T22:00:00+00:00,60202.80000000,60202.80000000,59681.11000000,59841.20000000,14.58836000
2026-06-25T23:00:00+00:00,59910.99000000,60175.10000000,59690.22000000,59690.22000000,4.07554000
2026-06-26T00:00:00+00:00,59805.82000000,59886.33000000,59643.48000000,59669.68000000,1.76337000
2026-06-26T01:00:00+00:00,59671.28000000,59765.31000000,59245.83000000,59416.32000000,0.70345000
2026-06-26T02:00:00+00:00,59425.54000000,59425.54000000,58386.32000000,58552.91000000,9.82608000
2026-06-26T03:00:00+00:00,58570.52000000,60111.00000000,58372.73000000,59978.65000000,1.69214000
2026-06-26T04:00:00+00:00,60074.60000000,60202.89000000,59852.11000000,59904.25000000,0.64064000
2026-06-26T05:00:00+00:00,59916.00000000,60020.44000000,59778.36000000,59932.00000000,0.38026000
2026-06-26T06:00:00+00:00,59888.83000000,60402.11000000,59706.93000000,60331.43000000,0.97983000
2026-06-26T07:00:00+00:00,60316.30000000,60740.71000000,60288.41000000,60526.17000000,0.86964000
2026-06-26T08:00:00+00:00,60559.81000000,60559.81000000,60166.48000000,60231.14000000,0.41622000
2026-06-26T09:00:00+00:00,60226.30000000,60226.30000000,59628.88000000,59731.26000000,0.40923000
2026-06-26T10:00:00+00:00,59741.17000000,59798.32000000,59285.19000000,59285.19000000,0.71054000
2026-06-26T11:00:00+00:00,59393.86000000,59516.81000000,59296.18000000,59350.64000000,0.19062000
2026-06-26T12:00:00+00:00,59378.26000000,59920.07000000,58998.39000000,59231.68000000,1.28700000
2026-06-26T13:00:00+00:00,59240.17000000,60176.12000000,58539.06000000,60161.84000000,9.24695000
2026-06-26T14:00:00+00:00,60164.85000000,60273.41000000,59375.90000000,59683.59000000,5.35775000
2026-06-26T15:00:00+00:00,59606.48000000,60492.96000000,59606.48000000,60336.01000000,4.61540000
2026-06-26T16:00:00+00:00,60340.58000000,60547.17000000,59986.73000000,60044.29000000,0.69798000
2026-06-26T17:00:00+00:00,60032.08000000,60284.46000000,59967.46000000,60063.10000000,4.14720000
2026-06-26T18:00:00+00:00,60035.54000000,60141.92000000,59567.46000000,59667.46000000,0.75597000
2026-06-26T19:00:00+00:00,59678.21000000,60106.67000000,59670.34000000,59761.60000000,0.60159000
2026-06-26T20:00:00+00:00,59794.97000000,59975.70000000,59607.82000000,59720.67000000,3.91826000
2026-06-26T21:00:00+00:00,59709.80000000,60165.60000000,59682.41000000,59972.25000000,3.53140000
2026-06-26T22:00:00+00:00,59910.58000000,60095.07000000,59781.28000000,60062.75000000,0.24338000
2026-06-26T23:00:00+00:00,60062.60000000,60109.66000000,59940.80000000,60096.02000000,0.08352000
2026-06-27T00:00:00+00:00,60127.68000000,60178.12000000,59913.05000000,60049.02000000,0.64236000
2026-06-27T01:00:00+00:00,60031.59000000,60031.59000000,59949.04000000,59962.44000000,0.18403000
2026-06-27T02:00:00+00:00,59949.49000000,60382.61000000,59941.93000000,60314.90000000,7.14308000
2026-06-27T03:00:00+00:00,60283.53000000,60394.99000000,60173.78000000,60321.85000000,0.23309000
2026-06-27T04:00:00+00:00,60321.85000000,60482.40000000,60238.94000000,60238.94000000,8.73814000
2026-06-27T05:00:00+00:00,60252.02000000,60286.76000000,60150.40000000,60275.52000000,0.23710000
2026-06-27T06:00:00+00:00,60240.21000000,60546.01000000,60134.50000000,60368.08000000,6.94512000
2026-06-27T07:00:00+00:00,60376.02000000,60566.92000000,60294.12000000,60544.65000000,0.14321000
2026-06-27T08:00:00+00:00,60541.01000000,60541.01000000,60416.00000000,60454.67000000,0.20325000
2026-06-27T09:00:00+00:00,60497.06000000,60497.06000000,60311.68000000,60416.20000000,0.02571000
2026-06-27T10:00:00+00:00,60435.68000000,60460.30000000,60329.70000000,60382.12000000,0.61043000
2026-06-27T11:00:00+00:00,60441.62000000,60447.49000000,60191.41000000,60363.31000000,3.66994000
2026-06-27T12:00:00+00:00,60348.59000000,60465.07000000,60282.35000000,60416.61000000,4.08891000
2026-06-27T13:00:00+00:00,60436.65000000,60634.70000000,60393.26000000,60582.45000000,0.14444000
2026-06-27T14:00:00+00:00,60518.61000000,60717.34000000,60518.61000000,60637.27000000,0.15227000
2026-06-27T15:00:00+00:00,60599.06000000,60914.55000000,60599.06000000,60840.98000000,1.22780000
2026-06-27T16:00:00+00:00,60836.68000000,60848.96000000,60689.82000000,60812.57000000,0.19463000
2026-06-27T17:00:00+00:00,60804.12000000,60804.12000000,60437.67000000,60527.67000000,4.53998000
2026-06-27T18:00:00+00:00,60525.98000000,60567.99000000,60456.18000000,60543.13000000,0.11953000
2026-06-27T19:00:00+00:00,60598.24000000,60600.54000000,60095.81000000,60177.02000000,0.48273000
2026-06-27T20:00:00+00:00,60226.56000000,60300.99000000,60219.96000000,60258.52000000,0.16990000
2026-06-27T21:00:00+00:00,60286.31000000,60477.88000000,60144.09000000,60186.01000000,0.19251000
2026-06-27T22:00:00+00:00,60201.89000000,60249.57000000,59871.78000000,60223.89000000,0.47859000
2026-06-27T23:00:00+00:00,60239.25000000,60298.28000000,59976.29000000,60034.55000000,0.22388000
2026-06-28T00:00:00+00:00,60065.00000000,60197.46000000,60031.59000000,60184.41000000,0.09709000
2026-06-28T01:00:00+00:00,60150.64000000,60261.07000000,60000.00000000,60219.26000000,7.37775000
2026-06-28T02:00:00+00:00,60226.33000000,60342.79000000,60057.71000000,60165.81000000,0.51957000
2026-06-28T03:00:00+00:00,60185.22000000,60281.19000000,60165.68000000,60165.68000000,0.09339000
2026-06-28T04:00:00+00:00,60209.16000000,60233.39000000,60127.62000000,60147.65000000,0.08453000
2026-06-28T05:00:00+00:00,60129.00000000,60143.69000000,59786.33000000,59987.74000000,3.73250000
2026-06-28T06:00:00+00:00,60009.68000000,60020.27000000,59827.52000000,60004.05000000,3.45256000
2026-06-28T07:00:00+00:00,60024.91000000,60233.34000000,60024.91000000,60201.93000000,0.04769000
2026-06-28T08:00:00+00:00,60239.74000000,60520.37000000,60177.43000000,60432.77000000,0.03299000
2026-06-28T09:00:00+00:00,60296.00000000,60446.74000000,60281.65000000,60281.65000000,0.04966000
2026-06-28T10:00:00+00:00,60256.06000000,60269.38000000,60075.00000000,60194.16000000,0.18190000
2026-06-28T11:00:00+00:00,60178.84000000,60362.95000000,60129.57000000,60362.95000000,0.27796000
2026-06-28T12:00:00+00:00,60332.87000000,60437.67000000,60211.31000000,60275.62000000,0.07435000
2026-06-28T13:00:00+00:00,60213.16000000,60230.32000000,59994.38000000,60114.50000000,0.91267000
2026-06-28T14:00:00+00:00,60084.69000000,60208.51000000,60043.17000000,60092.59000000,0.06403000
2026-06-28T15:00:00+00:00,60037.22000000,60097.48000000,59816.48000000,59866.71000000,1.04241000
2026-06-28T16:00:00+00:00,59905.98000000,59945.00000000,59581.37000000,59695.13000000,0.60592000
2026-06-28T17:00:00+00:00,59684.05000000,59837.16000000,59362.16000000,59578.48000000,7.28400000
2026-06-28T18:00:00+00:00,59594.82000000,59695.71000000,59500.42000000,59596.10000000,0.25882000
2026-06-28T19:00:00+00:00,59625.56000000,59658.45000000,59264.90000000,59480.42000000,3.74224000
2026-06-28T20:00:00+00:00,59489.82000000,59737.04000000,59489.82000000,59643.07000000,0.42682000
2026-06-28T21:00:00+00:00,59663.21000000,59764.64000000,59356.18000000,59408.51000000,3.71434000
2026-06-28T22:00:00+00:00,59458.51000000,59894.48000000,58938.36000000,59066.34000000,7.55284000
2026-06-28T23:00:00+00:00,59013.85000000,59835.77000000,59013.85000000,59523.42000000,0.69584000
2026-06-29T00:00:00+00:00,59582.85000000,59643.48000000,59030.00000000,59643.48000000,1.19044000
2026-06-29T01:00:00+00:00,59671.06000000,59689.11000000,59220.42000000,59474.14000000,0.48902000
2026-06-29T02:00:00+00:00,59389.45000000,59800.00000000,58922.52000000,59752.88000000,2.84790000
2026-06-29T03:00:00+00:00,59773.36000000,60219.65000000,59773.36000000,60053.83000000,2.14552000
2026-06-29T04:00:00+00:00,60068.53000000,60068.53000000,59786.33000000,59828.64000000,0.25996000
2026-06-29T05:00:00+00:00,59856.78000000,60075.00000000,59400.00000000,60075.00000000,0.50445000
2026-06-29T06:00:00+00:00,60095.32000000,60347.41000000,60058.77000000,60089.80000000,0.24739000
2026-06-29T07:00:00+00:00,60054.00000000,60174.38000000,59951.06000000,60113.72000000,0.08368000
2026-06-29T08:00:00+00:00,60031.15000000,60080.21000000,59779.13000000,59835.13000000,0.34822000
2026-06-29T09:00:00+00:00,59841.53000000,60084.83000000,59813.72000000,60043.43000000,0.12264000
2026-06-29T10:00:00+00:00,60075.00000000,60304.43000000,60075.00000000,60096.68000000,0.60920000
2026-06-29T11:00:00+00:00,60087.09000000,60150.11000000,59826.17000000,59951.06000000,0.54724000
2026-06-29T12:00:00+00:00,59967.42000000,60767.22000000,59591.56000000,59977.32000000,1.85918000
2026-06-29T13:00:00+00:00,59972.81000000,60332.35000000,59355.47000000,59563.49000000,1.62588000
2026-06-29T14:00:00+00:00,59557.84000000,59668.15000000,59023.26000000,59426.24000000,1.65626000
2026-06-29T15:00:00+00:00,59417.22000000,59939.60000000,59108.05000000,59912.73000000,1.31840000
2026-06-29T16:00:00+00:00,59810.90000000,59994.38000000,59591.10000000,59865.65000000,0.30626000
2026-06-29T17:00:00+00:00,59910.05000000,60672.38000000,59910.05000000,60390.32000000,1.00821000
2026-06-29T18:00:00+00:00,60383.33000000,60524.01000000,60184.29000000,60262.60000000,0.61979000
2026-06-29T19:00:00+00:00,60280.65000000,60551.74000000,60154.39000000,60440.48000000,1.49918000
2026-06-29T20:00:00+00:00,60422.92000000,60527.56000000,60298.91000000,60298.91000000,1.57804000
2026-06-29T21:00:00+00:00,60289.47000000,60570.00000000,60260.45000000,60510.38000000,0.51162000
2026-06-29T22:00:00+00:00,60476.76000000,60496.45000000,60352.80000000,60368.74000000,0.52613000
2026-06-29T23:00:00+00:00,60361.87000000,60374.45000000,60208.50000000,60253.78000000,0.30335000
2026-06-30T00:00:00+00:00,60222.39000000,60248.10000000,59692.60000000,59841.27000000,6.81918000
2026-06-30T01:00:00+00:00,59848.94000000,60044.23000000,59776.80000000,59926.53000000,1.09400000
2026-06-30T02:00:00+00:00,59940.29000000,60023.03000000,59761.15000000,60007.82000000,0.24297000
2026-06-30T03:00:00+00:00,59947.31000000,60009.62000000,59599.27000000,59615.10000000,0.23370000
2026-06-30T04:00:00+00:00,59622.94000000,59705.67000000,59438.97000000,59496.44000000,0.70740000
2026-06-30T05:00:00+00:00,59498.34000000,59652.06000000,59370.91000000,59652.06000000,0.16853000
2026-06-30T06:00:00+00:00,59652.07000000,59693.71000000,59528.77000000,59562.99000000,0.13790000
2026-06-30T07:00:00+00:00,59627.42000000,59627.42000000,59454.20000000,59530.02000000,0.35906000
2026-06-30T08:00:00+00:00,59540.66000000,59555.23000000,59200.77000000,59281.19000000,0.17154000
2026-06-30T09:00:00+00:00,59304.21000000,59410.93000000,59258.44000000,59387.08000000,0.61493000
2026-06-30T10:00:00+00:00,59391.45000000,59400.88000000,59301.03000000,59350.50000000,0.17556000
2026-06-30T11:00:00+00:00,59342.36000000,59403.05000000,59135.51000000,59186.46000000,5.38787000
2026-06-30T12:00:00+00:00,59167.17000000,59167.17000000,58406.52000000,58406.52000000,2.90411000
2026-06-30T13:00:00+00:00,58416.29000000,58762.25000000,58280.00000000,58681.65000000,4.63318000
2026-06-30T14:00:00+00:00,58730.31000000,59245.83000000,58452.99000000,58500.00000000,3.32097000
2026-06-30T15:00:00+00:00,58484.90000000,58801.37000000,58206.63000000,58373.05000000,1.00188000
2026-06-30T16:00:00+00:00,58366.89000000,58599.49000000,58227.64000000,58477.96000000,1.39897000
2026-06-30T17:00:00+00:00,58477.96000000,58627.34000000,58320.98000000,58413.31000000,0.19994000
2026-06-30T18:00:00+00:00,58416.29000000,58675.76000000,58341.31000000,58675.76000000,4.77672000
2026-06-30T19:00:00+00:00,58674.93000000,58845.19000000,58588.16000000,58805.50000000,1.42525000
2026-06-30T20:00:00+00:00,58762.25000000,58869.56000000,58675.76000000,58762.04000000,0.56254000
2026-06-30T21:00:00+00:00,58732.60000000,58742.58000000,58528.23000000,58633.72000000,0.21407000
2026-06-30T22:00:00+00:00,58675.76000000,58762.25000000,58507.73000000,58602.20000000,0.31709000
2026-06-30T23:00:00+00:00,58613.68000000,58672.13000000,58582.39000000,58632.52000000,0.18655000
2026-07-01T00:00:00+00:00,58631.51000000,58745.82000000,58355.37000000,58570.24000000,0.35866000
2026-07-01T01:00:00+00:00,58580.35000000,59100.00000000,57800.00000000,58780.56000000,6.56315000
2026-07-01T02:00:00+00:00,58775.11000000,59177.06000000,58624.27000000,59108.21000000,5.14528000
2026-07-01T03:00:00+00:00,59064.96000000,59304.32000000,58868.77000000,59187.89000000,4.70349000
2026-07-01T04:00:00+00:00,59163.77000000,59443.38000000,59069.07000000,59327.54000000,1.11479000
2026-07-01T05:00:00+00:00,59324.43000000,59369.91000000,59132.52000000,59139.39000000,0.85510000
2026-07-01T06:00:00+00:00,59151.45000000,59156.41000000,58543.30000000,58733.63000000,0.59537000
2026-07-01T07:00:00+00:00,58753.73000000,58773.18000000,58617.42000000,58750.89000000,1.05143000
2026-07-01T08:00:00+00:00,58755.17000000,58952.07000000,58486.04000000,58952.07000000,0.43451000
2026-07-01T09:00:00+00:00,58952.14000000,59064.96000000,58856.69000000,58935.23000000,0.19898000
2026-07-01T10:00:00+00:00,58923.94000000,58923.94000000,58632.53000000,58650.00000000,0.47311000
2026-07-01T11:00:00+00:00,58655.61000000,58752.82000000,58529.00000000,58563.61000000,0.82754000
2026-07-01T12:00:00+00:00,58632.52000000,58640.22000000,58330.14000000,58566.97000000,6.99376000
2026-07-01T13:00:00+00:00,58544.67000000,59492.46000000,58544.67000000,59492.46000000,3.73836000
2026-07-01T14:00:00+00:00,59454.16000000,60075.00000000,59228.74000000,59516.96000000,17.69606000
2026-07-01T15:00:00+00:00,59540.66000000,60515.31000000,59519.88000000,60157.22000000,4.84016000
2026-07-01T16:00:00+00:00,60151.23000000,60256.05000000,59868.54000000,59887.49000000,3.64425000
2026-07-01T17:00:00+00:00,59901.61000000,60235.95000000,59799.80000000,60184.75000000,0.57472000
2026-07-01T18:00:00+00:00,60180.87000000,60283.49000000,60034.38000000,60158.21000000,0.61418000
2026-07-01T19:00:00+00:00,60189.32000000,60319.06000000,60031.13000000,60031.13000000,0.25755000
2026-07-01T20:00:00+00:00,60044.65000000,60189.32000000,59852.47000000,60118.16000000,7.97377000
2026-07-01T21:00:00+00:00,60128.72000000,60859.60000000,60128.72000000,60815.70000000,3.39626000
2026-07-01T22:00:00+00:00,60824.66000000,61321.46000000,60354.06000000,60490.86000000,7.41181000
2026-07-01T23:00:00+00:00,60461.78000000,60461.78000000,60000.00000000,60033.87000000,5.58283000
2026-07-02T00:00:00+00:00,60016.35000000,60016.35000000,59593.67000000,59704.00000000,0.98774000
2026-07-02T01:00:00+00:00,59755.09000000,60308.22000000,59726.68000000,60171.72000000,0.66538000
2026-07-02T02:00:00+00:00,60188.61000000,60480.00000000,60037.18000000,60442.68000000,0.83744000
2026-07-02T03:00:00+00:00,60430.61000000,61110.55000000,60341.78000000,61054.21000000,0.89960000
2026-07-02T04:00:00+00:00,61013.13000000,61031.80000000,60739.15000000,60794.75000000,0.43356000
2026-07-02T05:00:00+00:00,60791.25000000,60866.35000000,60485.82000000,60535.28000000,4.59276000
2026-07-02T06:00:00+00:00,60503.68000000,60628.12000000,60267.68000000,60275.81000000,0.42670000
2026-07-02T07:00:00+00:00,60257.20000000,60298.47000000,60117.97000000,60129.92000000,0.33331000
2026-07-02T08:00:00+00:00,60133.46000000,60535.40000000,60133.46000000,60508.87000000,0.28104000
2026-07-02T09:00:00+00:00,60508.89000000,61422.60000000,60385.74000000,61190.43000000,11.77339000
2026-07-02T10:00:00+00:00,61183.95000000,61326.05000000,61060.19000000,61260.18000000,1.13073000
2026-07-02T11:00:00+00:00,61227.19000000,61379.03000000,61132.50000000,61376.60000000,2.21222000
2026-07-02T12:00:00+00:00,61356.93000000,61608.72000000,61169.58000000,61551.40000000,4.12753000
2026-07-02T13:00:00+00:00,61551.42000000,62034.69000000,61519.73000000,61937.75000000,9.79192000
2026-07-02T14:00:00+00:00,61919.10000000,62199.02000000,61418.15000000,61659.63000000,7.70525000
2026-07-02T15:00:00+00:00,61686.69000000,61832.62000000,61443.41000000,61616.39000000,1.17336000
2026-07-02T16:00:00+00:00,61623.42000000,61773.26000000,61160.84000000,61675.69000000,0.67566000
2026-07-02T17:00:00+00:00,61667.81000000,61939.53000000,61620.23000000,61665.42000000,4.12905000
2026-07-02T18:00:00+00:00,61691.34000000,61860.31000000,61685.14000000,61747.65000000,0.47425000
2026-07-02T19:00:00+00:00,61737.77000000,61742.74000000,61443.41000000,61443.41000000,2.16099000
2026-07-02T20:00:00+00:00,61486.66000000,61588.52000000,61349.94000000,61588.52000000,2.46487000
2026-07-02T21:00:00+00:00,61573.17000000,61616.39000000,61509.88000000,61581.56000000,1.65429000
2026-07-02T22:00:00+00:00,61573.15000000,61573.15000000,61437.75000000,61529.90000000,0.07652000
2026-07-02T23:00:00+00:00,61486.66000000,61585.76000000,61352.98000000,61557.61000000,0.77272000
2026-07-03T00:00:00+00:00,61573.15000000,61573.15000000,61270.44000000,61313.71000000,1.33013000
2026-07-03T01:00:00+00:00,61318.10000000,61728.20000000,61313.68000000,61601.24000000,0.42213000
2026-07-03T02:00:00+00:00,61612.28000000,61650.31000000,61313.68000000,61453.07000000,0.09355000
2026-07-03T03:00:00+00:00,61443.41000000,61586.08000000,61332.31000000,61444.55000000,0.12290000
2026-07-03T04:00:00+00:00,61455.53000000,61534.00000000,61349.95000000,61454.30000000,0.72401000
2026-07-03T05:00:00+00:00,61443.41000000,61786.88000000,61443.41000000,61708.13000000,0.23417000
2026-07-03T06:00:00+00:00,61707.44000000,61833.78000000,61616.39000000,61735.85000000,0.17631000
2026-07-03T07:00:00+00:00,61710.91000000,61978.67000000,61685.67000000,61758.44000000,7.70355000
2026-07-03T08:00:00+00:00,61766.84000000,61889.68000000,61575.95000000,61575.95000000,0.21970000
2026-07-03T09:00:00+00:00,61573.15000000,61755.59000000,61554.45000000,61746.13000000,0.02210000
2026-07-03T10:00:00+00:00,61735.76000000,62048.82000000,61679.02000000,61919.10000000,3.78679000
2026-07-03T11:00:00+00:00,61892.64000000,62088.70000000,61860.32000000,62032.18000000,3.75293000
2026-07-03T12:00:00+00:00,62016.18000000,62182.63000000,61908.20000000,61962.51000000,0.22374000
2026-07-03T13:00:00+00:00,61985.00000000,62269.81000000,61962.35000000,62131.17000000,1.12854000
2026-07-03T14:00:00+00:00,62114.02000000,62245.30000000,61714.09000000,62168.41000000,1.63274000
2026-07-03T15:00:00+00:00,62182.98000000,62383.02000000,61832.62000000,61919.16000000,1.34313000
2026-07-03T16:00:00+00:00,61923.47000000,62096.96000000,61916.38000000,62092.08000000,0.39772000
2026-07-03T17:00:00+00:00,62135.33000000,62301.06000000,62135.33000000,62178.57000000,4.90393000
2026-07-03T18:00:00+00:00,62202.32000000,62256.46000000,62120.94000000,62212.13000000,3.64072000
2026-07-03T19:00:00+00:00,62212.17000000,62308.29000000,62157.89000000,62225.31000000,0.50556000
2026-07-03T20:00:00+00:00,62225.69000000,62892.64000000,62196.83000000,62740.75000000,10.38242000
2026-07-03T21:00:00+00:00,62783.99000000,62956.97000000,62522.73000000,62740.76000000,1.35066000
2026-07-03T22:00:00+00:00,62740.75000000,62740.75000000,62525.66000000,62598.84000000,0.18881000
2026-07-03T23:00:00+00:00,62569.10000000,62704.37000000,62536.45000000,62607.32000000,0.13918000
2026-07-04T00:00:00+00:00,62603.20000000,62931.21000000,62594.01000000,62776.06000000,2.23604000
2026-07-04T01:00:00+00:00,62776.05000000,62776.05000000,62423.27000000,62481.28000000,4.10594000
2026-07-04T02:00:00+00:00,62485.13000000,62567.49000000,62452.88000000,62538.96000000,3.59026000
2026-07-04T03:00:00+00:00,62527.84000000,62740.73000000,62501.47000000,62653.39000000,0.20781000
2026-07-04T04:00:00+00:00,62642.84000000,62740.74000000,62617.76000000,62657.15000000,0.40939000
2026-07-04T05:00:00+00:00,62697.49000000,62697.49000000,62471.83000000,62471.83000000,0.20647000
2026-07-04T06:00:00+00:00,62473.88000000,62527.00000000,62344.72000000,62507.11000000,0.41620000
2026-07-04T07:00:00+00:00,62505.69000000,62611.02000000,62486.13000000,62582.79000000,0.06696000
2026-07-04T08:00:00+00:00,62596.76000000,62640.81000000,62533.92000000,62611.02000000,0.18089000
2026-07-04T09:00:00+00:00,62572.52000000,62572.52000000,62448.78000000,62508.91000000,0.08050000
2026-07-04T10:00:00+00:00,62496.67000000,62543.97000000,62479.23000000,62524.53000000,0.03114000
2026-07-04T11:00:00+00:00,62499.44000000,62545.98000000,62478.58000000,62505.64000000,0.19817000
2026-07-04T12:00:00+00:00,62505.64000000,62680.85000000,62505.64000000,62673.12000000,0.86835000
2026-07-04T13:00:00+00:00,62659.08000000,62758.07000000,62550.85000000,62588.57000000,1.95266000
2026-07-04T14:00:00+00:00,62599.68000000,62721.70000000,62599.68000000,62673.69000000,0.04563000
2026-07-04T15:00:00+00:00,62697.50000000,63043.46000000,62697.50000000,62928.67000000,2.04284000
2026-07-04T16:00:00+00:00,62913.73000000,62966.47000000,62751.51000000,62913.73000000,4.87124000
2026-07-04T17:00:00+00:00,62870.48000000,63418.94000000,62819.40000000,63293.58000000,15.73125000
2026-07-04T18:00:00+00:00,63287.57000000,63349.24000000,63115.00000000,63164.09000000,10.04970000
2026-07-04T19:00:00+00:00,63159.29000000,63449.91000000,63118.89000000,63308.58000000,5.14607000
2026-07-04T20:00:00+00:00,63302.93000000,63387.10000000,63164.74000000,63238.64000000,0.79963000
2026-07-04T21:00:00+00:00,63235.99000000,63453.49000000,63216.44000000,63321.93000000,0.94820000
2026-07-04T22:00:00+00:00,63317.52000000,63317.52000000,63180.00000000,63197.91000000,0.81967000
2026-07-04T23:00:00+00:00,63180.00000000,63229.38000000,62940.17000000,63173.19000000,8.35844000
2026-07-05T00:00:00+00:00,63137.87000000,63137.87000000,62926.80000000,62987.82000000,7.41807000
2026-07-05T01:00:00+00:00,62989.09000000,63026.68000000,62800.01000000,62870.48000000,4.64591000
2026-07-05T02:00:00+00:00,62913.73000000,62917.74000000,62613.89000000,62699.02000000,0.36711000
2026-07-05T03:00:00+00:00,62697.50000000,62778.73000000,62689.37000000,62777.00000000,0.27798000
2026-07-05T04:00:00+00:00,62780.64000000,62959.69000000,62708.83000000,62833.46000000,0.04942000
2026-07-05T05:00:00+00:00,62827.24000000,62827.24000000,62686.00000000,62758.86000000,0.54682000
2026-07-05T06:00:00+00:00,62740.75000000,62826.31000000,62672.60000000,62788.84000000,0.02638000
2026-07-05T07:00:00+00:00,62805.55000000,63042.82000000,62729.54000000,63042.82000000,0.16206000
2026-07-05T08:00:00+00:00,63043.46000000,63086.70000000,62909.42000000,62923.52000000,0.18062000
2026-07-05T09:00:00+00:00,62913.73000000,62919.56000000,62481.28000000,62611.02000000,1.71280000
2026-07-05T10:00:00+00:00,62586.91000000,62740.75000000,62567.77000000,62740.75000000,0.38970000
2026-07-05T11:00:00+00:00,62745.10000000,62783.99000000,62625.00000000,62681.34000000,0.04730000
2026-07-05T12:00:00+00:00,62654.26000000,62763.34000000,62596.77000000,62740.75000000,0.39559000
2026-07-05T13:00:00+00:00,62741.67000000,62819.40000000,62659.14000000,62791.81000000,0.64233000
2026-07-05T14:00:00+00:00,62798.95000000,62828.88000000,62682.92000000,62815.68000000,0.05789000
2026-07-05T15:00:00+00:00,62808.01000000,62945.71000000,62683.72000000,62740.75000000,3.87867000
2026-07-05T16:00:00+00:00,62731.07000000,62766.48000000,62572.50000000,62630.04000000,5.23071000
2026-07-05T17:00:00+00:00,62644.76000000,62783.99000000,62600.87000000,62631.64000000,0.26375000
2026-07-05T18:00:00+00:00,62631.83000000,62848.97000000,62631.83000000,62827.24000000,0.28356000
2026-07-05T19:00:00+00:00,62783.99000000,62864.26000000,62740.75000000,62784.00000000,0.94131000
2026-07-05T20:00:00+00:00,62784.00000000,62848.70000000,62719.18000000,62731.66000000,6.71536000
2026-07-05T21:00:00+00:00,62697.50000000,63219.40000000,62554.05000000,63117.47000000,6.31671000
2026-07-05T22:00:00+00:00,63086.71000000,63943.64000000,63003.17000000,63745.74000000,4.46246000
2026-07-05T23:00:00+00:00,63760.18000000,63999.96000000,63580.56000000,63637.54000000,2.74368000
2026-07-06T00:00:00+00:00,63648.89000000,63773.61000000,63376.64000000,63773.61000000,8.26148000
2026-07-06T01:00:00+00:00,63762.42000000,63917.19000000,63562.40000000,63581.73000000,2.85569000
2026-07-06T02:00:00+00:00,63602.46000000,63669.37000000,63380.40000000,63453.59000000,4.02814000
2026-07-06T03:00:00+00:00,63475.90000000,63475.90000000,63173.19000000,63274.02000000,0.51697000
2026-07-06T04:00:00+00:00,63286.19000000,63384.43000000,63214.67000000,63259.68000000,0.37374000
2026-07-06T05:00:00+00:00,63241.39000000,63251.84000000,62953.80000000,63128.94000000,0.45866000
2026-07-06T06:00:00+00:00,63115.80000000,63152.52000000,62985.76000000,62985.76000000,0.89678000
2026-07-06T07:00:00+00:00,62968.26000000,63117.12000000,62890.62000000,63090.98000000,0.19954000
2026-07-06T08:00:00+00:00,63117.47000000,63216.44000000,62868.78000000,62890.79000000,1.00158000
2026-07-06T09:00:00+00:00,62890.53000000,62890.53000000,62644.25000000,62672.06000000,0.84260000
2026-07-06T10:00:00+00:00,62666.46000000,63038.38000000,62666.46000000,62870.48000000,3.79202000
2026-07-06T11:00:00+00:00,62842.99000000,62981.06000000,62522.73000000,62522.73000000,0.36265000
2026-07-06T12:00:00+00:00,62500.00000000,62500.00000000,61672.30000000,61746.13000000,9.35241000
2026-07-06T13:00:00+00:00,61714.10000000,62022.72000000,61322.37000000,61776.99000000,3.10425000
2026-07-06T14:00:00+00:00,61789.37000000,62394.79000000,61724.33000000,62029.24000000,1.15181000
2026-07-06T15:00:00+00:00,62048.83000000,63535.97000000,62048.83000000,63519.15000000,10.85134000
2026-07-06T16:00:00+00:00,63541.60000000,63852.76000000,63409.80000000,63711.14000000,0.75689000
2026-07-06T17:00:00+00:00,63735.37000000,63925.87000000,63576.67000000,63576.67000000,1.36909000
2026-07-06T18:00:00+00:00,63581.71000000,63868.85000000,63576.91000000,63705.29000000,3.86217000
2026-07-06T19:00:00+00:00,63700.44000000,63868.85000000,63662.78000000,63717.86000000,3.82117000
2026-07-06T20:00:00+00:00,63735.37000000,63877.59000000,63588.77000000,63835.54000000,0.27489000
2026-07-06T21:00:00+00:00,63830.12000000,64649.50000000,63821.86000000,64476.37000000,13.16854000
2026-07-06T22:00:00+00:00,64491.82000000,64491.82000000,64167.82000000,64215.51000000,1.60046000
2026-07-06T23:00:00+00:00,64229.52000000,64335.96000000,64033.63000000,64033.63000000,1.34242000
2026-07-07T00:00:00+00:00,64038.09000000,64310.19000000,64012.79000000,64206.66000000,0.52968000
2026-07-07T01:00:00+00:00,64171.91000000,64171.91000000,63777.00000000,63831.96000000,0.46646000
2026-07-07T02:00:00+00:00,63843.19000000,63904.95000000,63302.93000000,63312.60000000,3.27628000
2026-07-07T03:00:00+00:00,63346.17000000,63402.96000000,63157.89000000,63173.19000000,0.22090000
2026-07-07T04:00:00+00:00,63165.99000000,63267.04000000,63072.55000000,63106.86000000,0.18274000
2026-07-07T05:00:00+00:00,63110.84000000,63279.99000000,62827.24000000,63136.34000000,0.28677000
2026-07-07T06:00:00+00:00,63133.60000000,63393.75000000,63027.00000000,63355.58000000,0.33479000
2026-07-07T07:00:00+00:00,63346.17000000,63444.98000000,63068.55000000,63068.55000000,0.11664000
2026-07-07T08:00:00+00:00,63086.70000000,63157.83000000,62998.54000000,63097.87000000,0.15933000
2026-07-07T09:00:00+00:00,63100.77000000,63335.12000000,63058.54000000,63259.68000000,3.76707000
2026-07-07T10:00:00+00:00,63290.75000000,63447.72000000,63232.79000000,63259.68000000,0.13679000
2026-07-07T11:00:00+00:00,63273.60000000,63456.47000000,63122.24000000,63401.34000000,0.29315000
2026-07-07T12:00:00+00:00,63416.96000000,63852.76000000,63416.96000000,63483.77000000,0.83772000
2026-07-07T13:00:00+00:00,63467.75000000,63467.75000000,63000.00000000,63070.95000000,5.98811000
2026-07-07T14:00:00+00:00,63054.90000000,63626.71000000,62700.00000000,63595.58000000,6.11167000
2026-07-07T15:00:00+00:00,63569.32000000,64081.33000000,63389.42000000,63929.05000000,17.64934000
2026-07-07T16:00:00+00:00,63951.60000000,64227.32000000,63768.00000000,63994.84000000,9.26788000
2026-07-07T17:00:00+00:00,63988.63000000,64220.75000000,63899.05000000,64182.71000000,0.19575000
2026-07-07T18:00:00+00:00,64167.82000000,64167.82000000,63683.73000000,63683.73000000,4.85090000
2026-07-07T19:00:00+00:00,63683.62000000,63877.70000000,63393.75000000,63780.54000000,0.73355000
2026-07-07T20:00:00+00:00,63821.86000000,63890.86000000,63623.68000000,63682.89000000,1.35211000
2026-07-07T21:00:00+00:00,63717.86000000,63848.87000000,63334.61000000,63383.83000000,4.44952000
2026-07-07T22:00:00+00:00,63415.87000000,63642.50000000,63202.80000000,63551.98000000,6.14931000
2026-07-07T23:00:00+00:00,63562.39000000,63717.72000000,63331.78000000,63339.51000000,0.20499000
2026-07-08T00:00:00+00:00,63369.55000000,63742.15000000,63335.62000000,63614.98000000,4.52860000
2026-07-08T01:00:00+00:00,63605.64000000,63642.50000000,62913.91000000,63010.57000000,5.39837000
2026-07-08T02:00:00+00:00,63030.95000000,63061.71000000,62575.27000000,62989.90000000,5.45984000
2026-07-08T03:00:00+00:00,62993.25000000,63093.36000000,62738.85000000,62763.24000000,1.07421000
2026-07-08T04:00:00+00:00,62776.51000000,62909.77000000,62690.44000000,62738.98000000,0.62640000
2026-07-08T05:00:00+00:00,62794.02000000,62854.79000000,62575.27000000,62629.47000000,0.23165000
2026-07-08T06:00:00+00:00,62626.95000000,62745.08000000,62474.26000000,62622.25000000,0.49517000
2026-07-08T07:00:00+00:00,62644.07000000,62894.57000000,62546.23000000,62894.57000000,0.18859000
2026-07-08T08:00:00+00:00,62885.27000000,62919.61000000,61863.51000000,62014.99000000,0.73799000
2026-07-08T09:00:00+00:00,62006.83000000,62169.30000000,61756.26000000,62059.41000000,4.12331000
2026-07-08T10:00:00+00:00,62076.48000000,62178.57000000,61832.37000000,62142.47000000,4.01984000
2026-07-08T11:00:00+00:00,62181.15000000,62366.33000000,62080.35000000,62314.85000000,0.72270000
2026-07-08T12:00:00+00:00,62309.66000000,62422.23000000,61971.18000000,61971.18000000,0.42966000
2026-07-08T13:00:00+00:00,61969.98000000,62057.90000000,61659.63000000,61930.21000000,1.08435000
2026-07-08T14:00:00+00:00,61962.35000000,62153.86000000,61735.63000000,61933.58000000,0.93397000
2026-07-08T15:00:00+00:00,61920.23000000,61920.23000000,61551.24000000,61668.56000000,4.16061000
2026-07-08T16:00:00+00:00,61704.53000000,62135.33000000,61694.09000000,62118.38000000,3.88705000
2026-07-08T17:00:00+00:00,62105.81000000,62380.48000000,62038.16000000,62099.45000000,3.95130000
2026-07-08T18:00:00+00:00,62113.54000000,62321.32000000,62048.83000000,62188.29000000,0.35054000
2026-07-08T19:00:00+00:00,62248.44000000,62265.06000000,62080.35000000,62265.06000000,0.24514000
2026-07-08T20:00:00+00:00,62265.06000000,62295.66000000,62062.46000000,62106.42000000,3.86897000
2026-07-08T21:00:00+00:00,62113.57000000,62227.46000000,61971.18000000,62227.46000000,0.52226000
2026-07-08T22:00:00+00:00,62218.00000000,62343.01000000,62218.00000000,62324.42000000,0.28313000
2026-07-08T23:00:00+00:00,62307.55000000,62332.68000000,62186.68000000,62303.49000000,3.56710000
2026-07-09T00:00:00+00:00,62298.84000000,62304.08000000,62092.94000000,62108.94000000,0.14931000
2026-07-09T01:00:00+00:00,62123.01000000,62623.36000000,61869.00000000,61904.66000000,1.73592000
2026-07-09T02:00:00+00:00,61904.52000000,62112.19000000,61712.05000000,61787.15000000,6.26720000
2026-07-09T03:00:00+00:00,61781.81000000,62029.00000000,61747.66000000,61978.70000000,0.26580000
2026-07-09T04:00:00+00:00,62006.92000000,62451.91000000,61985.51000000,62451.91000000,4.37902000
2026-07-09T05:00:00+00:00,62458.00000000,62608.92000000,62260.00000000,62564.62000000,4.43801000
2026-07-09T06:00:00+00:00,62590.00000000,62975.70000000,62481.91000000,62954.50000000,0.84179000
2026-07-09T07:00:00+00:00,62954.69000000,63250.00000000,62804.02000000,62986.77000000,2.16563000
2026-07-09T08:00:00+00:00,62968.26000000,63084.99000000,62871.20000000,62885.91000000,0.19789000
2026-07-09T09:00:00+00:00,62904.34000000,62986.00000000,62806.59000000,62953.00000000,0.37174000
2026-07-09T10:00:00+00:00,62944.33000000,63042.81000000,62702.12000000,62731.74000000,0.27989000
2026-07-09T11:00:00+00:00,62781.89000000,62815.52000000,62588.28000000,62787.44000000,0.44139000
2026-07-09T12:00:00+00:00,62789.79000000,62952.99000000,62471.84000000,62661.13000000,4.43318000
2026-07-09T13:00:00+00:00,62670.89000000,63227.80000000,62528.67000000,63032.37000000,0.92307000
2026-07-09T14:00:00+00:00,63055.01000000,63118.00000000,62675.23000000,63019.00000000,0.71312000
2026-07-09T15:00:00+00:00,63038.39000000,63247.06000000,62848.97000000,62860.14000000,1.30905000
2026-07-09T16:00:00+00:00,62878.69000000,62996.39000000,62575.27000000,62690.64000000,1.80700000
2026-07-09T17:00:00+00:00,62735.24000000,63174.57000000,62670.89000000,63085.57000000,1.27587000
2026-07-09T18:00:00+00:00,63182.25000000,63481.78000000,63079.35000000,63199.79000000,6.55743000
2026-07-09T19:00:00+00:00,63213.70000000,63349.00000000,63144.36000000,63261.09000000,4.56404000
2026-07-09T20:00:00+00:00,63267.51000000,63325.64000000,63192.21000000,63310.28000000,1.63358000
2026-07-09T21:00:00+00:00,63331.61000000,63382.34000000,63190.00000000,63258.72000000,1.69811000
2026-07-09T22:00:00+00:00,63272.95000000,63388.67000000,63238.25000000,63238.25000000,1.02685000
2026-07-09T23:00:00+00:00,63224.69000000,63325.73000000,63068.60000000,63290.95000000,2.34166000
2026-07-10T00:00:00+00:00,63231.72000000,63233.11000000,62953.00000000,63112.59000000,0.24285000
2026-07-10T01:00:00+00:00,63117.47000000,63938.75000000,62960.38000000,63712.00000000,4.71682000
2026-07-10T02:00:00+00:00,63745.90000000,64042.00000000,63712.00000000,63977.95000000,5.34960000
2026-07-10T03:00:00+00:00,63969.68000000,64031.51000000,63844.00000000,63912.02000000,1.21612000
2026-07-10T04:00:00+00:00,63981.49000000,64163.38000000,63871.26000000,64035.16000000,0.26524000
2026-07-10T05:00:00+00:00,64020.20000000,64198.50000000,63966.88000000,64089.66000000,0.14094000
2026-07-10T06:00:00+00:00,64106.17000000,64109.87000000,63846.03000000,63863.70000000,3.68545000
2026-07-10T07:00:00+00:00,63868.70000000,64005.58000000,63826.08000000,63981.18000000,0.17544000
2026-07-10T08:00:00+00:00,63987.40000000,64372.00000000,63987.25000000,64247.89000000,0.56304000
2026-07-10T09:00:00+00:00,64235.71000000,64490.93000000,64148.51000000,64388.44000000,4.10980000
2026-07-10T10:00:00+00:00,64370.96000000,64490.93000000,64307.85000000,64415.67000000,7.42865000
2026-07-10T11:00:00+00:00,64415.67000000,64478.89000000,64360.74000000,64408.60000000,0.11724000
2026-07-10T12:00:00+00:00,64433.14000000,64603.00000000,64274.90000000,64297.87000000,4.97121000
2026-07-10T13:00:00+00:00,64317.84000000,64699.98000000,64150.46000000,64526.15000000,3.72080000
2026-07-10T14:00:00+00:00,64478.31000000,64499.63000000,63817.50000000,63909.57000000,6.00853000
2026-07-10T15:00:00+00:00,63927.84000000,64186.97000000,63908.07000000,64015.43000000,1.06082000
2026-07-10T16:00:00+00:00,64051.07000000,64209.26000000,63844.00000000,64130.63000000,4.17742000
2026-07-10T17:00:00+00:00,64132.31000000,64138.15000000,63816.13000000,63817.50000000,0.38671000
2026-07-10T18:00:00+00:00,63817.50000000,64008.99000000,63745.00000000,63797.41000000,3.92420000
2026-07-10T19:00:00+00:00,63802.70000000,64052.48000000,63786.70000000,63929.19000000,3.85345000
2026-07-10T20:00:00+00:00,63911.47000000,63918.66000000,63679.00000000,63856.80000000,3.64995000
2026-07-10T21:00:00+00:00,63853.36000000,64097.34000000,63851.25000000,64015.57000000,3.66623000
2026-07-10T22:00:00+00:00,64018.02000000,64171.21000000,63979.00000000,64125.12000000,0.66709000
2026-07-10T23:00:00+00:00,64113.15000000,64193.09000000,64024.14000000,64169.35000000,0.95091000
2026-07-11T00:00:00+00:00,64139.58000000,64159.88000000,64037.24000000,64126.69000000,0.38828000
2026-07-11T01:00:00+00:00,64119.99000000,64318.05000000,64008.91000000,64020.20000000,1.16855000
2026-07-11T02:00:00+00:00,64008.91000000,64167.87000000,63990.00000000,64167.87000000,0.12729000
2026-07-11T03:00:00+00:00,64168.90000000,64206.99000000,64096.01000000,64185.88000000,0.74077000
2026-07-11T04:00:00+00:00,64146.42000000,64206.99000000,64099.88000000,64158.59000000,0.12272000
2026-07-11T05:00:00+00:00,64133.67000000,64207.00000000,64114.43000000,64184.35000000,3.78249000
2026-07-11T06:00:00+00:00,64152.83000000,64265.98000000,64125.24000000,64237.61000000,1.14905000
2026-07-11T07:00:00+00:00,64218.28000000,64234.97000000,64171.91000000,64171.91000000,0.72544000
2026-07-11T08:00:00+00:00,64170.57000000,64296.20000000,64169.59000000,64267.48000000,1.03174000
2026-07-11T09:00:00+00:00,64272.75000000,64280.86000000,64165.44000000,64172.78000000,0.08730000
2026-07-11T10:00:00+00:00,64188.75000000,64196.52000000,64147.29000000,64179.72000000,0.21192000
2026-07-11T11:00:00+00:00,64179.73000000,64225.56000000,64175.02000000,64207.81000000,0.09836000
2026-07-11T12:00:00+00:00,64207.82000000,64239.77000000,64134.89000000,64134.89000000,0.03287000
2026-07-11T13:00:00+00:00,64203.01000000,64263.54000000,64179.09000000,64255.55000000,0.16088000
2026-07-11T14:00:00+00:00,64243.15000000,64500.00000000,64243.15000000,64339.01000000,4.83706000
2026-07-11T15:00:00+00:00,64366.95000000,64475.71000000,63813.14000000,64177.80000000,7.69442000
2026-07-11T16:00:00+00:00,64188.07000000,64263.66000000,64113.67000000,64172.78000000,0.12860000
2026-07-11T17:00:00+00:00,64186.58000000,64409.75000000,64186.58000000,64312.78000000,3.51516000
2026-07-11T18:00:00+00:00,64300.45000000,64390.77000000,64285.33000000,64330.11000000,0.63316000
2026-07-11T19:00:00+00:00,64323.98000000,64347.09000000,64215.53000000,64294.21000000,0.33192000
2026-07-11T20:00:00+00:00,64291.30000000,64443.00000000,64288.91000000,64386.24000000,0.28314000
2026-07-11T21:00:00+00:00,64382.62000000,64422.73000000,64336.06000000,64336.48000000,0.49037000
2026-07-11T22:00:00+00:00,64361.83000000,64405.63000000,64141.90000000,64215.47000000,0.24529000
2026-07-11T23:00:00+00:00,64203.76000000,64228.45000000,63829.60000000,63844.00000000,2.76633000
2026-07-12T00:00:00+00:00,63830.00000000,63922.82000000,63717.73000000,63830.87000000,5.90160000
2026-07-12T01:00:00+00:00,63843.17000000,64175.88000000,63843.17000000,64128.20000000,5.51200000
2026-07-12T02:00:00+00:00,64078.98000000,64132.66000000,64042.01000000,64097.95000000,0.09526000
2026-07-12T03:00:00+00:00,64089.16000000,64213.35000000,64062.86000000,64209.84000000,0.02886000
2026-07-12T04:00:00+00:00,64213.35000000,64234.62000000,63956.89000000,64023.74000000,0.06104000
2026-07-12T05:00:00+00:00,64012.66000000,64035.66000000,63912.55000000,63994.22000000,0.26644000
2026-07-12T06:00:00+00:00,63968.79000000,63968.79000000,63646.00000000,63763.46000000,4.08404000
2026-07-12T07:00:00+00:00,63772.91000000,63901.25000000,63772.91000000,63882.05000000,0.14106000
2026-07-12T08:00:00+00:00,63910.00000000,64103.17000000,63910.00000000,63979.00000000,0.13941000
2026-07-12T09:00:00+00:00,63987.26000000,64009.00000000,63781.47000000,63998.00000000,0.04087000
2026-07-12T10:00:00+00:00,63908.40000000,63908.40000000,63857.29000000,63861.87000000,0.03985000
2026-07-12T11:00:00+00:00,63896.49000000,64025.58000000,63853.42000000,64014.58000000,0.02215000
2026-07-12T12:00:00+00:00,63983.21000000,64124.25000000,63968.89000000,64035.84000000,3.75368000
2026-07-12T13:00:00+00:00,64028.64000000,64093.85000000,64016.78000000,64024.61000000,0.02937000
2026-07-12T14:00:00+00:00,64019.18000000,64284.74000000,63983.21000000,64201.08000000,0.23166000
2026-07-12T15:00:00+00:00,64207.30000000,64256.29000000,64145.53000000,64159.73000000,0.34513000
2026-07-12T16:00:00+00:00,64178.63000000,64180.05000000,64075.00000000,64148.33000000,0.31080000
2026-07-12T17:00:00+00:00,64155.28000000,64178.95000000,64021.08000000,64084.91000000,0.25982000
2026-07-12T18:00:00+00:00,64084.91000000,64152.97000000,64020.72000000,64152.97000000,0.09011000
2026-07-12T19:00:00+00:00,64145.09000000,64243.84000000,64145.09000000,64243.84000000,0.09308000
2026-07-12T20:00:00+00:00,64232.21000000,64240.42000000,64177.04000000,64196.05000000,0.03471000
2026-07-12T21:00:00+00:00,64208.84000000,64228.24000000,63894.21000000,63894.21000000,0.19485000
2026-07-12T22:00:00+00:00,63896.50000000,63899.08000000,63678.38000000,63899.08000000,7.57444000
2026-07-12T23:00:00+00:00,63890.00000000,63890.00000000,63726.64000000,63786.02000000,0.12434000
2026-07-13T00:00:00+00:00,63755.30000000,64394.06000000,63591.33000000,64031.84000000,1.04480000
2026-07-13T01:00:00+00:00,64052.73000000,64052.73000000,63393.40000000,63393.40000000,14.64502000
2026-07-13T02:00:00+00:00,63411.46000000,63520.08000000,63250.00000000,63379.93000000,13.36026000
2026-07-13T03:00:00+00:00,63354.71000000,63354.71000000,62736.28000000,62829.50000000,7.41931000
2026-07-13T04:00:00+00:00,62791.13000000,62905.59000000,62648.16000000,62670.96000000,0.64036000
2026-07-13T05:00:00+00:00,62690.46000000,62907.34000000,62500.00000000,62780.87000000,0.75605000
2026-07-13T06:00:00+00:00,62831.81000000,62858.40000000,62733.40000000,62789.52000000,2.05827000
2026-07-13T07:00:00+00:00,62789.52000000,63059.04000000,62766.88000000,63011.61000000,11.53248000
2026-07-13T08:00:00+00:00,62992.22000000,63296.77000000,62965.65000000,63193.07000000,0.55897000
2026-07-13T09:00:00+00:00,63181.02000000,63193.65000000,63095.71000000,63114.59000000,0.02292000
2026-07-13T10:00:00+00:00,63111.84000000,63144.64000000,62910.48000000,62910.48000000,0.16310000
2026-07-13T11:00:00+00:00,62910.66000000,63138.28000000,62910.66000000,62920.00000000,0.07217000
2026-07-13T12:00:00+00:00,62887.00000000,62909.65000000,62575.27000000,62583.70000000,5.94097000
2026-07-13T13:00:00+00:00,62620.52000000,62763.29000000,62175.17000000,62320.33000000,5.41467000
2026-07-13T14:00:00+00:00,62301.93000000,62763.29000000,62114.09000000,62763.29000000,11.39782000
2026-07-13T15:00:00+00:00,62788.00000000,62973.69000000,62567.14000000,62610.89000000,4.13520000
2026-07-13T16:00:00+00:00,62600.17000000,62600.29000000,62227.00000000,62258.04000000,3.87213000
2026-07-13T17:00:00+00:00,62288.08000000,62370.74000000,61903.72000000,61903.72000000,9.69783000
2026-07-13T18:00:00+00:00,61922.73000000,62064.78000000,61819.42000000,62036.63000000,2.51771000
2026-07-13T19:00:00+00:00,62038.47000000,62260.00000000,61987.82000000,62260.00000000,4.11810000
2026-07-13T20:00:00+00:00,62261.67000000,62316.37000000,62057.36000000,62194.00000000,3.66657000
2026-07-13T21:00:00+00:00,62209.30000000,62209.30000000,61910.37000000,62096.97000000,0.30704000
2026-07-13T22:00:00+00:00,62094.27000000,62230.91000000,61925.88000000,61925.88000000,14.65094000
2026-07-13T23:00:00+00:00,61921.56000000,62338.89000000,61895.80000000,62338.89000000,3.66275000
2026-07-14T00:00:00+00:00,62343.01000000,62680.48000000,62300.35000000,62560.92000000,0.63435000
2026-07-14T01:00:00+00:00,62540.59000000,62638.08000000,62464.47000000,62546.46000000,7.57891000
2026-07-14T02:00:00+00:00,62496.37000000,62637.76000000,62339.97000000,62571.48000000,0.84676000
2026-07-14T03:00:00+00:00,62575.09000000,62620.40000000,62331.32000000,62557.00000000,0.07582000
2026-07-14T04:00:00+00:00,62580.66000000,62763.29000000,62548.25000000,62754.41000000,0.92834000
2026-07-14T05:00:00+00:00,62740.17000000,62856.59000000,62709.88000000,62730.33000000,0.12902000
2026-07-14T06:00:00+00:00,62729.86000000,62771.74000000,62578.18000000,62606.04000000,0.10690000
2026-07-14T07:00:00+00:00,62604.84000000,62660.12000000,62524.00000000,62529.31000000,0.33415000
2026-07-14T08:00:00+00:00,62517.76000000,62788.00000000,62465.12000000,62690.94000000,3.91106000
2026-07-14T09:00:00+00:00,62681.31000000,62747.07000000,62545.79000000,62623.53000000,0.09042000
2026-07-14T10:00:00+00:00,62639.61000000,62887.00000000,62639.61000000,62835.60000000,0.13332000
2026-07-14T11:00:00+00:00,62778.81000000,62919.99000000,62725.25000000,62867.06000000,2.05509000
2026-07-14T12:00:00+00:00,62845.97000000,63971.28000000,62783.80000000,63920.57000000,2.63538000
2026-07-14T13:00:00+00:00,63969.74000000,64173.60000000,63707.97000000,63829.43000000,1.29528000
2026-07-14T14:00:00+00:00,63823.89000000,64327.15000000,63585.01000000,64316.66000000,10.08018000
2026-07-14T15:00:00+00:00,64302.87000000,64961.77000000,64196.58000000,64748.17000000,13.33524000
2026-07-14T16:00:00+00:00,64765.45000000,64885.34000000,64606.47000000,64735.75000000,1.16441000
2026-07-14T17:00:00+00:00,64702.41000000,64702.41000000,64318.16000000,64642.80000000,5.48830000
2026-07-14T18:00:00+00:00,64628.19000000,64636.00000000,64481.65000000,64560.61000000,0.55499000
2026-07-14T19:00:00+00:00,64589.86000000,64696.49000000,64492.47000000,64571.36000000,1.36991000
2026-07-14T20:00:00+00:00,64522.76000000,64564.06000000,64416.97000000,64564.06000000,3.93402000
2026-07-14T21:00:00+00:00,64585.36000000,64880.11000000,64527.25000000,64654.55000000,1.83076000
2026-07-14T22:00:00+00:00,64659.89000000,65092.52000000,64516.69000000,64866.16000000,3.12903000
2026-07-14T23:00:00+00:00,64854.24000000,65032.00000000,64782.64000000,65032.00000000,0.90785000
2026-07-15T00:00:00+00:00,65050.00000000,65050.00000000,64759.79000000,64842.86000000,10.62258000
2026-07-15T01:00:00+00:00,64842.86000000,64856.65000000,64655.58000000,64655.58000000,11.16750000
2026-07-15T02:00:00+00:00,64674.80000000,64748.44000000,64488.46000000,64504.91000000,15.28979000
2026-07-15T03:00:00+00:00,64496.68000000,64835.89000000,64496.68000000,64811.45000000,0.97181000
2026-07-15T04:00:00+00:00,64796.11000000,64867.00000000,64723.49000000,64756.52000000,0.02887000
2026-07-15T05:00:00+00:00,64741.33000000,64963.06000000,64614.08000000,64963.06000000,0.11145000
2026-07-15T06:00:00+00:00,64934.79000000,65250.00000000,64825.55000000,64825.55000000,1.82010000
2026-07-15T07:00:00+00:00,64788.74000000,64873.82000000,64500.00000000,64561.04000000,0.74021000
2026-07-15T08:00:00+00:00,64575.71000000,64774.95000000,64575.71000000,64774.95000000,0.11974000
2026-07-15T09:00:00+00:00,64775.01000000,64916.78000000,64671.09000000,64671.09000000,0.37326000
2026-07-15T10:00:00+00:00,64655.91000000,64850.62000000,64636.00000000,64656.79000000,0.40022000
2026-07-15T11:00:00+00:00,64632.63000000,64760.08000000,64632.63000000,64742.09000000,0.25544000
2026-07-15T12:00:00+00:00,64743.08000000,65250.00000000,64618.35000000,65153.62000000,3.77219000
2026-07-15T13:00:00+00:00,65163.98000000,65559.60000000,64891.99000000,65092.42000000,3.23010000
2026-07-15T14:00:00+00:00,65131.00000000,65520.97000000,65093.25000000,65389.77000000,2.42785000
2026-07-15T15:00:00+00:00,65360.71000000,65574.84000000,65276.21000000,65417.49000000,0.41980000
2026-07-15T16:00:00+00:00,65425.20000000,65461.04000000,64788.38000000,65118.18000000,6.35874000
2026-07-15T17:00:00+00:00,65128.26000000,65177.42000000,64984.34000000,65059.31000000,3.87716000
2026-07-15T18:00:00+00:00,65073.43000000,65148.02000000,64867.01000000,64867.01000000,4.28200000
2026-07-15T19:00:00+00:00,64872.17000000,64985.85000000,64756.37000000,64983.08000000,0.33873000
2026-07-15T20:00:00+00:00,64992.19000000,65040.56000000,64900.62000000,64973.16000000,4.71399000
2026-07-15T21:00:00+00:00,64990.65000000,65010.81000000,64800.00000000,64819.22000000,9.36535000
2026-07-15T22:00:00+00:00,64828.29000000,64969.67000000,64774.29000000,64864.21000000,0.44187000
2026-07-15T23:00:00+00:00,64864.99000000,64929.77000000,64721.28000000,64772.49000000,3.75284000
2026-07-16T00:00:00+00:00,64763.10000000,64837.96000000,64396.01000000,64583.11000000,8.09012000
2026-07-16T01:00:00+00:00,64594.09000000,64821.15000000,64383.91000000,64731.04000000,2.24807000
2026-07-16T02:00:00+00:00,64719.96000000,64734.27000000,64584.26000000,64634.51000000,0.41554000
2026-07-16T03:00:00+00:00,64639.54000000,64746.77000000,64573.82000000,64619.95000000,0.34066000
2026-07-16T04:00:00+00:00,64633.67000000,64683.41000000,64551.35000000,64632.18000000,0.98270000
2026-07-16T05:00:00+00:00,64651.96000000,64975.00000000,64631.02000000,64922.63000000,1.29780000
2026-07-16T06:00:00+00:00,64936.71000000,64955.34000000,64636.00000000,64769.09000000,1.00273000
2026-07-16T07:00:00+00:00,64742.26000000,64775.71000000,64103.17000000,64195.00000000,0.67050000
2026-07-16T08:00:00+00:00,64220.95000000,64339.00000000,63834.30000000,64105.90000000,9.85864000
2026-07-16T09:00:00+00:00,64171.13000000,64171.13000000,64035.00000000,64076.07000000,0.27688000
2026-07-16T10:00:00+00:00,64096.54000000,64270.88000000,64092.62000000,64221.47000000,0.39675000
2026-07-16T11:00:00+00:00,64198.94000000,64255.28000000,64106.85000000,64249.34000000,0.09686000
2026-07-16T12:00:00+00:00,64183.91000000,64202.88000000,63862.67000000,63988.32000000,0.11225000
2026-07-16T13:00:00+00:00,63965.81000000,64448.00000000,63965.81000000,64376.50000000,0.72390000
2026-07-16T14:00:00+00:00,64376.50000000,64853.91000000,64350.63000000,64550.19000000,2.38428000
2026-07-16T15:00:00+00:00,64551.77000000,64881.05000000,64303.28000000,64704.70000000,5.92098000
2026-07-16T16:00:00+00:00,64707.70000000,64707.70000000,64357.69000000,64491.38000000,3.81587000
2026-07-16T17:00:00+00:00,64465.10000000,64465.10000000,64009.62000000,64057.53000000,13.67432000
2026-07-16T18:00:00+00:00,64071.36000000,64338.99000000,64062.78000000,64263.67000000,1.03410000
2026-07-16T19:00:00+00:00,64249.62000000,64303.40000000,64143.31000000,64266.26000000,0.17084000
2026-07-16T20:00:00+00:00,64246.09000000,64246.86000000,64126.66000000,64134.67000000,0.07126000
2026-07-16T21:00:00+00:00,64115.46000000,64249.13000000,64115.46000000,64145.45000000,0.34028000
2026-07-16T22:00:00+00:00,64149.04000000,64241.76000000,63964.10000000,63964.10000000,0.43204000
2026-07-16T23:00:00+00:00,63956.13000000,63995.74000000,63746.69000000,63833.67000000,4.56432000
2026-07-17T00:00:00+00:00,63810.46000000,63882.35000000,63622.40000000,63872.95000000,1.93207000
2026-07-17T01:00:00+00:00,63884.08000000,64049.02000000,63481.78000000,63542.37000000,8.17674000
2026-07-17T02:00:00+00:00,63573.59000000,63653.44000000,63389.87000000,63500.87000000,1.06842000
2026-07-17T03:00:00+00:00,63485.24000000,63706.78000000,63485.24000000,63572.04000000,0.98049000
2026-07-17T04:00:00+00:00,63519.89000000,63584.42000000,63342.36000000,63512.10000000,0.35821000
2026-07-17T05:00:00+00:00,63464.60000000,63464.60000000,62826.66000000,62880.44000000,1.27076000
2026-07-17T06:00:00+00:00,62812.91000000,63005.58000000,62696.96000000,62944.17000000,0.90281000
2026-07-17T07:00:00+00:00,62938.51000000,62971.45000000,62822.87000000,62842.54000000,0.50434000
2026-07-17T08:00:00+00:00,62804.91000000,62920.00000000,62674.35000000,62920.00000000,0.40725000
2026-07-17T09:00:00+00:00,62915.14000000,63062.05000000,62889.36000000,62990.73000000,3.57459000
2026-07-17T10:00:00+00:00,63004.07000000,63198.31000000,63004.07000000,63194.24000000,0.12635000
2026-07-17T11:00:00+00:00,63168.82000000,63363.18000000,63062.40000000,63328.18000000,0.21220000
2026-07-17T12:00:00+00:00,63328.10000000,63332.59000000,63083.16000000,63083.89000000,3.31840000
2026-07-17T13:00:00+00:00,63078.04000000,63175.46000000,62545.36000000,63129.28000000,1.29689000
2026-07-17T14:00:00+00:00,63166.54000000,63522.62000000,63055.19000000,63201.73000000,7.52494000
2026-07-17T15:00:00+00:00,63166.03000000,63420.78000000,62863.47000000,63420.78000000,4.97695000
2026-07-17T16:00:00+00:00,63448.00000000,63705.05000000,63310.17000000,63589.25000000,3.88437000
2026-07-17T17:00:00+00:00,63596.04000000,64225.44000000,63596.04000000,64073.73000000,4.25366000
2026-07-17T18:00:00+00:00,64066.68000000,64372.00000000,63920.58000000,64262.03000000,3.89390000
2026-07-17T19:00:00+00:00,64248.12000000,64264.24000000,63987.30000000,64148.15000000,0.44243000
2026-07-17T20:00:00+00:00,64113.96000000,64204.00000000,63976.00000000,64140.65000000,0.09705000
2026-07-17T21:00:00+00:00,64160.94000000,64207.00000000,64073.98000000,64086.42000000,6.33909000
2026-07-17T22:00:00+00:00,64113.10000000,64142.47000000,63932.37000000,63992.62000000,1.10665000
2026-07-17T23:00:00+00:00,63931.78000000,64011.34000000,63895.81000000,63953.71000000,3.62603000
2026-07-18T00:00:00+00:00,63934.41000000,64017.48000000,63896.90000000,63897.53000000,0.08914000
2026-07-18T01:00:00+00:00,63890.94000000,63982.74000000,63890.94000000,63977.66000000,3.17727000
2026-07-18T02:00:00+00:00,63959.09000000,64029.03000000,63939.71000000,63966.61000000,0.38247000
2026-07-18T03:00:00+00:00,63961.06000000,64011.97000000,63937.49000000,64011.97000000,3.37757000
2026-07-18T04:00:00+00:00,64027.69000000,64027.69000000,63947.56000000,63969.24000000,0.15165000
2026-07-18T05:00:00+00:00,63977.32000000,63987.53000000,63915.87000000,63949.66000000,0.20046000
2026-07-18T06:00:00+00:00,63972.55000000,64016.11000000,63959.56000000,63977.20000000,0.19977000
2026-07-18T07:00:00+00:00,63977.30000000,64032.40000000,63977.30000000,64022.96000000,0.04333000
2026-07-18T08:00:00+00:00,64026.61000000,64026.61000000,63966.12000000,64013.19000000,0.00446000
2026-07-18T09:00:00+00:00,63988.19000000,63988.19000000,63923.70000000,63982.73000000,0.18954000
2026-07-18T10:00:00+00:00,64001.77000000,64014.52000000,63989.99000000,64003.72000000,0.35507000
2026-07-18T11:00:00+00:00,64024.90000000,64085.07000000,64020.45000000,64069.13000000,0.37880000
2026-07-18T12:00:00+00:00,64108.00000000,64240.00000000,64072.89000000,64230.11000000,0.44802000
2026-07-18T13:00:00+00:00,64202.44000000,64202.44000000,63972.87000000,64104.87000000,0.11089000
2026-07-18T14:00:00+00:00,64108.00000000,64194.23000000,64102.98000000,64122.01000000,0.10764000
2026-07-18T15:00:00+00:00,64136.91000000,64168.23000000,64039.40000000,64115.07000000,0.69207000
2026-07-18T16:00:00+00:00,64128.50000000,64314.69000000,64112.34000000,64283.90000000,0.14647000
2026-07-18T17:00:00+00:00,64302.81000000,64482.65000000,64284.01000000,64482.65000000,1.13673000
2026-07-18T18:00:00+00:00,64482.65000000,64654.41000000,64469.37000000,64530.60000000,1.16611000
2026-07-18T19:00:00+00:00,64515.84000000,64586.07000000,64479.94000000,64565.30000000,0.08244000
2026-07-18T20:00:00+00:00,64556.44000000,64731.60000000,64517.66000000,64672.92000000,0.26632000
2026-07-18T21:00:00+00:00,64689.77000000,64836.20000000,64624.28000000,64752.50000000,0.71259000
2026-07-18T22:00:00+00:00,64736.98000000,64853.19000000,64720.47000000,64820.69000000,0.13841000
2026-07-18T23:00:00+00:00,64804.10000000,64853.64000000,64720.77000000,64839.54000000,0.18104000
2026-07-19T00:00:00+00:00,64850.70000000,64891.97000000,64768.73000000,64772.36000000,3.33615000
2026-07-19T01:00:00+00:00,64785.55000000,64785.55000000,64766.80000000,64772.55000000,0.26278000
2026-07-19T02:00:00+00:00,64768.44000000,64963.06000000,64710.48000000,64822.33000000,0.13942000
2026-07-19T03:00:00+00:00,64798.45000000,64799.77000000,64636.00000000,64713.91000000,0.13783000
2026-07-19T04:00:00+00:00,64696.40000000,64768.00000000,64631.99000000,64711.56000000,0.04386000
2026-07-19T05:00:00+00:00,64752.09000000,64808.65000000,64685.44000000,64728.84000000,0.06013000
2026-07-19T06:00:00+00:00,64705.39000000,64739.50000000,64705.39000000,64725.06000000,0.05595000
2026-07-19T07:00:00+00:00,64726.22000000,64780.83000000,64688.66000000,64688.66000000,0.02536000
2026-07-19T08:00:00+00:00,64723.69000000,64734.73000000,64638.17000000,64732.25000000,0.23067000
2026-07-19T09:00:00+00:00,64705.16000000,64705.16000000,64524.80000000,64524.80000000,0.08681000
2026-07-19T10:00:00+00:00,64504.00000000,64692.99000000,64490.94000000,64673.41000000,0.03674000
2026-07-19T11:00:00+00:00,64584.06000000,64643.65000000,64446.52000000,64446.52000000,1.44882000
2026-07-19T12:00:00+00:00,64460.90000000,64460.90000000,64276.83000000,64455.03000000,0.13851000
2026-07-19T13:00:00+00:00,64428.01000000,64503.99000000,64308.52000000,64477.91000000,0.16103000
2026-07-19T14:00:00+00:00,64482.99000000,64664.58000000,64439.52000000,64610.79000000,0.34820000
2026-07-19T15:00:00+00:00,64597.80000000,64610.78000000,64500.00000000,64568.53000000,0.15633000
2026-07-19T16:00:00+00:00,64571.25000000,64648.43000000,64520.00000000,64545.73000000,0.22702000
2026-07-19T17:00:00+00:00,64560.97000000,64755.65000000,64417.67000000,64565.83000000,4.11878000
2026-07-19T18:00:00+00:00,64544.07000000,64561.40000000,64308.90000000,64400.41000000,9.86850000
2026-07-19T19:00:00+00:00,64400.41000000,64465.60000000,64351.16000000,64446.09000000,2.08877000
2026-07-19T20:00:00+00:00,64465.91000000,64536.82000000,64465.91000000,64523.74000000,0.04068000
2026-07-19T21:00:00+00:00,64523.75000000,64555.83000000,64358.11000000,64400.92000000,3.69321000
2026-07-19T22:00:00+00:00,64390.02000000,64899.98000000,64359.91000000,64689.90000000,5.20377000
2026-07-19T23:00:00+00:00,64664.00000000,64765.93000000,64575.25000000,64704.25000000,0.15088000
2026-07-20T00:00:00+00:00,64650.00000000,65091.31000000,64467.94000000,64577.02000000,2.86429000
2026-07-20T01:00:00+00:00,64567.83000000,65017.28000000,64530.00000000,64635.12000000,2.17547000
2026-07-20T02:00:00+00:00,64631.77000000,64934.96000000,64603.00000000,64844.56000000,0.13305000
2026-07-20T03:00:00+00:00,64844.59000000,64924.22000000,64658.99000000,64877.56000000,0.18598000
2026-07-20T04:00:00+00:00,64810.38000000,64811.66000000,64531.44000000,64555.00000000,0.52854000
2026-07-20T05:00:00+00:00,64555.00000000,64555.00000000,64072.80000000,64125.08000000,0.93415000
2026-07-20T06:00:00+00:00,64108.00000000,64210.25000000,63776.23000000,63926.61000000,3.07105000
2026-07-20T07:00:00+00:00,63943.00000000,64287.66000000,63921.68000000,64259.57000000,0.26043000
2026-07-20T08:00:00+00:00,64275.52000000,64349.14000000,63886.17000000,64035.29000000,1.10251000
2026-07-20T09:00:00+00:00,64048.58000000,64287.52000000,64020.42000000,64212.71000000,0.21482000
2026-07-20T10:00:00+00:00,64210.11000000,64408.95000000,64210.11000000,64302.11000000,0.09667000
2026-07-20T11:00:00+00:00,64334.32000000,65063.54000000,64285.96000000,65038.20000000,8.71388000
2026-07-20T12:00:00+00:00,64965.88000000,64995.38000000,64605.56000000,64636.00000000,2.10441000
2026-07-20T13:00:00+00:00,64674.05000000,64767.99000000,64235.88000000,64304.18000000,0.66487000
2026-07-20T14:00:00+00:00,64342.77000000,64555.11000000,64103.17000000,64414.66000000,1.21813000
2026-07-20T15:00:00+00:00,64424.43000000,65653.05000000,64424.43000000,65592.35000000,2.94451000
2026-07-20T16:00:00+00:00,65626.32000000,65632.14000000,65346.92000000,65482.94000000,4.11898000
2026-07-20T17:00:00+00:00,65511.44000000,65640.42000000,65349.66000000,65591.99000000,1.70831000
2026-07-20T18:00:00+00:00,65611.43000000,65793.20000000,65204.02000000,65204.02000000,1.13187000
2026-07-20T19:00:00+00:00,65259.71000000,65259.71000000,65050.00000000,65149.73000000,6.88974000
2026-07-20T20:00:00+00:00,65099.40000000,65424.50000000,65057.73000000,65368.62000000,1.72577000
2026-07-20T21:00:00+00:00,65335.38000000,65452.69000000,65278.21000000,65305.71000000,4.09710000
2026-07-20T22:00:00+00:00,65274.66000000,65274.66000000,65103.86000000,65137.15000000,4.17808000
2026-07-20T23:00:00+00:00,65141.61000000,65270.42000000,65135.06000000,65261.05000000,0.12084000
2026-07-21T00:00:00+00:00,65249.18000000,65588.07000000,65150.92000000,65559.26000000,5.77257000
2026-07-21T01:00:00+00:00,65553.03000000,65631.16000000,65232.12000000,65242.30000000,0.60059000
2026-07-21T02:00:00+00:00,65237.02000000,65494.70000000,65175.12000000,65413.42000000,0.20660000
2026-07-21T03:00:00+00:00,65420.72000000,65594.75000000,65420.72000000,65575.50000000,0.45103000
2026-07-21T04:00:00+00:00,65542.05000000,65706.62000000,65487.34000000,65532.23000000,1.06700000
2026-07-21T05:00:00+00:00,65517.29000000,65921.50000000,65517.29000000,65756.40000000,4.22026000
2026-07-21T06:00:00+00:00,65760.24000000,65992.84000000,65651.74000000,65931.56000000,3.66722000
2026-07-21T07:00:00+00:00,65950.05000000,66239.00000000,65883.47000000,66198.75000000,0.57373000
2026-07-21T08:00:00+00:00,66195.42000000,66347.67000000,66142.65000000,66263.79000000,1.85673000
2026-07-21T09:00:00+00:00,66200.51000000,66355.88000000,66165.96000000,66283.87000000,4.72177000
2026-07-21T10:00:00+00:00,66295.46000000,66409.50000000,66190.86000000,66200.07000000,1.39385000
2026-07-21T11:00:00+00:00,66190.26000000,66351.98000000,66173.84000000,66329.16000000,3.63673000
2026-07-21T12:00:00+00:00,66352.00000000,66630.02000000,66263.14000000,66559.35000000,1.62017000
2026-07-21T13:00:00+00:00,66564.05000000,66806.11000000,66352.00000000,66777.41000000,5.17288000
2026-07-21T14:00:00+00:00,66777.68000000,66959.24000000,66667.68000000,66861.53000000,1.43594000
2026-07-21T15:00:00+00:00,66822.37000000,66827.05000000,66517.65000000,66697.33000000,1.11940000
2026-07-21T16:00:00+00:00,66677.76000000,66739.32000000,66479.28000000,66554.97000000,7.74851000
2026-07-21T17:00:00+00:00,66554.33000000,66582.38000000,66000.00000000,66196.29000000,3.54871000
2026-07-21T18:00:00+00:00,66219.61000000,66352.00000000,66117.76000000,66302.62000000,6.79258000
2026-07-21T19:00:00+00:00,66326.45000000,66488.90000000,66261.56000000,66427.80000000,0.85928000
2026-07-21T20:00:00+00:00,66451.24000000,66504.46000000,66358.05000000,66401.61000000,0.17359000
2026-07-21T21:00:00+00:00,66358.48000000,66409.74000000,66307.69000000,66360.23000000,0.15719000
2026-07-21T22:00:00+00:00,66364.75000000,66367.55000000,66208.70000000,66304.39000000,3.55819000
2026-07-21T23:00:00+00:00,66283.78000000,66562.09000000,66247.24000000,66559.92000000,2.36707000
2026-07-22T00:00:00+00:00,66569.69000000,66720.07000000,66549.96000000,66657.87000000,1.78819000
2026-07-22T01:00:00+00:00,66634.07000000,66634.07000000,66300.00000000,66393.38000000,0.17041000
2026-07-22T02:00:00+00:00,66424.70000000,66505.54000000,66305.64000000,66310.46000000,0.12634000
2026-07-22T03:00:00+00:00,66319.36000000,66366.27000000,66174.88000000,66188.54000000,0.92719000
2026-07-22T04:00:00+00:00,66319.00000000,66425.12000000,66319.00000000,66387.28000000,0.48589000
2026-07-22T05:00:00+00:00,66365.57000000,66365.57000000,65863.20000000,65980.68000000,4.51679000
2026-07-22T06:00:00+00:00,66004.85000000,66004.85000000,65841.99000000,65938.80000000,0.33100000
2026-07-22T07:00:00+00:00,65933.98000000,65957.90000000,65706.62000000,65848.14000000,0.57103000
2026-07-22T08:00:00+00:00,65864.32000000,66153.85000000,65864.32000000,65991.79000000,0.61305000
2026-07-22T09:00:00+00:00,66002.07000000,66055.00000000,65852.00000000,65941.22000000,0.02642000
2026-07-22T10:00:00+00:00,65911.73000000,66113.97000000,65911.73000000,66086.05000000,0.05793000
2026-07-22T11:00:00+00:00,66033.76000000,66101.52000000,65925.00000000,66033.22000000,2.54799000
2026-07-22T12:00:00+00:00,66012.97000000,66012.97000000,65560.00000000,65653.67000000,1.62539000
2026-07-22T13:00:00+00:00,65636.24000000,65974.83000000,65567.78000000,65934.34000000,0.87022000
2026-07-22T14:00:00+00:00,65951.86000000,66227.01000000,65603.45000000,65729.81000000,0.56409000
2026-07-22T15:00:00+00:00,65824.00000000,66119.56000000,65812.96000000,66019.92000000,4.30496000
2026-07-22T16:00:00+00:00,66035.96000000,66377.89000000,65901.71000000,66219.08000000,4.34660000
2026-07-22T17:00:00+00:00,66228.16000000,66267.59000000,65956.00000000,66055.27000000,0.91052000
2026-07-22T18:00:00+00:00,66029.39000000,66072.97000000,65733.52000000,65894.00000000,2.59964000
2026-07-22T19:00:00+00:00,65864.35000000,65954.17000000,65692.33000000,65928.75000000,0.80015000
2026-07-22T20:00:00+00:00,65922.36000000,65956.00000000,65857.33000000,65926.26000000,0.21539000
2026-07-22T21:00:00+00:00,65923.05000000,66132.09000000,65913.41000000,66046.89000000,0.38233000
2026-07-22T22:00:00+00:00,66052.07000000,66052.07000000,65939.45000000,66044.37000000,3.25326000
2026-07-22T23:00:00+00:00,66047.51000000,66129.70000000,65877.38000000,66086.59000000,4.02568000
2026-07-23T00:00:00+00:00,66090.92000000,66297.41000000,66055.38000000,66063.13000000,1.63546000
2026-07-23T01:00:00+00:00,66055.00000000,66187.00000000,65751.53000000,65816.49000000,0.70871000
2026-07-23T02:00:00+00:00,65821.03000000,65840.11000000,65668.37000000,65813.92000000,0.31086000
2026-07-23T03:00:00+00:00,65789.23000000,65800.60000000,65600.00000000,65654.17000000,0.95889000
2026-07-23T04:00:00+00:00,65656.77000000,65726.51000000,65598.45000000,65606.45000000,1.18253000
2026-07-23T05:00:00+00:00,65608.24000000,65801.87000000,65590.00000000,65683.00000000,0.07603000
2026-07-23T06:00:00+00:00,65691.57000000,65792.56000000,65677.79000000,65792.56000000,0.02611000
2026-07-23T07:00:00+00:00,65748.53000000,65748.53000000,65361.43000000,65451.27000000,0.26251000
2026-07-23T08:00:00+00:00,65441.93000000,65654.94000000,65441.25000000,65654.94000000,0.29425000
2026-07-23T09:00:00+00:00,65623.15000000,65740.52000000,65623.15000000,65630.69000000,0.18039000
2026-07-23T10:00:00+00:00,65643.90000000,65788.99000000,65599.00000000,65731.48000000,0.07767000
2026-07-23T11:00:00+00:00,65739.90000000,65739.90000000,65547.25000000,65594.93000000,0.57472000
2026-07-23T12:00:00+00:00,65563.79000000,65574.96000000,64988.95000000,65143.84000000,3.48554000
2026-07-23T13:00:00+00:00,65164.62000000,65191.01000000,64872.12000000,64903.73000000,1.38726000
2026-07-23T14:00:00+00:00,64900.01000000,65214.10000000,64842.10000000,64912.27000000,3.35720000
2026-07-23T15:00:00+00:00,64901.80000000,65000.00000000,64735.00000000,64958.99000000,0.48636000
2026-07-23T16:00:00+00:00,64952.17000000,64957.76000000,64706.68000000,64766.48000000,0.27363000
2026-07-23T17:00:00+00:00,64743.91000000,64888.51000000,64677.78000000,64677.78000000,0.26695000
2026-07-23T18:00:00+00:00,64672.14000000,64939.61000000,64672.14000000,64861.59000000,0.11337000
2026-07-23T19:00:00+00:00,64885.20000000,64914.00000000,64696.05000000,64870.89000000,0.25451000
2026-07-23T20:00:00+00:00,64855.28000000,65177.34000000,64838.42000000,65146.26000000,3.27137000
2026-07-23T21:00:00+00:00,65183.00000000,65198.84000000,65020.94000000,65145.52000000,0.12081000
2026-07-23T22:00:00+00:00,65155.08000000,65212.99000000,65003.86000000,65189.01000000,0.62916000
2026-07-23T23:00:00+00:00,65196.48000000,65213.00000000,65050.00000000,65096.15000000,0.48803000
2026-07-24T00:00:00+00:00,65098.24000000,65106.08000000,64773.68000000,64962.22000000,2.45034000
2026-07-24T01:00:00+00:00,64972.61000000,65142.90000000,64955.97000000,65089.72000000,0.15435000
2026-07-24T02:00:00+00:00,65122.57000000,65169.48000000,64942.75000000,65123.78000000,0.06955000
2026-07-24T03:00:00+00:00,65129.29000000,65458.08000000,65093.85000000,65458.08000000,3.13801000
2026-07-24T04:00:00+00:00,65459.70000000,65459.70000000,65278.71000000,65290.46000000,1.04004000
2026-07-24T05:00:00+00:00,65311.35000000,65372.09000000,65263.00000000,65309.40000000,1.02731000
2026-07-24T06:00:00+00:00,65332.17000000,65502.00000000,65289.18000000,65488.42000000,0.33766000
2026-07-24T07:00:00+00:00,65477.09000000,65792.99000000,65384.62000000,65497.71000000,0.57494000
2026-07-24T08:00:00+00:00,65503.22000000,65503.22000000,65307.49000000,65307.49000000,3.06290000
2026-07-24T09:00:00+00:00,65302.14000000,65302.14000000,64956.14000000,65096.29000000,0.41157000
2026-07-24T10:00:00+00:00,65105.50000000,65133.44000000,64917.24000000,64917.24000000,0.38476000
2026-07-24T11:00:00+00:00,64929.18000000,65076.92000000,64867.00000000,65076.92000000,0.22728000
2026-07-24T12:00:00+00:00,65045.74000000,65115.24000000,64786.13000000,64786.13000000,0.35907000
2026-07-24T13:00:00+00:00,64773.67000000,64773.67000000,63935.85000000,64143.70000000,2.19491000
2026-07-24T14:00:00+00:00,64149.67000000,64193.04000000,63734.76000000,64052.34000000,4.16634000
2026-07-24T15:00:00+00:00,64031.09000000,64305.22000000,63882.04000000,64118.48000000,5.40494000
2026-07-24T16:00:00+00:00,64094.93000000,64185.26000000,63880.12000000,63995.41000000,2.20075000
2026-07-24T17:00:00+00:00,63965.81000000,64181.00000000,63912.55000000,64180.70000000,0.42082000
2026-07-24T18:00:00+00:00,64188.26000000,64276.56000000,64126.65000000,64272.08000000,1.34062000
2026-07-24T19:00:00+00:00,64279.82000000,64279.82000000,64146.96000000,64209.48000000,0.13793000
2026-07-24T20:00:00+00:00,64217.55000000,64269.56000000,64131.85000000,64164.24000000,3.17088000
2026-07-24T21:00:00+00:00,64174.41000000,64208.31000000,64127.10000000,64134.90000000,0.26930000
2026-07-24T22:00:00+00:00,64137.61000000,64205.19000000,64123.25000000,64173.29000000,0.19038000
2026-07-24T23:00:00+00:00,64169.28000000,64175.00000000,64138.20000000,64156.90000000,0.14674000
2026-07-25T00:00:00+00:00,64142.54000000,64173.01000000,64053.35000000,64067.02000000,0.50112000
2026-07-25T01:00:00+00:00,64066.95000000,64139.65000000,64002.39000000,64120.80000000,0.15616000
2026-07-25T02:00:00+00:00,64068.72000000,64092.12000000,64017.79000000,64033.70000000,1.12735000
2026-07-25T03:00:00+00:00,64031.12000000,64085.85000000,64019.17000000,64083.74000000,0.05020000
2026-07-25T04:00:00+00:00,64105.06000000,64186.77000000,64100.63000000,64152.13000000,0.02677000
2026-07-25T05:00:00+00:00,64178.31000000,64188.16000000,64000.00000000,64016.37000000,0.05852000
2026-07-25T06:00:00+00:00,64028.46000000,64059.30000000,63968.76000000,63979.35000000,0.03012000
2026-07-25T07:00:00+00:00,64009.90000000,64042.84000000,64000.42000000,64021.99000000,0.07367000
2026-07-25T08:00:00+00:00,64002.70000000,64015.22000000,63813.18000000,63870.63000000,3.23572000
2026-07-25T09:00:00+00:00,63875.98000000,63984.13000000,63826.82000000,63984.13000000,6.30455000
2026-07-25T10:00:00+00:00,64012.07000000,64043.11000000,63994.17000000,64043.11000000,0.17343000
2026-07-25T11:00:00+00:00,64052.73000000,64087.43000000,64050.98000000,64062.22000000,0.02563000
2026-07-25T12:00:00+00:00,64061.37000000,64118.50000000,64040.83000000,64118.50000000,3.08785000
2026-07-25T13:00:00+00:00,64113.89000000,64255.68000000,64112.09000000,64173.70000000,3.29229000
2026-07-25T14:00:00+00:00,64183.65000000,64213.13000000,64133.58000000,64213.13000000,0.09006000
2026-07-25T15:00:00+00:00,64194.13000000,64283.26000000,64183.26000000,64195.84000000,0.53169000
2026-07-25T16:00:00+00:00,64193.49000000,64246.12000000,64129.90000000,64212.73000000,0.11439000
2026-07-25T17:00:00+00:00,64212.73000000,64349.14000000,64212.73000000,64265.56000000,0.19856000
2026-07-25T18:00:00+00:00,64260.00000000,64444.87000000,64260.00000000,64425.56000000,4.53771000
2026-07-25T19:00:00+00:00,64406.01000000,64451.75000000,64399.40000000,64405.43000000,3.14004000
2026-07-25T20:00:00+00:00,64374.67000000,64394.64000000,64319.17000000,64341.68000000,3.06414000
2026-07-25T21:00:00+00:00,64335.91000000,64399.42000000,64270.00000000,64349.28000000,0.63149000
2026-07-25T22:00:00+00:00,64349.28000000,64424.26000000,64349.28000000,64420.00000000,0.23307000
2026-07-25T23:00:00+00:00,64412.17000000,64424.48000000,64362.82000000,64362.82000000,0.18673000
2026-07-26T00:00:00+00:00,64355.98000000,64490.94000000,64349.28000000,64490.94000000,0.47322000
2026-07-26T01:00:00+00:00,64500.00000000,64535.93000000,64465.65000000,64492.73000000,1.48560000
2026-07-26T02:00:00+00:00,64471.62000000,64526.39000000,64430.33000000,64526.39000000,0.06354000
2026-07-26T03:00:00+00:00,64538.83000000,64575.09000000,64490.55000000,64539.42000000,0.07123000
2026-07-26T04:00:00+00:00,64550.59000000,64596.41000000,64498.86000000,64559.09000000,0.07544000
2026-07-26T05:00:00+00:00,64530.01000000,64530.01000000,64427.95000000,64453.73000000,0.01648000
2026-07-26T06:00:00+00:00,64431.18000000,64463.45000000,64303.81000000,64463.45000000,1.29017000
2026-07-26T07:00:00+00:00,64444.59000000,64467.86000000,64345.95000000,64375.12000000,0.02469000
2026-07-26T08:00:00+00:00,64383.17000000,64471.00000000,64360.62000000,64471.00000000,0.01665000
2026-07-26T09:00:00+00:00,64487.79000000,64555.40000000,64487.79000000,64543.74000000,0.07144000
2026-07-26T10:00:00+00:00,64520.08000000,64567.66000000,64503.26000000,64536.12000000,0.17065000
2026-07-26T11:00:00+00:00,64508.56000000,64532.73000000,64497.12000000,64513.33000000,0.01179000
2026-07-26T12:00:00+00:00,64511.45000000,64666.23000000,64463.28000000,64477.79000000,0.05548000
2026-07-26T13:00:00+00:00,64430.36000000,64575.15000000,64418.75000000,64528.16000000,0.07186000
2026-07-26T14:00:00+00:00,64564.92000000,64761.15000000,64563.85000000,64704.38000000,0.14182000
2026-07-26T15:00:00+00:00,64710.12000000,64813.21000000,64689.53000000,64771.66000000,3.41069000
2026-07-26T16:00:00+00:00,64774.37000000,64928.50000000,64696.91000000,64735.00000000,0.37776000
2026-07-26T17:00:00+00:00,64727.21000000,64778.34000000,64671.04000000,64698.81000000,0.08271000
2026-07-26T18:00:00+00:00,64698.79000000,64765.58000000,64674.16000000,64736.91000000,0.96564000
2026-07-26T19:00:00+00:00,64742.10000000,64750.00000000,64678.99000000,64703.13000000,0.04540000
2026-07-26T20:00:00+00:00,64703.13000000,64703.13000000,64638.12000000,64653.30000000,0.05948000
2026-07-26T21:00:00+00:00,64668.00000000,64912.33000000,64657.07000000,64862.16000000,0.08512000
2026-07-26T22:00:00+00:00,64902.42000000,65497.19000000,64901.80000000,65406.99000000,1.25084000
2026-07-26T23:00:00+00:00,65425.00000000,65560.00000000,65284.71000000,65354.23000000,3.28513000
2026-07-27T00:00:00+00:00,65408.73000000,65408.73000000,65048.35000000,65100.89000000,1.04809000
2026-07-27T01:00:00+00:00,65132.46000000,65218.09000000,64927.00000000,65203.94000000,0.29010000
2026-07-27T02:00:00+00:00,65211.34000000,65270.21000000,65144.72000000,65187.46000000,0.02385000
2026-07-27T03:00:00+00:00,65175.83000000,65355.78000000,65173.11000000,65270.04000000,0.18019000
2026-07-27T04:00:00+00:00,65307.34000000,65475.21000000,65251.12000000,65284.82000000,0.13851000
2026-07-27T05:00:00+00:00,65290.70000000,65476.71000000,65290.70000000,65475.40000000,0.16424000
2026-07-27T06:00:00+00:00,65466.94000000,65733.13000000,65414.51000000,65432.92000000,0.23985000
2026-07-27T07:00:00+00:00,65400.05000000,65443.02000000,65233.52000000,65285.59000000,0.28425000
2026-07-27T08:00:00+00:00,65228.55000000,65266.63000000,65138.78000000,65177.70000000,0.31857000
2026-07-27T09:00:00+00:00,65131.00000000,65317.64000000,65101.84000000,65272.76000000,0.03929000
2026-07-27T10:00:00+00:00,65242.06000000,65415.36000000,65242.06000000,65327.06000000,3.02751000
2026-07-27T11:00:00+00:00,65331.03000000,65331.03000000,65109.73000000,65109.73000000,0.04851000
2026-07-27T12:00:00+00:00,65109.17000000,65248.43000000,64848.69000000,65072.35000000,0.17382000
2026-07-27T13:00:00+00:00,65076.26000000,65706.61000000,64916.83000000,65203.03000000,0.91925000
2026-07-27T14:00:00+00:00,65221.44000000,65426.03000000,64468.15000000,64675.31000000,2.95340000
2026-07-27T15:00:00+00:00,64688.77000000,64783.64000000,64436.09000000,64558.39000000,1.36352000
2026-07-27T16:00:00+00:00,64561.56000000,64972.76000000,64527.30000000,64925.56000000,2.92157000
2026-07-27T17:00:00+00:00,64904.62000000,65083.00000000,64793.37000000,65029.20000000,1.66032000
2026-07-27T18:00:00+00:00,65021.42000000,65053.46000000,64749.59000000,64880.97000000,1.02177000
2026-07-27T19:00:00+00:00,64884.96000000,65082.38000000,64807.37000000,64975.07000000,0.47020000
2026-07-27T20:00:00+00:00,65043.57000000,65054.53000000,64908.62000000,64964.50000000,0.27021000
2026-07-27T21:00:00+00:00,64955.50000000,64958.32000000,64800.78000000,64844.55000000,0.10388000
2026-07-27T22:00:00+00:00,64785.41000000,64785.41000000,63800.00000000,63800.00000000,8.93232000
2026-07-27T23:00:00+00:00,63800.00000000,63934.37000000,63618.37000000,63759.28000000,2.02916000
2026-07-28T00:00:00+00:00,63760.17000000,63811.00000000,63490.58000000,63549.99000000,0.79956000
2026-07-28T01:00:00+00:00,63494.33000000,63533.67000000,63070.02000000,63225.05000000,8.57257000
2026-07-28T02:00:00+00:00,63208.75000000,63300.00000000,63133.63000000,63207.04000000,0.67667000
2026-07-28T03:00:00+00:00,63189.57000000,63379.84000000,63175.49000000,63295.83000000,3.95209000
2026-07-28T04:00:00+00:00,63339.91000000,63362.35000000,63230.90000000,63311.40000000,0.28018000
2026-07-28T05:00:00+00:00,63344.72000000,63601.58000000,63344.14000000,63484.96000000,0.33036000
2026-07-28T06:00:00+00:00,63455.94000000,63647.13000000,63412.31000000,63626.94000000,0.10069000
2026-07-28T07:00:00+00:00,63638.84000000,63651.76000000,63467.81000000,63517.84000000,2.77414000
2026-07-28T08:00:00+00:00,63481.84000000,63528.32000000,63425.70000000,63502.38000000,0.15453000
2026-07-28T09:00:00+00:00,63416.31000000,63571.69000000,63372.88000000,63372.88000000,0.09929000
2026-07-28T10:00:00+00:00,63377.33000000,63554.89000000,63311.16000000,63479.58000000,0.17268000
2026-07-28T11:00:00+00:00,63486.67000000,63580.00000000,63351.32000000,63460.72000000,0.81187000
2026-07-28T12:00:00+00:00,63460.72000000,63550.69000000,63377.96000000,63549.21000000,0.19960000
2026-07-28T13:00:00+00:00,63546.66000000,63592.37000000,62755.00000000,63089.78000000,2.31573000
2026-07-28T14:00:00+00:00,63106.51000000,63533.17000000,62983.45000000,63402.55000000,1.96566000
2026-07-28T15:00:00+00:00,63418.84000000,64012.34000000,63283.00000000,63916.86000000,2.36386000
2026-07-28T16:00:00+00:00,63929.50000000,64100.00000000,63779.14000000,64035.80000000,1.54529000
2026-07-28T17:00:00+00:00,64036.70000000,64036.70000000,63507.63000000,63638.76000000,1.62062000
2026-07-28T18:00:00+00:00,63693.61000000,63830.25000000,63678.32000000,63741.39000000,0.33728000
2026-07-28T19:00:00+00:00,63751.76000000,63865.00000000,63700.00000000,63865.00000000,0.75129000
2026-07-28T20:00:00+00:00,63887.86000000,64003.74000000,63881.66000000,63922.75000000,3.56232000
2026-07-28T21:00:00+00:00,63954.97000000,64049.30000000,63893.45000000,63962.42000000,0.29662000
2026-07-28T22:00:00+00:00,63975.61000000,64011.02000000,63766.20000000,63798.52000000,2.85093000
2026-07-28T23:00:00+00:00,63774.68000000,63942.42000000,63560.82000000,63938.65000000,0.87504000
2026-07-29T00:00:00+00:00,63943.00000000,64187.21000000,63893.00000000,63953.83000000,5.65214000
2026-07-29T01:00:00+00:00,63950.00000000,63988.67000000,63672.44000000,63710.52000000,2.04972000
2026-07-29T02:00:00+00:00,63685.81000000,64108.00000000,63680.89000000,63960.87000000,5.76722000
2026-07-29T03:00:00+00:00,63983.29000000,63993.79000000,63717.73000000,63754.86000000,0.29910000
2026-07-29T04:00:00+00:00,63755.83000000,63943.00000000,63592.57000000,63943.00000000,0.11869000
2026-07-29T05:00:00+00:00,63976.00000000,64070.00000000,63890.97000000,64064.79000000,0.87135000
2026-07-29T06:00:00+00:00,64056.49000000,64457.03000000,64025.86000000,64433.20000000,1.43578000
2026-07-29T07:00:00+00:00,64441.44000000,64557.94000000,64403.99000000,64557.94000000,3.36284000
2026-07-29T08:00:00+00:00,64554.83000000,64582.27000000,64274.76000000,64415.76000000,3.13120000
2026-07-29T09:00:00+00:00,64416.42000000,64733.89000000,64399.34000000,64716.84000000,0.19666000
2026-07-29T10:00:00+00:00,64696.32000000,64705.66000000,64407.89000000,64483.69000000,2.76361000
2026-07-29T11:00:00+00:00,64475.94000000,64573.00000000,64441.11000000,64482.68000000,2.83485000
2026-07-29T12:00:00+00:00,64501.98000000,64501.98000000,64235.67000000,64285.28000000,0.27418000
2026-07-29T13:00:00+00:00,64270.87000000,64665.80000000,64149.31000000,64665.80000000,3.20133000
2026-07-29T14:00:00+00:00,64678.91000000,64710.42000000,64062.50000000,64101.22000000,2.92686000
2026-07-29T15:00:00+00:00,64112.22000000,64190.33000000,63900.00000000,63977.93000000,0.75446000
2026-07-29T16:00:00+00:00,63973.80000000,64153.18000000,63679.00000000,63804.05000000,2.15978000
2026-07-29T17:00:00+00:00,63817.63000000,64280.41000000,63712.00000000,64280.41000000,0.21630000
2026-07-29T18:00:00+00:00,64282.29000000,64654.92000000,63780.61000000,64478.21000000,7.43154000
2026-07-29T19:00:00+00:00,64505.33000000,64587.88000000,63543.40000000,63598.99000000,1.50209000
2026-07-29T20:00:00+00:00,63591.39000000,63716.16000000,63392.39000000,63492.12000000,4.47142000
2026-07-29T21:00:00+00:00,63470.29000000,63844.00000000,63283.00000000,63835.77000000,9.80271000
2026-07-29T22:00:00+00:00,63850.00000000,64111.41000000,63850.00000000,63929.60000000,0.41056000
2026-07-29T23:00:00+00:00,63929.60000000,64067.62000000,63893.89000000,63981.89000000,0.09569000
2026-07-30T00:00:00+00:00,64003.40000000,64107.99000000,63607.87000000,63652.04000000,3.23954000
2026-07-30T01:00:00+00:00,63715.87000000,64370.87000000,63688.91000000,64252.29000000,3.77109000
2026-07-30T02:00:00+00:00,64309.46000000,64403.98000000,64170.03000000,64170.03000000,0.69206000
2026-07-30T03:00:00+00:00,64186.37000000,64286.38000000,64151.04000000,64172.40000000,0.08623000
2026-07-30T04:00:00+00:00,64147.68000000,64154.45000000,64056.53000000,64056.53000000,0.31743000
2026-07-30T05:00:00+00:00,64026.19000000,64149.24000000,63900.21000000,64028.70000000,0.08739000
2026-07-30T06:00:00+00:00,64027.48000000,64083.45000000,63969.23000000,63994.72000000,0.22402000
2026-07-30T07:00:00+00:00,64076.92000000,64140.04000000,63944.13000000,64005.92000000,0.32350000
2026-07-30T08:00:00+00:00,64016.54000000,64339.00000000,63997.42000000,64308.68000000,0.92645000
2026-07-30T09:00:00+00:00,64311.18000000,64628.21000000,64284.54000000,64563.93000000,6.53370000
2026-07-30T10:00:00+00:00,64596.45000000,64635.76000000,64567.06000000,64577.30000000,0.22402000
2026-07-30T11:00:00+00:00,64547.54000000,64863.63000000,64547.54000000,64829.57000000,3.43212000
2026-07-30T12:00:00+00:00,64793.84000000,65004.03000000,64793.84000000,64908.55000000,2.84273000
2026-07-30T13:00:00+00:00,64950.74000000,65182.22000000,64719.24000000,65042.61000000,5.79559000
2026-07-30T14:00:00+00:00,65014.51000000,65043.27000000,64627.10000000,64687.22000000,3.50427000
2026-07-30T15:00:00+00:00,64645.53000000,64868.37000000,64612.60000000,64733.03000000,0.31579000
2026-07-30T16:00:00+00:00,64736.53000000,64947.04000000,64736.53000000,64840.30000000,3.27332000
2026-07-30T17:00:00+00:00,64820.11000000,64982.71000000,64768.01000000,64868.43000000,2.45430000
2026-07-30T18:00:00+00:00,64874.53000000,64874.53000000,64689.91000000,64689.91000000,0.40201000
2026-07-30T19:00:00+00:00,64689.91000000,64894.88000000,64689.91000000,64816.29000000,2.99954000
2026-07-30T20:00:00+00:00,64810.14000000,64932.94000000,64768.00000000,64775.34000000,0.30525000
2026-07-30T21:00:00+00:00,64780.17000000,64805.31000000,64706.54000000,64739.09000000,0.75902000
2026-07-30T22:00:00+00:00,64701.96000000,65000.00000000,64659.88000000,64837.80000000,2.07381000
2026-07-30T23:00:00+00:00,64849.92000000,65053.62000000,64735.00000000,64786.73000000,1.11152000
2026-07-31T00:00:00+00:00,64842.53000000,64888.45000000,64694.68000000,64711.82000000,5.58134000
2026-07-31T01:00:00+00:00,64795.87000000,65399.05000000,64504.00000000,64569.41000000,4.39225000
2026-07-31T02:00:00+00:00,64512.70000000,64603.00000000,64226.05000000,64281.07000000,2.01737000
2026-07-31T03:00:00+00:00,64255.00000000,64439.01000000,64198.50000000,64369.77000000,3.17335000
2026-07-31T04:00:00+00:00,64349.61000000,64442.79000000,64293.25000000,64314.40000000,0.06837000
2026-07-31T05:00:00+00:00,64331.81000000,64423.49000000,64288.71000000,64361.57000000,0.18837000
2026-07-31T06:00:00+00:00,64348.38000000,64495.85000000,64206.43000000,64251.13000000,0.11034000
2026-07-31T07:00:00+00:00,64216.13000000,64216.13000000,63892.08000000,63978.82000000,0.35454000
2026-07-31T08:00:00+00:00,63942.56000000,63976.56000000,63818.39000000,63844.97000000,0.20688000
2026-07-31T09:00:00+00:00,63831.60000000,63846.31000000,63640.53000000,63701.65000000,2.83795000
2026-07-31T10:00:00+00:00,63700.17000000,63943.00000000,63641.13000000,63936.51000000,3.22466000
2026-07-31T11:00:00+00:00,63943.00000000,64006.21000000,63810.87000000,63817.58000000,2.96844000
2026-07-31T12:00:00+00:00,63789.79000000,63789.79000000,63640.13000000,63764.81000000,0.10139000
2026-07-31T13:00:00+00:00,63775.97000000,63836.66000000,63232.61000000,63272.19000000,0.87977000
2026-07-31T14:00:00+00:00,63273.65000000,63291.77000000,62480.81000000,62731.11000000,12.29968000
2026-07-31T15:00:00+00:00,62628.13000000,62764.25000000,62500.00000000,62730.25000000,1.05159000
2026-07-31T16:00:00+00:00,62718.13000000,62924.08000000,62718.13000000,62878.49000000,1.66385000
2026-07-31T17:00:00+00:00,62869.55000000,63284.85000000,62811.15000000,63238.97000000,4.54361000
2026-07-31T18:00:00+00:00,63232.68000000,63256.25000000,62963.76000000,63101.78000000,5.22006000
2026-07-31T19:00:00+00:00,63117.60000000,63146.56000000,62956.10000000,62969.95000000,0.43133000
2026-07-31T20:00:00+00:00,62962.75000000,63030.95000000,62946.08000000,62965.40000000,0.38558000
2026-07-31T21:00:00+00:00,62936.66000000,63047.30000000,62852.31000000,62948.68000000,2.91322000
2026-07-31T22:00:00+00:00,62945.68000000,63017.34000000,62887.00000000,62930.08000000,0.31570000
2026-07-31T23:00:00+00:00,62937.44000000,63009.20000000,62868.96000000,62868.96000000,0.29760000
2026-08-01T00:00:00+00:00,62892.47000000,63020.13000000,62892.47000000,62930.43000000,0.36252000
2026-08-01T01:00:00+00:00,62934.50000000,62984.31000000,62932.87000000,62965.55000000,0.14053000
2026-08-01T02:00:00+00:00,62978.32000000,63099.75000000,62978.32000000,63066.57000000,0.40823000
2026-08-01T03:00:00+00:00,63061.28000000,63061.28000000,62976.32000000,63006.54000000,0.17652000
2026-08-01T04:00:00+00:00,63000.37000000,63103.50000000,63000.26000000,63101.07000000,0.16263000
2026-08-01T05:00:00+00:00,63107.24000000,63118.88000000,63008.36000000,63009.71000000,0.31796000
2026-08-01T06:00:00+00:00,63033.52000000,63081.06000000,62995.81000000,63081.05000000,0.08516000
2026-08-01T07:00:00+00:00,63081.05000000,63113.43000000,63036.70000000,63059.03000000,0.10651000
2026-08-01T08:00:00+00:00,63066.33000000,63148.44000000,63066.33000000,63148.44000000,0.06827000
2026-08-01T09:00:00+00:00,63141.42000000,63141.42000000,63048.42000000,63071.40000000,0.07929000
2026-08-01T10:00:00+00:00,63069.14000000,63109.62000000,62996.13000000,63050.59000000,0.16732000
2026-08-01T11:00:00+00:00,63044.38000000,63091.94000000,63042.54000000,63080.63000000,0.02649000
2026-08-01T12:00:00+00:00,63102.23000000,63122.95000000,63092.97000000,63104.80000000,0.36104000
2026-08-01T13:00:00+00:00,63101.98000000,63101.98000000,63012.62000000,63070.30000000,3.13061000
2026-08-01T14:00:00+00:00,63072.47000000,63116.50000000,63070.84000000,63099.70000000,0.11021000
2026-08-01T15:00:00+00:00,63123.00000000,63123.50000000,63009.14000000,63009.14000000,0.21703000
2026-08-01T16:00:00+00:00,63009.14000000,63021.11000000,62887.00000000,62918.81000000,0.47096000
2026-08-01T17:00:00+00:00,62933.25000000,62983.49000000,62674.93000000,62712.45000000,0.31363000
2026-08-01T18:00:00+00:00,62693.85000000,62734.98000000,62263.77000000,62556.38000000,7.15526000
2026-08-01T19:00:00+00:00,62600.46000000,62624.02000000,62454.43000000,62536.91000000,0.58227000
2026-08-01T20:00:00+00:00,62490.05000000,62662.46000000,62490.05000000,62662.46000000,0.33927000
2026-08-01T21:00:00+00:00,62703.40000000,62827.34000000,62703.40000000,62818.24000000,0.45395000
2026-08-01T22:00:00+00:00,62815.45000000,62869.56000000,62795.48000000,62835.54000000,0.11738000
2026-08-01T23:00:00+00:00,62835.54000000,62855.59000000,62774.11000000,62821.06000000,0.30281000
2026-08-02T00:00:00+00:00,62887.00000000,62968.66000000,62798.67000000,62838.73000000,1.15118000
2026-08-02T01:00:00+00:00,62846.06000000,63069.56000000,62846.06000000,62994.13000000,1.03049000
2026-08-02T02:00:00+00:00,62968.34000000,63540.80000000,62968.34000000,63449.67000000,2.36741000
2026-08-02T03:00:00+00:00,63425.65000000,63533.81000000,63395.37000000,63443.43000000,1.13008000
2026-08-02T04:00:00+00:00,63467.23000000,63601.58000000,63467.23000000,63601.58000000,0.27748000
2026-08-02T05:00:00+00:00,63601.58000000,63606.54000000,63414.94000000,63415.39000000,0.26445000
2026-08-02T06:00:00+00:00,63453.71000000,63499.00000000,63443.86000000,63484.38000000,0.09235000
2026-08-02T07:00:00+00:00,63486.93000000,63537.49000000,63479.92000000,63482.96000000,0.04595000
2026-08-02T08:00:00+00:00,63490.66000000,63522.24000000,63184.00000000,63184.00000000,0.12481000
2026-08-02T09:00:00+00:00,63191.91000000,63304.84000000,63089.79000000,63265.10000000,0.26882000
2026-08-02T10:00:00+00:00,63245.90000000,63259.06000000,63138.19000000,63200.52000000,0.13131000
2026-08-02T11:00:00+00:00,63197.52000000,63197.52000000,62983.46000000,62983.46000000,0.17420000
2026-08-02T12:00:00+00:00,63039.61000000,63218.34000000,63039.61000000,63117.06000000,0.24720000
2026-08-02T13:00:00+00:00,63122.77000000,63141.58000000,63014.05000000,63118.81000000,0.10910000
2026-08-02T14:00:00+00:00,63116.05000000,63152.48000000,63058.12000000,63067.41000000,0.27799000
2026-08-02T15:00:00+00:00,63071.78000000,63167.08000000,63051.72000000,63124.33000000,0.24488000
2026-08-02T16:00:00+00:00,63120.21000000,63232.26000000,63069.40000000,63193.00000000,0.14813000
2026-08-02T17:00:00+00:00,63180.33000000,63334.67000000,63153.45000000,63304.10000000,0.57446000
2026-08-02T18:00:00+00:00,63328.01000000,63593.44000000,63292.98000000,63380.44000000,0.33108000
2026-08-02T19:00:00+00:00,63380.44000000,63478.55000000,63326.36000000,63454.82000000,0.09061000
2026-08-02T20:00:00+00:00,63458.31000000,63496.52000000,63402.35000000,63494.92000000,0.12707000
2026-08-02T21:00:00+00:00,63525.02000000,63777.74000000,63502.99000000,63580.00000000,0.49089000
2026-08-02T22:00:00+00:00,63602.12000000,63787.01000000,63379.18000000,63422.66000000,0.52014000
2026-08-02T23:00:00+00:00,63415.01000000,63580.00000000,63344.37000000,63540.39000000,0.33587000
2026-08-03T00:00:00+00:00,63557.74000000,63557.74000000,63250.00000000,63318.17000000,0.29283000
2026-08-03T01:00:00+00:00,63267.07000000,63336.16000000,63121.73000000,63208.29000000,0.84248000
2026-08-03T02:00:00+00:00,63199.93000000,63289.09000000,63092.65000000,63140.97000000,0.13664000
2026-08-03T03:00:00+00:00,63127.93000000,63153.68000000,62800.00000000,62939.04000000,0.20311000
2026-08-03T04:00:00+00:00,62858.56000000,62995.33000000,62774.17000000,62781.07000000,0.44094000
2026-08-03T05:00:00+00:00,62790.00000000,62864.92000000,62749.61000000,62799.70000000,1.63020000
2026-08-03T06:00:00+00:00,62825.70000000,62860.78000000,62620.49000000,62620.49000000,0.09856000
2026-08-03T07:00:00+00:00,62620.49000000,62694.38000000,62569.75000000,62572.77000000,1.12137000
2026-08-03T08:00:00+00:00,62623.69000000,62623.69000000,62309.13000000,62524.00000000,1.29325000
2026-08-03T09:00:00+00:00,62536.63000000,62839.29000000,62527.81000000,62839.29000000,2.82806000
2026-08-03T10:00:00+00:00,62843.74000000,62866.02000000,62622.81000000,62737.38000000,3.37630000
2026-08-03T11:00:00+00:00,62745.44000000,62767.40000000,62562.94000000,62587.33000000,0.31858000
2026-08-03T12:00:00+00:00,62560.82000000,62788.00000000,62467.73000000,62702.53000000,0.19339000
2026-08-03T13:00:00+00:00,62716.27000000,63369.69000000,62575.00000000,63369.69000000,0.81985000
2026-08-03T14:00:00+00:00,63341.28000000,63980.37000000,63147.62000000,63975.04000000,0.92419000
2026-08-03T15:00:00+00:00,63947.07000000,63947.07000000,63657.65000000,63657.65000000,0.73641000
2026-08-03T16:00:00+00:00,63708.89000000,63909.50000000,63692.72000000,63780.98000000,0.46487000
2026-08-03T17:00:00+00:00,63779.99000000,64050.40000000,63732.85000000,63887.13000000,0.43203000
2026-08-03T18:00:00+00:00,63911.40000000,63987.63000000,63810.81000000,63917.80000000,3.73522000
2026-08-03T19:00:00+00:00,63879.39000000,64054.19000000,63865.34000000,63873.80000000,0.93048000
2026-08-03T20:00:00+00:00,63844.00000000,64001.19000000,63774.08000000,63799.08000000,0.21985000
2026-08-03T21:00:00+00:00,63758.77000000,63758.77000000,63557.54000000,63557.54000000,0.25112000
2026-08-03T22:00:00+00:00,63600.01000000,63658.61000000,63389.06000000,63623.93000000,0.74798000
2026-08-03T23:00:00+00:00,63574.66000000,63626.37000000,63464.58000000,63514.37000000,1.03569000
2026-08-04T00:00:00+00:00,63538.69000000,63576.66000000,63331.22000000,63354.45000000,0.20673000
2026-08-04T01:00:00+00:00,63358.38000000,63900.42000000,63358.38000000,63839.72000000,3.21766000
2026-08-04T02:00:00+00:00,63842.16000000,63943.00000000,63697.78000000,63813.98000000,3.22773000
2026-08-04T03:00:00+00:00,63816.53000000,63844.00000000,63636.35000000,63825.25000000,3.10225000
2026-08-04T04:00:00+00:00,63803.58000000,64230.20000000,63755.75000000,64056.27000000,1.16939000
2026-08-04T05:00:00+00:00,64023.70000000,64023.70000000,63811.00000000,63813.24000000,3.04553000
2026-08-04T06:00:00+00:00,63782.35000000,63855.14000000,63669.02000000,63669.02000000,0.20790000
2026-08-04T07:00:00+00:00,63653.14000000,63737.49000000,63519.81000000,63707.93000000,0.41106000
2026-08-04T08:00:00+00:00,63731.21000000,63733.47000000,63572.45000000,63596.52000000,0.11851000
2026-08-04T09:00:00+00:00,63578.82000000,63604.11000000,63526.70000000,63590.91000000,0.21729000
2026-08-04T10:00:00+00:00,63601.59000000,63819.57000000,63446.68000000,63726.62000000,0.33572000
2026-08-04T11:00:00+00:00,63762.03000000,63933.50000000,63726.62000000,63926.78000000,0.03367000
2026-08-04T12:00:00+00:00,63897.32000000,64035.10000000,63802.75000000,63964.84000000,0.17186000
2026-08-04T13:00:00+00:00,63877.34000000,64079.46000000,63679.00000000,63713.92000000,0.71479000
2026-08-04T14:00:00+00:00,63646.20000000,64176.79000000,63614.52000000,64176.79000000,0.65283000
2026-08-04T15:00:00+00:00,64144.03000000,64216.38000000,63837.19000000,64131.01000000,3.94230000
2026-08-04T16:00:00+00:00,64117.76000000,64117.76000000,63923.07000000,63952.02000000,0.79943000
2026-08-04T17:00:00+00:00,63963.47000000,64183.49000000,63892.24000000,63982.46000000,0.35304000
2026-08-04T18:00:00+00:00,64004.15000000,64390.22000000,64004.15000000,64299.84000000,0.43867000
2026-08-04T19:00:00+00:00,64298.03000000,64404.00000000,64238.82000000,64240.01000000,1.85211000
2026-08-04T20:00:00+00:00,64237.52000000,64421.31000000,64007.04000000,64340.88000000,0.99402000
2026-08-04T21:00:00+00:00,64340.08000000,64340.08000000,64176.54000000,64191.30000000,0.38509000
2026-08-04T22:00:00+00:00,64158.90000000,64296.87000000,64145.61000000,64240.92000000,0.40805000
2026-08-04T23:00:00+00:00,64241.01000000,64528.37000000,64087.43000000,64098.98000000,2.54039000
2026-08-05T00:00:00+00:00,64100.21000000,64158.83000000,63982.97000000,63997.41000000,0.19980000
2026-08-05T01:00:00+00:00,63999.99000000,64325.63000000,63968.39000000,64315.85000000,1.54750000
2026-08-05T02:00:00+00:00,64338.99000000,64490.94000000,64338.99000000,64361.32000000,1.25785000
2026-08-05T03:00:00+00:00,64417.64000000,64445.63000000,64075.00000000,64175.17000000,0.11325000
2026-08-05T04:00:00+00:00,64187.41000000,64213.93000000,64098.59000000,64177.17000000,0.23730000
2026-08-05T05:00:00+00:00,64165.18000000,64520.00000000,64165.18000000,64331.60000000,0.56116000
2026-08-05T06:00:00+00:00,64319.62000000,64354.22000000,64250.00000000,64250.00000000,1.25017000
2026-08-05T07:00:00+00:00,64240.00000000,64263.81000000,64005.14000000,64144.27000000,0.65376000
2026-08-05T08:00:00+00:00,64182.80000000,64257.37000000,64116.50000000,64140.00000000,1.17871000
2026-08-05T09:00:00+00:00,64114.05000000,64195.74000000,64108.00000000,64148.82000000,0.04958000
2026-08-05T10:00:00+00:00,64150.05000000,64247.78000000,64030.05000000,64059.75000000,0.19791000
2026-08-05T11:00:00+00:00,64072.87000000,64142.12000000,64053.57000000,64080.07000000,0.07693000
2026-08-05T12:00:00+00:00,64083.84000000,64566.62000000,64076.71000000,64378.76000000,1.51438000
2026-08-05T13:00:00+00:00,64319.99000000,64381.19000000,63906.74000000,64381.19000000,1.93642000
2026-08-05T14:00:00+00:00,64402.44000000,64567.88000000,64306.08000000,64514.72000000,0.40896000
2026-08-05T15:00:00+00:00,64489.86000000,64735.00000000,64395.50000000,64401.93000000,4.47982000
2026-08-05T16:00:00+00:00,64391.88000000,64761.08000000,64391.88000000,64662.00000000,3.47310000
2026-08-05T17:00:00+00:00,64672.23000000,64778.30000000,64560.48000000,64778.30000000,4.20448000
2026-08-05T18:00:00+00:00,64763.04000000,64836.21000000,64679.85000000,64773.59000000,4.06324000
2026-08-05T19:00:00+00:00,64789.71000000,64925.69000000,64789.71000000,64855.82000000,1.48190000
2026-08-05T20:00:00+00:00,64861.54000000,65009.01000000,64807.57000000,64842.53000000,1.21532000
2026-08-05T21:00:00+00:00,64827.51000000,64827.51000000,64677.81000000,64743.04000000,1.12004000
2026-08-05T22:00:00+00:00,64754.50000000,64777.50000000,64628.31000000,64638.32000000,0.66517000
2026-08-05T23:00:00+00:00,64616.40000000,64744.64000000,64594.85000000,64656.16000000,0.33101000
2026-08-06T00:00:00+00:00,64668.84000000,64706.63000000,64574.33000000,64681.75000000,0.66951000
2026-08-06T01:00:00+00:00,64633.66000000,64662.30000000,64504.00000000,64583.94000000,3.09175000
2026-08-06T02:00:00+00:00,64583.95000000,64636.00000000,64440.44000000,64583.09000000,10.31729000
2026-08-06T03:00:00+00:00,64573.59000000,64575.83000000,64496.12000000,64528.83000000,1.57806000
2026-08-06T04:00:00+00:00,64521.77000000,64724.05000000,64508.11000000,64724.05000000,0.26158000
2026-08-06T05:00:00+00:00,64735.00000000,64999.00000000,64735.00000000,64908.41000000,1.11102000
2026-08-06T06:00:00+00:00,64901.89000000,64901.89000000,64741.60000000,64847.58000000,0.14432000
2026-08-06T07:00:00+00:00,64850.08000000,64959.87000000,64778.90000000,64814.48000000,0.14110000
2026-08-06T08:00:00+00:00,64817.97000000,65000.00000000,64758.07000000,64963.71000000,1.18393000
2026-08-06T09:00:00+00:00,64916.85000000,64917.56000000,64635.92000000,64683.84000000,0.18083000
2026-08-06T10:00:00+00:00,64674.24000000,64689.85000000,64590.00000000,64613.86000000,0.11853000
2026-08-06T11:00:00+00:00,64621.82000000,64646.96000000,64499.06000000,64623.41000000,6.71072000
2026-08-06T12:00:00+00:00,64624.14000000,64631.50000000,64418.38000000,64432.73000000,5.93450000
2026-08-06T13:00:00+00:00,64400.02000000,64529.63000000,64169.65000000,64454.72000000,41.91177000
2026-08-06T14:00:00+00:00,64432.38000000,64833.45000000,64358.60000000,64803.80000000,14.35435000
2026-08-06T15:00:00+00:00,64772.64000000,64979.13000000,64618.26000000,64630.44000000,14.21156000
2026-08-06T16:00:00+00:00,64636.60000000,64770.79000000,64596.33000000,64751.58000000,2.99047000
2026-08-06T17:00:00+00:00,64754.04000000,64839.19000000,64553.82000000,64626.40000000,3.07765000
2026-08-06T18:00:00+00:00,64606.57000000,64616.30000000,64387.48000000,64420.10000000,3.04262000
2026-08-06T19:00:00+00:00,64420.10000000,64481.29000000,64360.95000000,64453.85000000,1.26225000
2026-08-06T20:00:00+00:00,64453.85000000,64534.19000000,64434.56000000,64435.09000000,1.51373000
2026-08-06T21:00:00+00:00,64449.80000000,64505.45000000,64399.47000000,64438.05000000,0.97092000
2026-08-06T22:00:00+00:00,64448.13000000,64452.86000000,64333.33000000,64347.34000000,0.16634000
2026-08-06T23:00:00+00:00,64349.22000000,64368.04000000,64200.01000000,64318.65000000,0.30466000
2026-08-07T00:00:00+00:00,64315.46000000,64414.26000000,64228.76000000,64311.68000000,0.22884000
2026-08-07T01:00:00+00:00,64323.62000000,64471.00000000,64301.58000000,64415.59000000,3.16036000
2026-08-07T02:00:00+00:00,64415.39000000,64553.90000000,64268.58000000,64427.06000000,5.13759000
2026-08-07T03:00:00+00:00,64399.99000000,64400.09000000,64278.19000000,64297.23000000,0.10189000
2026-08-07T04:00:00+00:00,64283.18000000,64348.10000000,64171.16000000,64250.09000000,0.14890000
2026-08-07T05:00:00+00:00,64259.04000000,64397.65000000,64174.25000000,64360.39000000,0.18338000
2026-08-07T06:00:00+00:00,64335.55000000,64451.21000000,64285.17000000,64326.77000000,0.39952000
2026-08-07T07:00:00+00:00,64298.27000000,64436.07000000,64270.75000000,64324.42000000,0.33073000
2026-08-07T08:00:00+00:00,64323.96000000,64650.07000000,64323.96000000,64594.21000000,0.22220000
2026-08-07T09:00:00+00:00,64666.25000000,64949.99000000,64666.25000000,64820.04000000,0.82022000
2026-08-07T10:00:00+00:00,64845.70000000,64897.66000000,64824.82000000,64894.99000000,0.06510000
2026-08-07T11:00:00+00:00,64918.96000000,65195.40000000,64918.96000000,65023.55000000,3.39032000
2026-08-07T12:00:00+00:00,65032.01000000,65381.64000000,64999.00000000,65268.62000000,5.17799000
2026-08-07T13:00:00+00:00,65286.77000000,65328.25000000,64999.00000000,64999.00000000,1.39353000
2026-08-07T14:00:00+00:00,64966.87000000,65262.99000000,64795.26000000,64963.34000000,0.78140000
2026-08-07T15:00:00+00:00,64954.15000000,65108.37000000,64889.94000000,64930.06000000,0.45570000
2026-08-07T16:00:00+00:00,64919.22000000,65045.64000000,64829.73000000,64840.21000000,0.35157000
2026-08-07T17:00:00+00:00,64816.67000000,64819.41000000,64510.68000000,64745.29000000,5.86195000
2026-08-07T18:00:00+00:00,64768.00000000,64882.68000000,64670.80000000,64719.16000000,0.42106000
2026-08-07T19:00:00+00:00,64748.23000000,65022.07000000,64748.23000000,64970.60000000,0.56519000
2026-08-07T20:00:00+00:00,64970.61000000,65032.00000000,64950.30000000,64974.63000000,3.13653000
2026-08-07T21:00:00+00:00,64974.63000000,65094.67000000,64940.86000000,64940.86000000,0.38698000
2026-08-07T22:00:00+00:00,64935.62000000,64951.81000000,64852.97000000,64881.70000000,1.89703000
2026-08-07T23:00:00+00:00,64886.65000000,64918.18000000,64876.10000000,64915.74000000,0.08048000
2026-08-08T00:00:00+00:00,64915.76000000,64947.87000000,64824.84000000,64919.99000000,1.22378000
2026-08-08T01:00:00+00:00,64925.74000000,64966.92000000,64908.06000000,64917.94000000,0.11080000
2026-08-08T02:00:00+00:00,64905.26000000,64953.42000000,64896.18000000,64919.01000000,0.08443000
2026-08-08T03:00:00+00:00,64919.02000000,65065.23000000,64919.00000000,65026.25000000,0.22152000
2026-08-08T04:00:00+00:00,65060.64000000,65060.64000000,64969.04000000,65028.94000000,0.11924000
2026-08-08T05:00:00+00:00,65009.96000000,65022.21000000,64983.22000000,64989.25000000,0.42749000
2026-08-08T06:00:00+00:00,64998.23000000,65013.84000000,64944.64000000,65006.65000000,0.23856000
2026-08-08T07:00:00+00:00,65007.02000000,65007.02000000,64957.42000000,64957.49000000,0.09194000
2026-08-08T08:00:00+00:00,64957.42000000,65006.04000000,64957.42000000,64989.86000000,0.04745000
2026-08-08T09:00:00+00:00,64992.39000000,65047.99000000,64992.39000000,64998.12000000,0.04724000
2026-08-08T10:00:00+00:00,64997.96000000,65032.18000000,64991.83000000,65010.99000000,0.12620000
2026-08-08T11:00:00+00:00,65010.97000000,65021.63000000,64958.27000000,64968.51000000,0.09582000
2026-08-08T12:00:00+00:00,64968.28000000,65025.69000000,64922.09000000,65002.33000000,0.20539000
2026-08-08T13:00:00+00:00,65002.57000000,65021.38000000,64994.58000000,65016.34000000,0.15441000
2026-08-08T14:00:00+00:00,65016.76000000,65185.07000000,65014.65000000,65157.66000000,0.39493000
2026-08-08T15:00:00+00:00,65130.10000000,65143.76000000,65063.41000000,65098.48000000,0.31593000
2026-08-08T16:00:00+00:00,65089.29000000,65101.30000000,65055.96000000,65057.20000000,0.21456000
2026-08-08T17:00:00+00:00,65090.84000000,65142.25000000,65084.31000000,65127.24000000,0.05711000
2026-08-08T18:00:00+00:00,65118.72000000,65125.72000000,65031.38000000,65057.75000000,0.20366000
2026-08-08T19:00:00+00:00,65040.93000000,65074.16000000,65004.39000000,65066.72000000,0.39597000
2026-08-08T20:00:00+00:00,65073.05000000,65088.55000000,65056.39000000,65077.60000000,0.13208000
2026-08-08T21:00:00+00:00,65088.40000000,65088.40000000,65011.34000000,65011.34000000,0.22585000
2026-08-08T22:00:00+00:00,65018.40000000,65019.99000000,64946.17000000,64946.17000000,0.14997000
2026-08-08T23:00:00+00:00,64953.51000000,64975.60000000,64937.28000000,64974.91000000,0.26531000
2026-08-09T00:00:00+00:00,64960.57000000,64983.62000000,64953.77000000,64976.94000000,0.03326000
2026-08-09T01:00:00+00:00,64976.55000000,64997.26000000,64844.27000000,64864.12000000,3.45174000
2026-08-09T02:00:00+00:00,64847.93000000,64862.02000000,64782.41000000,64818.27000000,0.81300000
2026-08-09T03:00:00+00:00,64817.83000000,64817.83000000,64735.00000000,64795.05000000,0.09986000
2026-08-09T04:00:00+00:00,64784.01000000,64828.33000000,64783.85000000,64783.85000000,4.39681000
2026-08-09T05:00:00+00:00,64783.85000000,64787.92000000,64782.60000000,64787.92000000,0.11358000
2026-08-09T06:00:00+00:00,64803.83000000,64866.39000000,64796.58000000,64853.15000000,0.04850000
2026-08-09T07:00:00+00:00,64849.92000000,64855.38000000,64822.48000000,64822.48000000,0.06882000
2026-08-09T08:00:00+00:00,64866.99000000,64926.00000000,64804.11000000,64824.38000000,0.26978000
2026-08-09T09:00:00+00:00,64821.31000000,64874.41000000,64809.59000000,64874.41000000,0.05663000
2026-08-09T10:00:00+00:00,64901.80000000,64966.74000000,64901.80000000,64966.44000000,0.12947000
2026-08-09T11:00:00+00:00,64967.05000000,64998.65000000,64944.46000000,64944.46000000,0.01329000
2026-08-09T12:00:00+00:00,64944.46000000,64950.94000000,64916.58000000,64950.75000000,0.08207000
2026-08-09T13:00:00+00:00,64974.55000000,65233.52000000,64974.55000000,65220.77000000,0.18089000
2026-08-09T14:00:00+00:00,65213.75000000,65273.52000000,65158.93000000,65273.52000000,1.01536000
2026-08-09T15:00:00+00:00,65271.47000000,65271.76000000,65220.39000000,65231.10000000,0.13779000
2026-08-09T16:00:00+00:00,65233.78000000,65268.33000000,65191.61000000,65234.01000000,0.24679000
2026-08-09T17:00:00+00:00,65240.27000000,65240.27000000,65188.86000000,65188.86000000,0.32465000
2026-08-09T18:00:00+00:00,65200.53000000,65219.91000000,65193.90000000,65199.72000000,0.06701000
2026-08-09T19:00:00+00:00,65203.93000000,65204.81000000,65180.68000000,65191.29000000,0.50909000
2026-08-09T20:00:00+00:00,65185.30000000,65185.42000000,65073.85000000,65141.13000000,0.15344000
2026-08-09T21:00:00+00:00,65141.13000000,65234.56000000,65121.67000000,65215.19000000,0.35580000
2026-08-09T22:00:00+00:00,65217.50000000,65459.30000000,64984.71000000,65087.01000000,0.81539000
2026-08-09T23:00:00+00:00,65058.47000000,65095.36000000,64836.74000000,64894.15000000,0.41870000
2026-08-10T00:00:00+00:00,64882.76000000,65300.00000000,64836.21000000,64963.42000000,1.15882000
2026-08-10T01:00:00+00:00,65014.30000000,65361.40000000,64920.37000000,65197.55000000,0.31432000
2026-08-10T02:00:00+00:00,65196.16000000,65196.16000000,64915.77000000,65094.34000000,0.20642000
2026-08-10T03:00:00+00:00,65096.20000000,65161.17000000,64920.37000000,64982.44000000,0.22587000
2026-08-10T04:00:00+00:00,64968.59000000,65087.84000000,64942.20000000,65026.31000000,0.31131000
2026-08-10T05:00:00+00:00,65006.04000000,65135.52000000,64996.14000000,65135.52000000,0.27600000
2026-08-10T06:00:00+00:00,65154.82000000,65322.29000000,65154.07000000,65315.51000000,4.58200000
2026-08-10T07:00:00+00:00,65269.94000000,65355.78000000,65211.77000000,65213.90000000,1.02337000
2026-08-10T08:00:00+00:00,65271.75000000,65314.40000000,65210.23000000,65229.70000000,0.60270000
2026-08-10T09:00:00+00:00,65217.48000000,65220.01000000,64965.17000000,64969.14000000,0.24417000
2026-08-10T10:00:00+00:00,65020.74000000,65055.64000000,65017.59000000,65033.63000000,0.08039000
2026-08-10T11:00:00+00:00,64998.91000000,65127.58000000,64997.88000000,65127.58000000,0.13087000
2026-08-10T12:00:00+00:00,65127.57000000,65221.81000000,64857.39000000,64861.68000000,3.20439000
2026-08-10T13:00:00+00:00,64881.41000000,64939.07000000,64519.54000000,64559.79000000,3.49632000
2026-08-10T14:00:00+00:00,64558.77000000,64867.00000000,64558.77000000,64624.22000000,1.65985000
2026-08-10T15:00:00+00:00,64620.23000000,64706.08000000,64221.08000000,64293.21000000,6.67864000
2026-08-10T16:00:00+00:00,64268.08000000,64359.87000000,63844.00000000,63897.58000000,9.58334000
2026-08-10T17:00:00+00:00,63905.39000000,64014.61000000,63834.01000000,63936.62000000,3.49210000
2026-08-10T18:00:00+00:00,63981.74000000,64019.79000000,63817.76000000,63902.29000000,0.67846000
2026-08-10T19:00:00+00:00,63902.30000000,64088.47000000,63902.30000000,64024.18000000,0.56182000
2026-08-10T20:00:00+00:00,64033.48000000,64196.76000000,64033.48000000,64160.67000000,0.24021000
2026-08-10T21:00:00+00:00,64154.55000000,64154.55000000,63977.98000000,63992.49000000,0.20453000
2026-08-10T22:00:00+00:00,63976.00000000,64059.97000000,63937.19000000,64010.19000000,0.43994000
2026-08-10T23:00:00+00:00,64009.99000000,64010.00000000,63924.63000000,63968.95000000,0.74484000
2026-08-11T00:00:00+00:00,63961.14000000,64051.92000000,63903.75000000,64048.87000000,3.76531000
2026-08-11T01:00:00+00:00,64037.08000000,64078.74000000,63990.00000000,64068.74000000,7.66045000
2026-08-11T02:00:00+00:00,64061.76000000,64095.45000000,64036.77000000,64043.34000000,0.31023000
2026-08-11T03:00:00+00:00,64071.39000000,64155.02000000,64063.22000000,64131.91000000,0.64964000
2026-08-11T04:00:00+00:00,64152.48000000,64159.70000000,64039.96000000,64041.78000000,0.07040000
2026-08-11T05:00:00+00:00,64026.76000000,64057.03000000,63973.35000000,64011.45000000,0.54999000
2026-08-11T06:00:00+00:00,64003.70000000,64047.24000000,63875.99000000,63965.55000000,0.33872000
2026-08-11T07:00:00+00:00,63964.23000000,64106.78000000,63934.79000000,64054.21000000,0.35600000
2026-08-11T08:00:00+00:00,64080.68000000,64152.86000000,64052.73000000,64145.73000000,0.07867000
2026-08-11T09:00:00+00:00,64166.67000000,64305.99000000,64122.41000000,64305.99000000,0.09819000
2026-08-11T10:00:00+00:00,64300.22000000,64316.08000000,64226.08000000,64233.94000000,0.27525000
2026-08-11T11:00:00+00:00,64265.84000000,64387.27000000,64265.84000000,64370.89000000,2.92159000
2026-08-11T12:00:00+00:00,64387.13000000,64500.00000000,64306.18000000,64337.00000000,3.82551000
2026-08-11T13:00:00+00:00,64332.56000000,64368.21000000,64053.05000000,64184.35000000,0.22987000
2026-08-11T14:00:00+00:00,64208.48000000,64249.54000000,63728.52000000,63728.52000000,0.79087000
2026-08-11T15:00:00+00:00,63751.43000000,63848.32000000,63447.23000000,63620.00000000,3.93565000
2026-08-11T16:00:00+00:00,63620.00000000,63643.30000000,63496.24000000,63511.21000000,2.89932000
2026-08-11T17:00:00+00:00,63524.30000000,63610.00000000,63464.86000000,63610.00000000,1.05725000
2026-08-11T18:00:00+00:00,63604.17000000,63604.17000000,63268.94000000,63385.11000000,3.39387000
2026-08-11T19:00:00+00:00,63376.31000000,63521.20000000,63248.73000000,63521.20000000,5.01317000
2026-08-11T20:00:00+00:00,63529.23000000,63739.64000000,63523.91000000,63739.64000000,2.67849000
2026-08-11T21:00:00+00:00,63731.33000000,63752.35000000,63618.45000000,63675.08000000,1.52942000
2026-08-11T22:00:00+00:00,63675.08000000,63752.92000000,63624.02000000,63654.92000000,0.43240000
2026-08-11T23:00:00+00:00,63656.12000000,63656.12000000,63537.55000000,63604.72000000,1.54326000
2026-08-12T00:00:00+00:00,63594.31000000,63739.67000000,63538.91000000,63739.67000000,3.69493000
2026-08-12T01:00:00+00:00,63767.37000000,63852.76000000,63700.00000000,63809.40000000,0.87151000
2026-08-12T02:00:00+00:00,63833.06000000,63893.39000000,63757.93000000,63761.64000000,1.19961000
2026-08-12T03:00:00+00:00,63756.47000000,63836.08000000,63711.48000000,63831.71000000,0.29077000
2026-08-12T04:00:00+00:00,63835.94000000,63872.57000000,63742.32000000,63770.03000000,0.36041000
2026-08-12T05:00:00+00:00,63741.84000000,63865.92000000,63734.27000000,63865.92000000,0.24301000
2026-08-12T06:00:00+00:00,63790.61000000,63790.61000000,63596.32000000,63693.08000000,0.22865000
2026-08-12T07:00:00+00:00,63726.25000000,63800.86000000,63689.22000000,63782.68000000,0.03074000
2026-08-12T08:00:00+00:00,63833.33000000,63841.11000000,63780.45000000,63787.67000000,0.00927000
2026-08-12T09:00:00+00:00,63786.06000000,64101.92000000,63786.06000000,64064.43000000,5.56211000
2026-08-12T10:00:00+00:00,64103.17000000,64202.76000000,64070.52000000,64150.00000000,1.78588000
2026-08-12T11:00:00+00:00,64150.00000000,64234.55000000,64122.69000000,64234.55000000,1.06002000
2026-08-12T12:00:00+00:00,64234.56000000,64450.00000000,64000.00000000,64108.90000000,8.87858000
2026-08-12T13:00:00+00:00,64148.17000000,64148.17000000,63852.76000000,63852.76000000,1.49612000
2026-08-12T14:00:00+00:00,63802.48000000,63887.86000000,63400.70000000,63400.70000000,0.85341000
2026-08-12T15:00:00+00:00,63375.00000000,63566.60000000,63334.61000000,63506.50000000,1.20557000
2026-08-12T16:00:00+00:00,63473.39000000,63563.06000000,63373.02000000,63486.33000000,6.07176000
2026-08-12T17:00:00+00:00,63484.35000000,63549.97000000,63422.74000000,63467.27000000,0.43652000
2026-08-12T18:00:00+00:00,63460.06000000,63516.12000000,63375.65000000,63384.76000000,1.22324000
2026-08-12T19:00:00+00:00,63397.84000000,63445.46000000,63327.18000000,63410.18000000,0.77978000
2026-08-12T20:00:00+00:00,63420.54000000,63599.32000000,63417.78000000,63588.63000000,3.81046000
2026-08-12T21:00:00+00:00,63603.59000000,63634.91000000,63447.16000000,63460.77000000,3.07233000
2026-08-12T22:00:00+00:00,63468.51000000,63501.72000000,63380.00000000,63431.12000000,0.24208000
2026-08-12T23:00:00+00:00,63420.74000000,63475.32000000,63380.00000000,63445.79000000,0.68840000
2026-08-13T00:00:00+00:00,63468.39000000,63699.99000000,63468.23000000,63587.21000000,3.70623000
2026-08-13T01:00:00+00:00,63561.89000000,63627.01000000,63398.46000000,63468.36000000,1.17027000
2026-08-13T02:00:00+00:00,63480.26000000,63587.90000000,63410.97000000,63568.46000000,0.19716000
2026-08-13T03:00:00+00:00,63535.30000000,63675.95000000,63519.25000000,63654.13000000,0.35978000
2026-08-13T04:00:00+00:00,63650.23000000,63757.41000000,63602.73000000,63699.39000000,0.07772000
2026-08-13T05:00:00+00:00,63710.13000000,63978.16000000,63710.13000000,63885.00000000,0.19314000
2026-08-13T06:00:00+00:00,63886.24000000,63925.51000000,63781.90000000,63925.51000000,5.16286000
2026-08-13T07:00:00+00:00,63943.05000000,63943.64000000,63851.55000000,63851.55000000,1.77509000
2026-08-13T08:00:00+00:00,63850.00000000,63916.00000000,63761.87000000,63761.87000000,1.28160000
2026-08-13T09:00:00+00:00,63750.00000000,63764.14000000,63597.77000000,63764.14000000,1.39764000
2026-08-13T10:00:00+00:00,63784.09000000,63784.09000000,63595.70000000,63641.08000000,0.34720000
2026-08-13T11:00:00+00:00,63656.72000000,63656.99000000,63375.00000000,63489.51000000,0.56385000
2026-08-13T12:00:00+00:00,63478.00000000,63709.01000000,63450.02000000,63709.01000000,1.14691000
2026-08-13T13:00:00+00:00,63725.00000000,63849.17000000,63609.45000000,63735.90000000,1.26220000
2026-08-13T14:00:00+00:00,63725.85000000,64000.00000000,63695.95000000,63876.78000000,4.42155000
2026-08-13T15:00:00+00:00,63873.88000000,63941.05000000,63450.00000000,63450.00000000,9.24157000
2026-08-13T16:00:00+00:00,63406.05000000,63565.63000000,62852.04000000,63091.67000000,10.44901000
2026-08-13T17:00:00+00:00,63095.34000000,63306.51000000,63077.78000000,63149.99000000,6.31549000
2026-08-13T18:00:00+00:00,63142.06000000,63374.19000000,63120.03000000,63309.57000000,3.62295000
2026-08-13T19:00:00+00:00,63315.47000000,63513.55000000,63309.57000000,63404.35000000,3.03768000
2026-08-13T20:00:00+00:00,63417.38000000,63477.42000000,63373.98000000,63415.01000000,6.38805000
2026-08-13T21:00:00+00:00,63405.65000000,63502.04000000,63396.45000000,63478.85000000,5.33512000
2026-08-13T22:00:00+00:00,63478.85000000,63648.30000000,63478.85000000,63532.31000000,18.60043000
2026-08-13T23:00:00+00:00,63532.33000000,63532.33000000,63407.07000000,63484.39000000,5.29775000
2026-08-14T00:00:00+00:00,63490.55000000,63553.97000000,63412.26000000,63529.40000000,15.48581000
2026-08-14T01:00:00+00:00,63529.40000000,63578.18000000,63470.03000000,63557.14000000,2.71787000
2026-08-14T02:00:00+00:00,63562.09000000,63563.50000000,63467.90000000,63467.90000000,2.71937000
2026-08-14T03:00:00+00:00,63473.29000000,63573.34000000,63315.42000000,63315.42000000,1.06983000
2026-08-14T04:00:00+00:00,63292.87000000,63479.09000000,63292.87000000,63374.37000000,0.19296000
2026-08-14T05:00:00+00:00,63367.43000000,63396.64000000,63288.86000000,63382.80000000,0.73857000
2026-08-14T06:00:00+00:00,63368.23000000,63376.07000000,62969.13000000,62969.13000000,4.14267000
2026-08-14T07:00:00+00:00,63033.84000000,63110.97000000,62953.80000000,62953.80000000,0.30714000
2026-08-14T08:00:00+00:00,62937.89000000,62946.11000000,62717.07000000,62828.68000000,0.14723000
2026-08-14T09:00:00+00:00,62918.44000000,62918.44000000,62748.42000000,62811.76000000,2.66460000
2026-08-14T10:00:00+00:00,62760.27000000,62937.54000000,62760.27000000,62814.00000000,0.89469000
2026-08-14T11:00:00+00:00,62814.00000000,62928.45000000,62814.00000000,62867.64000000,0.88175000
2026-08-14T12:00:00+00:00,62895.81000000,62912.52000000,62730.22000000,62750.09000000,1.23378000
2026-08-14T13:00:00+00:00,62731.82000000,62820.41000000,62613.10000000,62649.04000000,0.53889000
2026-08-14T14:00:00+00:00,62661.57000000,62799.98000000,62541.43000000,62619.05000000,0.36208000
2026-08-14T15:00:00+00:00,62629.49000000,63069.83000000,62617.87000000,63000.96000000,1.94163000
2026-08-14T16:00:00+00:00,62988.63000000,63214.98000000,62977.68000000,63139.43000000,10.46784000
2026-08-14T17:00:00+00:00,63156.88000000,63240.03000000,63010.38000000,63010.38000000,0.63128000
2026-08-14T18:00:00+00:00,62985.06000000,63081.88000000,62882.74000000,62917.16000000,0.49699000
2026-08-14T19:00:00+00:00,62879.96000000,62984.58000000,62831.42000000,62958.44000000,0.10247000
2026-08-14T20:00:00+00:00,62967.94000000,63025.78000000,62893.65000000,62903.80000000,0.22766000
2026-08-14T21:00:00+00:00,62923.07000000,62933.24000000,62874.55000000,62920.01000000,0.05807000
2026-08-14T22:00:00+00:00,62942.67000000,62953.73000000,62804.80000000,62890.81000000,0.46915000
2026-08-14T23:00:00+00:00,62887.12000000,63061.08000000,62871.85000000,63042.94000000,0.24908000
2026-08-15T00:00:00+00:00,63037.45000000,63038.98000000,62991.84000000,63016.17000000,0.15104000
2026-08-15T01:00:00+00:00,63005.21000000,63043.31000000,62988.13000000,63025.57000000,0.36375000
2026-08-15T02:00:00+00:00,63044.80000000,63131.00000000,63035.76000000,63129.78000000,5.63824000
2026-08-15T03:00:00+00:00,63139.30000000,63151.07000000,63055.60000000,63072.45000000,2.61567000
2026-08-15T04:00:00+00:00,63066.45000000,63148.04000000,63066.44000000,63128.42000000,3.32897000
2026-08-15T05:00:00+00:00,63125.76000000,63157.54000000,63040.46000000,63066.68000000,0.17413000
2026-08-15T06:00:00+00:00,63085.57000000,63085.57000000,63031.40000000,63083.99000000,0.07879000
2026-08-15T07:00:00+00:00,63114.74000000,63134.31000000,63071.07000000,63072.93000000,0.28020000
2026-08-15T08:00:00+00:00,63083.64000000,63083.64000000,62936.69000000,62936.69000000,0.04578000
2026-08-15T09:00:00+00:00,62925.25000000,63041.91000000,62922.37000000,63034.65000000,0.01798000
2026-08-15T10:00:00+00:00,63027.04000000,63049.18000000,62994.54000000,63046.13000000,0.08086000
2026-08-15T11:00:00+00:00,63044.11000000,63052.52000000,63024.94000000,63037.73000000,0.02637000
2026-08-15T12:00:00+00:00,63014.58000000,63039.97000000,62947.10000000,63039.97000000,0.72043000
2026-08-15T13:00:00+00:00,63046.61000000,63085.18000000,63024.01000000,63056.70000000,1.51094000
2026-08-15T14:00:00+00:00,63044.57000000,63053.14000000,63010.01000000,63044.70000000,0.12893000
2026-08-15T15:00:00+00:00,63044.08000000,63128.80000000,63032.29000000,63098.43000000,0.20332000
2026-08-15T16:00:00+00:00,63102.00000000,63108.45000000,63076.28000000,63090.51000000,0.20252000
2026-08-15T17:00:00+00:00,63099.90000000,63105.14000000,63062.25000000,63062.25000000,2.22802000
2026-08-15T18:00:00+00:00,63066.90000000,63111.67000000,63041.01000000,63057.97000000,0.17226000
2026-08-15T19:00:00+00:00,63055.74000000,63119.85000000,63055.73000000,63115.77000000,0.60549000
2026-08-15T20:00:00+00:00,63115.28000000,63118.00000000,63070.24000000,63099.01000000,0.19729000
2026-08-15T21:00:00+00:00,63102.00000000,63159.22000000,63100.50000000,63159.22000000,0.17477000
2026-08-15T22:00:00+00:00,63158.25000000,63169.20000000,63129.07000000,63138.85000000,2.79467000
2026-08-15T23:00:00+00:00,63129.67000000,63144.41000000,63081.59000000,63081.59000000,0.83168000
2026-08-16T00:00:00+00:00,63081.59000000,63085.04000000,63057.26000000,63067.59000000,2.68781000
2026-08-16T01:00:00+00:00,63079.03000000,63079.03000000,63014.18000000,63067.03000000,0.24234000
2026-08-16T02:00:00+00:00,63089.70000000,63146.71000000,63028.75000000,63113.12000000,0.07264000
2026-08-16T03:00:00+00:00,63120.95000000,63128.24000000,63116.49000000,63128.24000000,0.01650000
2026-08-16T04:00:00+00:00,63124.49000000,63148.20000000,63116.65000000,63116.65000000,0.05251000
2026-08-16T05:00:00+00:00,63072.45000000,63093.48000000,63031.00000000,63058.69000000,0.13423000
2026-08-16T06:00:00+00:00,63072.07000000,63078.85000000,63037.97000000,63067.58000000,0.12079000
2026-08-16T07:00:00+00:00,63066.80000000,63066.80000000,63053.05000000,63058.65000000,0.00863000
2026-08-16T08:00:00+00:00,63062.44000000,63074.81000000,63062.44000000,63072.19000000,0.01542000
2026-08-16T09:00:00+00:00,63072.19000000,63075.81000000,62995.47000000,62995.47000000,0.04713000
2026-08-16T10:00:00+00:00,62981.93000000,63010.10000000,62968.02000000,63003.01000000,0.01919000
2026-08-16T11:00:00+00:00,63010.00000000,63010.01000000,62978.29000000,63004.44000000,0.09244000
2026-08-16T12:00:00+00:00,63009.72000000,63026.98000000,62990.27000000,63019.43000000,0.05656000
2026-08-16T13:00:00+00:00,63019.41000000,63065.62000000,63019.40000000,63064.75000000,0.05648000
2026-08-16T14:00:00+00:00,63064.17000000,63101.30000000,63059.22000000,63097.85000000,0.07709000
2026-08-16T15:00:00+00:00,63112.86000000,63138.95000000,63099.93000000,63137.95000000,0.61839000
2026-08-16T16:00:00+00:00,63138.81000000,63348.18000000,63138.81000000,63273.19000000,2.83006000
2026-08-16T17:00:00+00:00,63262.81000000,63276.28000000,63085.05000000,63166.03000000,3.38604000
2026-08-16T18:00:00+00:00,63161.98000000,63173.65000000,63121.76000000,63137.69000000,0.04858000
2026-08-16T19:00:00+00:00,63147.67000000,63229.81000000,63105.74000000,63106.74000000,0.05970000
2026-08-16T20:00:00+00:00,63116.01000000,63137.48000000,63040.00000000,63061.75000000,0.51032000
2026-08-16T21:00:00+00:00,63062.19000000,63067.29000000,62774.86000000,62926.37000000,3.26481000
2026-08-16T22:00:00+00:00,62848.74000000,62927.74000000,62718.12000000,62895.48000000,1.16617000
2026-08-16T23:00:00+00:00,62939.25000000,62962.46000000,62826.66000000,62888.60000000,0.19295000
2026-08-17T00:00:00+00:00,62904.59000000,62959.28000000,62751.32000000,62942.80000000,0.52764000
2026-08-17T01:00:00+00:00,62930.00000000,63239.64000000,62930.00000000,63111.95000000,0.74861000
2026-08-17T02:00:00+00:00,63103.20000000,63489.69000000,63053.45000000,63396.13000000,0.90097000
2026-08-17T03:00:00+00:00,63411.07000000,63517.57000000,63344.83000000,63427.35000000,0.39925000
2026-08-17T04:00:00+00:00,63452.03000000,63579.89000000,63452.03000000,63535.10000000,0.42942000
2026-08-17T05:00:00+00:00,63521.93000000,63589.28000000,63441.33000000,63521.18000000,0.33769000
2026-08-17T06:00:00+00:00,63500.55000000,63715.23000000,63500.54000000,63627.77000000,0.28872000
2026-08-17T07:00:00+00:00,63600.58000000,63600.58000000,63518.21000000,63518.21000000,0.54640000
2026-08-17T08:00:00+00:00,63498.52000000,63498.53000000,63348.39000000,63366.12000000,0.19168000
2026-08-17T09:00:00+00:00,63381.47000000,63416.73000000,63292.88000000,63292.88000000,0.05718000
2026-08-17T10:00:00+00:00,63327.24000000,63661.34000000,63293.19000000,63661.34000000,0.79012000
2026-08-17T11:00:00+00:00,63672.17000000,63768.30000000,63595.05000000,63635.96000000,0.07698000
2026-08-17T12:00:00+00:00,63623.76000000,63674.22000000,63533.06000000,63548.27000000,0.57764000
2026-08-17T13:00:00+00:00,63551.92000000,63790.21000000,63449.00000000,63672.70000000,1.53962000
2026-08-17T14:00:00+00:00,63672.70000000,63887.86000000,63592.87000000,63887.86000000,0.37917000
2026-08-17T15:00:00+00:00,63889.88000000,64227.48000000,63819.37000000,64150.03000000,2.04970000
2026-08-17T16:00:00+00:00,64216.51000000,64216.51000000,64057.65000000,64111.25000000,0.68607000
2026-08-17T17:00:00+00:00,64119.39000000,64425.32000000,64007.83000000,64333.60000000,3.35343000
2026-08-17T18:00:00+00:00,64332.36000000,64600.00000000,64283.12000000,64430.02000000,1.24606000
2026-08-17T19:00:00+00:00,64422.77000000,64422.77000000,64305.97000000,64310.81000000,0.31501000
2026-08-17T20:00:00+00:00,64311.20000000,64403.96000000,64272.60000000,64399.12000000,0.17764000
2026-08-17T21:00:00+00:00,64398.28000000,64427.55000000,64317.95000000,64386.42000000,0.23854000
2026-08-17T22:00:00+00:00,64396.68000000,64405.79000000,64283.69000000,64291.61000000,0.20406000
2026-08-17T23:00:00+00:00,64291.66000000,64571.79000000,64291.66000000,64505.48000000,2.88421000
2026-08-18T00:00:00+00:00,64543.44000000,64569.82000000,64360.22000000,64360.22000000,0.12330000
2026-08-18T01:00:00+00:00,64319.92000000,64358.47000000,64162.64000000,64196.64000000,0.27556000
2026-08-18T02:00:00+00:00,64215.14000000,64276.00000000,64052.89000000,64063.82000000,2.02819000
2026-08-18T03:00:00+00:00,64126.37000000,64176.12000000,64042.69000000,64173.89000000,0.35120000
2026-08-18T04:00:00+00:00,64184.49000000,64227.84000000,64093.40000000,64210.70000000,0.21822000
2026-08-18T05:00:00+00:00,64194.23000000,64262.59000000,64147.86000000,64246.54000000,0.51613000
2026-08-18T06:00:00+00:00,64211.42000000,64451.64000000,64171.10000000,64309.98000000,0.34084000
2026-08-18T07:00:00+00:00,64323.23000000,64346.92000000,64186.46000000,64191.24000000,0.04836000
2026-08-18T08:00:00+00:00,64194.41000000,64324.37000000,64109.39000000,64277.02000000,0.12442000
2026-08-18T09:00:00+00:00,64273.13000000,64273.13000000,64138.94000000,64175.43000000,0.05664000
2026-08-18T10:00:00+00:00,64167.23000000,64211.51000000,64142.26000000,64204.85000000,0.24892000
2026-08-18T11:00:00+00:00,64203.50000000,64401.14000000,64203.50000000,64346.65000000,2.97117000
2026-08-18T12:00:00+00:00,64352.91000000,64353.87000000,64227.68000000,64227.68000000,0.25278000
2026-08-18T13:00:00+00:00,64209.72000000,64258.29000000,64059.21000000,64228.49000000,3.67997000
2026-08-18T14:00:00+00:00,64228.82000000,65036.99000000,64228.82000000,64743.39000000,4.57363000
2026-08-18T15:00:00+00:00,64750.27000000,64875.88000000,64666.76000000,64856.86000000,0.28247000
2026-08-18T16:00:00+00:00,64891.98000000,64892.92000000,64689.90000000,64831.77000000,1.90886000
2026-08-18T17:00:00+00:00,64825.45000000,64826.56000000,64677.34000000,64677.34000000,0.26732000
2026-08-18T18:00:00+00:00,64667.73000000,64826.44000000,64657.90000000,64776.67000000,0.19363000
2026-08-18T19:00:00+00:00,64778.01000000,64793.23000000,64653.25000000,64654.31000000,3.18325000
2026-08-18T20:00:00+00:00,64649.93000000,64651.00000000,64577.26000000,64616.01000000,0.17878000
2026-08-18T21:00:00+00:00,64583.88000000,64655.15000000,64577.26000000,64602.37000000,0.55040000
2026-08-18T22:00:00+00:00,64580.58000000,64655.10000000,64569.25000000,64612.34000000,0.26875000
2026-08-18T23:00:00+00:00,64634.92000000,64785.09000000,64634.92000000,64753.60000000,3.14037000
2026-08-19T00:00:00+00:00,64738.75000000,64738.76000000,64513.86000000,64514.80000000,0.23590000
2026-08-19T01:00:00+00:00,64492.05000000,64539.17000000,64400.00000000,64400.01000000,4.23918000
2026-08-19T02:00:00+00:00,64400.00000000,64422.75000000,64349.17000000,64353.09000000,0.27247000
2026-08-19T03:00:00+00:00,64355.79000000,64406.53000000,64278.38000000,64361.30000000,2.00427000
2026-08-19T04:00:00+00:00,64335.01000000,64387.35000000,64296.94000000,64308.88000000,0.55100000
2026-08-19T05:00:00+00:00,64315.93000000,64376.20000000,64249.37000000,64249.37000000,0.14099000
2026-08-19T06:00:00+00:00,64236.27000000,64334.32000000,64190.75000000,64332.54000000,0.08802000
2026-08-19T07:00:00+00:00,64322.85000000,64400.20000000,64276.90000000,64329.23000000,0.21870000
2026-08-19T08:00:00+00:00,64297.29000000,64513.10000000,64271.09000000,64419.00000000,0.09148000
2026-08-19T09:00:00+00:00,64419.00000000,64448.75000000,64366.50000000,64380.20000000,0.03719000
2026-08-19T10:00:00+00:00,64433.60000000,64434.89000000,64383.68000000,64423.74000000,0.14037000
2026-08-19T11:00:00+00:00,64446.65000000,64528.59000000,64446.65000000,64489.84000000,0.12930000
2026-08-19T12:00:00+00:00,64493.96000000,64997.32000000,64481.87000000,64850.20000000,2.03386000
2026-08-19T13:00:00+00:00,64861.32000000,65210.11000000,64789.48000000,65018.28000000,1.70595000
2026-08-19T14:00:00+00:00,65059.57000000,65979.42000000,65030.69000000,65931.39000000,7.95071000
2026-08-19T15:00:00+00:00,65938.69000000,69570.47000000,65890.24000000,68551.03000000,34.40538000
2026-08-19T16:00:00+00:00,68562.43000000,68963.23000000,68425.50000000,68497.86000000,19.75755000
2026-08-19T17:00:00+00:00,68493.18000000,68526.70000000,67848.85000000,68187.39000000,8.04013000
2026-08-19T18:00:00+00:00,68187.39000000,68444.43000000,68042.42000000,68376.87000000,3.39557000
2026-08-19T19:00:00+00:00,68397.33000000,68470.66000000,68108.45000000,68415.59000000,1.52327000
2026-08-19T20:00:00+00:00,68422.82000000,69570.46000000,68405.78000000,69067.89000000,5.13630000
2026-08-19T21:00:00+00:00,69047.35000000,70004.66000000,68995.62000000,69722.55000000,25.80417000
2026-08-19T22:00:00+00:00,69737.89000000,69804.95000000,68997.86000000,69275.34000000,1.50816000
2026-08-19T23:00:00+00:00,69289.99000000,69449.08000000,69194.14000000,69327.55000000,0.89266000
2026-08-20T00:00:00+00:00,69333.16000000,69773.23000000,69333.16000000,69408.47000000,3.68405000
2026-08-20T01:00:00+00:00,69390.27000000,69877.37000000,69288.27000000,69719.99000000,1.69458000
2026-08-20T02:00:00+00:00,69713.02000000,69789.12000000,69274.51000000,69318.61000000,4.68954000
2026-08-20T03:00:00+00:00,69274.49000000,69351.13000000,68926.70000000,69196.08000000,3.47655000
2026-08-20T04:00:00+00:00,69170.53000000,69586.44000000,69161.92000000,69514.29000000,2.94684000
2026-08-20T05:00:00+00:00,69514.25000000,69652.89000000,69370.31000000,69410.74000000,0.20757000
2026-08-20T06:00:00+00:00,69400.52000000,69910.86000000,69356.00000000,69851.22000000,0.58615000
2026-08-20T07:00:00+00:00,69843.89000000,70007.59000000,69519.07000000,69817.91000000,0.81788000
2026-08-20T08:00:00+00:00,69843.87000000,71803.38000000,69782.85000000,71586.40000000,12.59792000
2026-08-20T09:00:00+00:00,71585.53000000,72055.55000000,71518.54000000,71745.52000000,5.41441000
2026-08-20T10:00:00+00:00,71807.74000000,72492.59000000,71712.12000000,71987.44000000,6.63211000
2026-08-20T11:00:00+00:00,71972.24000000,72296.25000000,71834.47000000,71915.91000000,2.02251000
2026-08-20T12:00:00+00:00,71936.68000000,71984.10000000,71509.18000000,71944.24000000,2.49290000
2026-08-20T13:00:00+00:00,71967.84000000,72087.93000000,71168.10000000,71665.16000000,3.44686000
2026-08-20T14:00:00+00:00,71692.75000000,71974.68000000,71386.43000000,71816.97000000,3.79658000
2026-08-20T15:00:00+00:00,71815.34000000,72824.96000000,71815.34000000,72456.52000000,10.67252000
2026-08-20T16:00:00+00:00,72458.22000000,72891.09000000,72218.28000000,72857.50000000,4.49594000
2026-08-20T17:00:00+00:00,72834.12000000,72953.95000000,72555.83000000,72745.04000000,10.47601000
2026-08-20T18:00:00+00:00,72734.12000000,72809.14000000,72400.34000000,72463.32000000,1.80150000
2026-08-20T19:00:00+00:00,72399.64000000,72766.39000000,72346.93000000,72659.95000000,7.58014000
2026-08-20T20:00:00+00:00,72658.89000000,73032.28000000,72602.79000000,72680.35000000,7.65892000
2026-08-20T21:00:00+00:00,72676.00000000,72838.95000000,72574.42000000,72741.82000000,1.22986000
2026-08-20T22:00:00+00:00,72740.13000000,72858.42000000,72490.27000000,72669.99000000,1.55179000
2026-08-20T23:00:00+00:00,72669.04000000,73383.64000000,72657.32000000,73028.52000000,5.41593000
2026-08-21T00:00:00+00:00,73075.09000000,73995.55000000,73075.09000000,73714.71000000,11.14864000
2026-08-21T01:00:00+00:00,73687.99000000,75782.72000000,73681.57000000,75148.36000000,22.57894000
2026-08-21T02:00:00+00:00,75129.80000000,75198.62000000,74400.00000000,74444.98000000,11.03186000
2026-08-21T03:00:00+00:00,74410.47000000,74880.41000000,74231.76000000,74575.57000000,4.22434000
2026-08-21T04:00:00+00:00,74607.19000000,75039.00000000,74584.86000000,75015.46000000,0.85617000
2026-08-21T05:00:00+00:00,75000.00000000,75483.27000000,74933.86000000,75463.61000000,9.45439000
2026-08-21T06:00:00+00:00,75439.44000000,75720.07000000,75117.38000000,75627.09000000,9.26631000
2026-08-21T07:00:00+00:00,75638.21000000,76900.00000000,75638.21000000,76296.95000000,12.78528000
2026-08-21T08:00:00+00:00,76350.66000000,79472.42000000,76262.45000000,79218.71000000,37.13106000
2026-08-21T09:00:00+00:00,79221.23000000,79350.05000000,77275.19000000,77911.26000000,8.95577000
2026-08-21T10:00:00+00:00,77890.05000000,78240.97000000,77639.12000000,77802.39000000,3.48326000
2026-08-21T11:00:00+00:00,77767.03000000,77837.07000000,76404.32000000,76694.34000000,6.79968000
2026-08-21T12:00:00+00:00,76733.59000000,77481.83000000,76538.06000000,77206.01000000,3.45518000
2026-08-21T13:00:00+00:00,77234.36000000,77670.35000000,76260.61000000,77272.48000000,14.51176000
2026-08-21T14:00:00+00:00,77267.76000000,77440.49000000,76550.00000000,77385.42000000,9.15333000
2026-08-21T15:00:00+00:00,77405.80000000,77863.89000000,77178.92000000,77205.31000000,8.11594000
2026-08-21T16:00:00+00:00,77230.85000000,77528.65000000,76800.00000000,77506.07000000,3.28485000
2026-08-21T17:00:00+00:00,77472.82000000,77727.33000000,77192.26000000,77397.89000000,4.48339000
2026-08-21T18:00:00+00:00,77396.68000000,77555.28000000,76651.54000000,77101.52000000,4.53351000
2026-08-21T19:00:00+00:00,77147.57000000,77331.98000000,76857.71000000,77022.76000000,3.15072000
2026-08-21T20:00:00+00:00,77012.83000000,77523.39000000,76881.26000000,77511.09000000,5.94787000
2026-08-21T21:00:00+00:00,77496.21000000,78670.81000000,77383.11000000,78508.89000000,9.12575000
2026-08-21T22:00:00+00:00,78500.49000000,78770.18000000,78100.27000000,78452.92000000,8.71465000
2026-08-21T23:00:00+00:00,78459.25000000,78719.59000000,78128.40000000,78329.48000000,1.57294000
2026-08-22T00:00:00+00:00,78329.47000000,78500.47000000,77698.69000000,77941.96000000,3.87447000
2026-08-22T01:00:00+00:00,77945.61000000,78218.75000000,77821.48000000,77847.59000000,4.04210000
2026-08-22T02:00:00+00:00,77835.39000000,78557.28000000,77798.62000000,78470.00000000,4.51073000
2026-08-22T03:00:00+00:00,78467.50000000,78817.40000000,78375.03000000,78416.84000000,1.51059000
2026-08-22T04:00:00+00:00,78413.97000000,78798.50000000,78202.40000000,78488.70000000,1.96295000
2026-08-22T05:00:00+00:00,78451.65000000,78572.72000000,76525.86000000,77399.16000000,7.57713000
2026-08-22T06:00:00+00:00,77440.91000000,77552.77000000,77043.87000000,77461.98000000,1.58960000
2026-08-22T07:00:00+00:00,77483.14000000,77639.74000000,77229.20000000,77366.81000000,0.95005000
2026-08-22T08:00:00+00:00,77296.83000000,77420.56000000,77063.73000000,77205.09000000,2.80346000
2026-08-22T09:00:00+00:00,77208.18000000,77370.70000000,76850.01000000,77065.81000000,1.04338000
2026-08-22T10:00:00+00:00,77014.50000000,77199.11000000,76546.47000000,76979.92000000,2.42304000
2026-08-22T11:00:00+00:00,76995.03000000,77200.11000000,76823.08000000,77129.92000000,0.74241000
2026-08-22T12:00:00+00:00,77124.77000000,77372.36000000,77085.03000000,77307.71000000,0.75815000
2026-08-22T13:00:00+00:00,77301.75000000,77369.20000000,77109.59000000,77286.22000000,0.46755000
2026-08-22T14:00:00+00:00,77306.64000000,77313.31000000,76934.74000000,77000.87000000,0.76133000
2026-08-22T15:00:00+00:00,77016.34000000,77103.30000000,76894.69000000,76977.70000000,0.69770000
2026-08-22T16:00:00+00:00,76981.37000000,77530.64000000,76956.61000000,77295.19000000,3.95155000
2026-08-22T17:00:00+00:00,77300.38000000,77362.44000000,77081.59000000,77299.05000000,0.77196000
2026-08-22T18:00:00+00:00,77285.55000000,77359.20000000,77150.00000000,77238.06000000,4.60662000
2026-08-22T19:00:00+00:00,77250.54000000,77462.78000000,77204.79000000,77450.00000000,0.82562000
2026-08-22T20:00:00+00:00,77409.50000000,77448.63000000,77274.10000000,77274.10000000,0.49571000
2026-08-22T21:00:00+00:00,77268.08000000,77268.08000000,76857.88000000,76875.96000000,1.90766000
2026-08-22T22:00:00+00:00,76847.79000000,77156.25000000,76792.10000000,76991.09000000,1.34737000
2026-08-22T23:00:00+00:00,77001.32000000,77136.77000000,76907.63000000,77082.81000000,0.22577000
2026-08-23T00:00:00+00:00,77096.45000000,77363.22000000,77054.89000000,77336.92000000,2.10356000
2026-08-23T01:00:00+00:00,77294.14000000,77407.82000000,77165.75000000,77205.47000000,1.30694000
2026-08-23T02:00:00+00:00,77197.17000000,77203.10000000,77047.21000000,77158.70000000,0.43641000
2026-08-23T03:00:00+00:00,77069.89000000,77120.73000000,76850.00000000,76920.02000000,1.18232000
2026-08-23T04:00:00+00:00,76919.94000000,77027.60000000,76500.01000000,76636.65000000,2.73518000
2026-08-23T05:00:00+00:00,76605.49000000,76723.57000000,75576.70000000,76100.22000000,8.92517000
2026-08-23T06:00:00+00:00,76059.97000000,76349.10000000,75887.40000000,76089.21000000,4.05899000
2026-08-23T07:00:00+00:00,76094.12000000,76336.69000000,75950.00000000,75979.70000000,0.70079000
2026-08-23T08:00:00+00:00,75998.67000000,76635.23000000,75956.21000000,76478.13000000,2.21709000
2026-08-23T09:00:00+00:00,76463.25000000,76644.48000000,76463.25000000,76557.56000000,3.75964000
2026-08-23T10:00:00+00:00,76544.50000000,76914.98000000,76544.50000000,76782.94000000,3.76233000
2026-08-23T11:00:00+00:00,76816.39000000,77384.24000000,76738.92000000,77314.34000000,2.63113000
2026-08-23T12:00:00+00:00,77307.87000000,77307.87000000,77015.96000000,77226.97000000,2.21688000
2026-08-23T13:00:00+00:00,77213.83000000,77762.22000000,77203.80000000,77476.47000000,5.33991000
2026-08-23T14:00:00+00:00,77490.97000000,77631.18000000,76789.82000000,77191.35000000,7.05673000
2026-08-23T15:00:00+00:00,77191.34000000,77320.80000000,76934.53000000,77163.47000000,1.52628000
2026-08-23T16:00:00+00:00,77190.73000000,77470.75000000,77190.73000000,77418.17000000,0.53528000
2026-08-23T17:00:00+00:00,77426.66000000,77439.39000000,77153.47000000,77184.36000000,2.65601000
2026-08-23T18:00:00+00:00,77179.39000000,77401.72000000,77110.86000000,77313.01000000,1.48955000
2026-08-23T19:00:00+00:00,77359.17000000,77477.38000000,77260.01000000,77359.22000000,0.75059000
2026-08-23T20:00:00+00:00,77319.92000000,77446.83000000,77196.28000000,77403.45000000,1.43328000
2026-08-23T21:00:00+00:00,77391.01000000,78039.02000000,77391.01000000,77826.81000000,12.43978000
2026-08-23T22:00:00+00:00,77850.00000000,77969.11000000,77570.98000000,77608.50000000,5.68911000
2026-08-23T23:00:00+00:00,77604.38000000,77819.41000000,77304.03000000,77727.00000000,4.20559000
2026-08-24T00:00:00+00:00,77746.17000000,77751.87000000,77164.14000000,77658.31000000,5.05634000
2026-08-24T01:00:00+00:00,77681.00000000,77709.75000000,76917.87000000,76917.88000000,3.73948000
2026-08-24T02:00:00+00:00,76955.78000000,77548.62000000,76875.15000000,77424.01000000,2.57926000
2026-08-24T03:00:00+00:00,77486.55000000,77537.49000000,76936.31000000,76940.09000000,1.82908000
2026-08-24T04:00:00+00:00,76932.61000000,77250.09000000,76684.89000000,76903.48000000,2.54503000
2026-08-24T05:00:00+00:00,76903.47000000,77228.12000000,76839.70000000,77150.19000000,1.11371000
2026-08-24T06:00:00+00:00,77160.02000000,77520.26000000,77066.27000000,77488.11000000,1.26210000
2026-08-24T07:00:00+00:00,77459.36000000,77789.89000000,77292.26000000,77292.26000000,1.61034000
2026-08-24T08:00:00+00:00,77310.09000000,77389.65000000,76838.23000000,77015.56000000,1.10665000
2026-08-24T09:00:00+00:00,77044.82000000,77586.08000000,77015.55000000,77546.09000000,1.40805000
2026-08-24T10:00:00+00:00,77535.83000000,78011.37000000,77534.09000000,77607.88000000,5.30638000
2026-08-24T11:00:00+00:00,77630.00000000,78602.47000000,77462.30000000,78456.37000000,12.33660000
2026-08-24T12:00:00+00:00,78415.42000000,79314.12000000,77972.10000000,79154.99000000,7.10732000
2026-08-24T13:00:00+00:00,79155.00000000,79399.72000000,77897.89000000,78584.25000000,10.26124000
2026-08-24T14:00:00+00:00,78632.89000000,79807.78000000,78595.92000000,79477.69000000,16.76474000
2026-08-24T15:00:00+00:00,79523.42000000,79975.00000000,78881.30000000,79091.26000000,10.18154000
2026-08-24T16:00:00+00:00,79094.31000000,79858.63000000,78907.94000000,79059.61000000,4.13559000
2026-08-24T17:00:00+00:00,79046.89000000,79193.86000000,78483.72000000,78768.74000000,10.82934000
2026-08-24T18:00:00+00:00,78778.45000000,79075.48000000,78733.87000000,78908.62000000,5.22376000
2026-08-24T19:00:00+00:00,78948.28000000,79114.27000000,78594.97000000,78723.62000000,5.14948000
2026-08-24T20:00:00+00:00,78765.90000000,78995.50000000,78571.93000000,78913.54000000,4.56466000
2026-08-24T21:00:00+00:00,78935.75000000,79045.97000000,78862.59000000,78986.74000000,3.48148000
2026-08-24T22:00:00+00:00,78926.91000000,78951.67000000,78730.38000000,78739.74000000,1.48569000
2026-08-24T23:00:00+00:00,78758.89000000,78999.99000000,78658.20000000,78979.64000000,1.41446000
2026-08-25T00:00:00+00:00,78980.57000000,79870.17000000,78736.72000000,79748.08000000,7.81027000
2026-08-25T01:00:00+00:00,79723.19000000,79986.98000000,79489.94000000,79795.67000000,3.61678000
2026-08-25T02:00:00+00:00,79829.27000000,81261.27000000,79736.95000000,80661.66000000,25.18195000
2026-08-25T03:00:00+00:00,80658.15000000,80955.19000000,80300.25000000,80498.99000000,8.96306000
2026-08-25T04:00:00+00:00,80489.15000000,80590.76000000,80149.59000000,80354.07000000,4.78860000
2026-08-25T05:00:00+00:00,80405.00000000,80819.95000000,80340.53000000,80733.79000000,19.78168000
2026-08-25T06:00:00+00:00,80718.30000000,80909.54000000,80428.32000000,80454.61000000,2.26842000
2026-08-25T07:00:00+00:00,80654.43000000,80796.17000000,79381.75000000,79731.89000000,4.85554000
2026-08-25T08:00:00+00:00,79704.64000000,80223.31000000,79646.61000000,79930.56000000,3.18265000
2026-08-25T09:00:00+00:00,79915.00000000,79936.23000000,78905.17000000,79172.17000000,11.93597000
2026-08-25T10:00:00+00:00,79189.91000000,79456.98000000,79020.54000000,79350.94000000,4.48200000
2026-08-25T11:00:00+00:00,79327.72000000,79449.21000000,79048.51000000,79104.56000000,0.39573000
2026-08-25T12:00:00+00:00,79135.27000000,79160.09000000,78630.66000000,78998.59000000,2.10034000
2026-08-25T13:00:00+00:00,78986.27000000,79205.52000000,78141.03000000,78633.25000000,4.10767000
2026-08-25T14:00:00+00:00,78619.69000000,79372.39000000,78531.75000000,79233.03000000,4.07997000
2026-08-25T15:00:00+00:00,79202.73000000,79500.00000000,79049.42000000,79500.00000000,14.48307000
2026-08-25T16:00:00+00:00,79482.62000000,79556.78000000,79060.97000000,79151.70000000,6.77900000
2026-08-25T17:00:00+00:00,79153.40000000,79249.64000000,78760.92000000,79249.64000000,4.78676000
2026-08-25T18:00:00+00:00,79215.83000000,79335.61000000,79081.64000000,79150.11000000,4.48212000
2026-08-25T19:00:00+00:00,79155.98000000,79224.24000000,78738.50000000,78934.68000000,1.70989000
2026-08-25T20:00:00+00:00,78928.34000000,78970.34000000,78179.84000000,78179.84000000,1.53802000
2026-08-25T21:00:00+00:00,78180.37000000,78652.90000000,77874.27000000,78589.58000000,10.12594000
2026-08-25T22:00:00+00:00,78575.81000000,78992.51000000,78575.81000000,78880.89000000,1.45627000
2026-08-25T23:00:00+00:00,78897.95000000,78967.43000000,78397.36000000,78572.17000000,2.46852000
2026-08-26T00:00:00+00:00,78562.19000000,78706.34000000,78307.95000000,78638.20000000,2.04610000
2026-08-26T01:00:00+00:00,78628.67000000,78951.76000000,78617.65000000,78769.73000000,0.90765000
2026-08-26T02:00:00+00:00,78825.31000000,79235.91000000,78747.50000000,79102.68000000,1.02896000
2026-08-26T03:00:00+00:00,79104.73000000,79181.90000000,78967.70000000,79085.26000000,0.57517000
2026-08-26T04:00:00+00:00,79079.64000000,79154.71000000,78803.94000000,78844.70000000,0.51036000
2026-08-26T05:00:00+00:00,78837.69000000,79115.43000000,78654.39000000,79002.14000000,0.45757000
2026-08-26T06:00:00+00:00,79131.50000000,79173.50000000,78813.07000000,78945.55000000,0.18830000
2026-08-26T07:00:00+00:00,78939.52000000,79082.95000000,78871.36000000,78920.17000000,0.12127000
2026-08-26T08:00:00+00:00,78915.87000000,79113.80000000,78601.94000000,78697.07000000,0.32665000
2026-08-26T09:00:00+00:00,78703.26000000,78878.34000000,78258.47000000,78438.84000000,4.63662000
2026-08-26T10:00:00+00:00,78386.77000000,78862.32000000,78307.65000000,78720.46000000,3.35348000
2026-08-26T11:00:00+00:00,78703.34000000,78751.16000000,78329.03000000,78482.46000000,3.26362000
2026-08-26T12:00:00+00:00,78516.67000000,78681.39000000,78000.00000000,78340.14000000,3.46358000
2026-08-26T13:00:00+00:00,78366.83000000,78535.88000000,77936.11000000,78446.07000000,1.66185000
2026-08-26T14:00:00+00:00,78440.82000000,78601.32000000,77786.38000000,77804.11000000,5.88004000
2026-08-26T15:00:00+00:00,77778.11000000,78146.13000000,77626.56000000,77985.33000000,9.60634000
2026-08-26T16:00:00+00:00,78012.25000000,78151.75000000,77876.97000000,77988.12000000,0.40950000
2026-08-26T17:00:00+00:00,77994.57000000,78602.88000000,77994.57000000,78434.14000000,1.93625000
2026-08-26T18:00:00+00:00,78418.81000000,78642.59000000,78289.97000000,78477.54000000,1.97269000
2026-08-26T19:00:00+00:00,78502.30000000,78564.78000000,78321.83000000,78462.47000000,0.64393000
2026-08-26T20:00:00+00:00,78484.34000000,78528.98000000,78194.12000000,78437.41000000,0.54049000
2026-08-26T21:00:00+00:00,78437.41000000,78829.68000000,78398.25000000,78733.70000000,1.96092000
2026-08-26T22:00:00+00:00,78720.19000000,78970.50000000,78570.59000000,78703.88000000,3.51050000
2026-08-26T23:00:00+00:00,78688.96000000,79151.14000000,78671.33000000,79033.17000000,2.49801000
2026-08-27T00:00:00+00:00,78980.28000000,79005.01000000,78702.52000000,78702.52000000,1.94878000
2026-08-27T01:00:00+00:00,78693.56000000,79008.23000000,78600.00000000,78896.89000000,0.61804000
2026-08-27T02:00:00+00:00,78910.70000000,78967.09000000,78709.86000000,78727.06000000,0.25310000
2026-08-27T03:00:00+00:00,78727.06000000,78977.05000000,78643.00000000,78822.67000000,2.49861000
2026-08-27T04:00:00+00:00,78842.22000000,78885.28000000,78692.84000000,78748.71000000,0.40108000
2026-08-27T05:00:00+00:00,78773.67000000,78921.26000000,78620.13000000,78884.85000000,0.27557000
2026-08-27T06:00:00+00:00,78895.71000000,78895.71000000,78618.10000000,78824.34000000,0.25570000
2026-08-27T07:00:00+00:00,78773.29000000,79081.36000000,78773.29000000,79053.19000000,1.14006000
2026-08-27T08:00:00+00:00,79104.71000000,80017.24000000,79045.23000000,79753.48000000,2.11495000
2026-08-27T09:00:00+00:00,79752.44000000,80500.00000000,79675.82000000,79966.10000000,2.22521000
2026-08-27T10:00:00+00:00,79934.55000000,80161.81000000,79374.39000000,79575.78000000,0.99944000
2026-08-27T11:00:00+00:00,79619.33000000,79754.81000000,79186.17000000,79476.50000000,2.45993000
2026-08-27T12:00:00+00:00,79515.75000000,79568.67000000,79265.10000000,79281.81000000,3.51095000
2026-08-27T13:00:00+00:00,79300.97000000,79551.70000000,78934.58000000,79534.49000000,1.73670000
2026-08-27T14:00:00+00:00,79533.03000000,80385.93000000,79367.45000000,80227.53000000,6.63790000
2026-08-27T15:00:00+00:00,80224.51000000,80781.72000000,80114.32000000,80309.90000000,3.77622000
2026-08-27T16:00:00+00:00,80348.52000000,80622.70000000,80207.39000000,80398.75000000,1.49630000
2026-08-27T17:00:00+00:00,80381.10000000,80814.57000000,80270.77000000,80474.44000000,3.97489000
2026-08-27T18:00:00+00:00,80438.08000000,80438.08000000,79800.00000000,80148.00000000,1.52140000
2026-08-27T19:00:00+00:00,80170.09000000,80298.58000000,79921.00000000,79921.00000000,1.53301000
2026-08-27T20:00:00+00:00,79929.35000000,80112.92000000,79900.00000000,80095.21000000,2.02314000
2026-08-27T21:00:00+00:00,80114.00000000,80208.06000000,79995.28000000,80193.77000000,0.84576000
2026-08-27T22:00:00+00:00,80236.42000000,80435.11000000,80166.07000000,80317.03000000,1.52331000
2026-08-27T23:00:00+00:00,80296.25000000,80403.19000000,80171.17000000,80253.37000000,1.55448000
2026-08-28T00:00:00+00:00,80272.15000000,80687.32000000,80160.61000000,80557.95000000,1.83364000
2026-08-28T01:00:00+00:00,80598.00000000,81439.52000000,80451.66000000,80493.03000000,3.61240000
2026-08-28T02:00:00+00:00,80493.41000000,80493.41000000,79764.12000000,79936.13000000,11.67830000
2026-08-28T03:00:00+00:00,79919.90000000,80037.20000000,79786.19000000,79829.70000000,0.34174000
2026-08-28T04:00:00+00:00,79834.93000000,79971.69000000,79611.06000000,79642.24000000,0.48711000
2026-08-28T05:00:00+00:00,79649.40000000,79878.27000000,79570.32000000,79686.78000000,0.29987000
2026-08-28T06:00:00+00:00,79689.08000000,80000.00000000,79689.08000000,79911.84000000,0.07017000
2026-08-28T07:00:00+00:00,79909.02000000,79909.02000000,79598.83000000,79653.00000000,1.26216000
2026-08-28T08:00:00+00:00,79664.41000000,79842.00000000,79500.00000000,79509.27000000,0.32127000
2026-08-28T09:00:00+00:00,79492.09000000,79492.09000000,79271.58000000,79291.35000000,3.29350000
2026-08-28T10:00:00+00:00,79300.59000000,79559.45000000,79030.49000000,79555.48000000,1.01651000
2026-08-28T11:00:00+00:00,79572.86000000,79749.24000000,79572.86000000,79593.43000000,0.11297000
2026-08-28T12:00:00+00:00,79584.55000000,79728.47000000,79303.63000000,79373.08000000,0.68476000
2026-08-28T13:00:00+00:00,79440.00000000,79537.28000000,79058.39000000,79383.25000000,3.14630000
2026-08-28T14:00:00+00:00,79302.73000000,79706.11000000,78425.29000000,79528.37000000,3.28673000
2026-08-28T15:00:00+00:00,79567.38000000,79821.99000000,78329.04000000,78356.83000000,4.11875000
2026-08-28T16:00:00+00:00,78329.03000000,78381.78000000,76900.01000000,77811.08000000,10.26649000
2026-08-28T17:00:00+00:00,77809.01000000,78112.86000000,77679.75000000,77883.54000000,3.20731000
2026-08-28T18:00:00+00:00,77934.49000000,77934.54000000,77274.97000000,77536.16000000,2.00687000
2026-08-28T19:00:00+00:00,77560.86000000,77779.76000000,77386.09000000,77554.49000000,1.59171000
2026-08-28T20:00:00+00:00,77537.07000000,77597.92000000,77321.00000000,77395.95000000,4.51259000
2026-08-28T21:00:00+00:00,77415.50000000,77524.03000000,77263.37000000,77280.41000000,0.44386000
2026-08-28T22:00:00+00:00,77369.97000000,77759.20000000,77348.57000000,77755.54000000,0.39683000
2026-08-28T23:00:00+00:00,77741.77000000,77828.90000000,77637.86000000,77828.90000000,0.63101000
2026-08-29T00:00:00+00:00,77816.12000000,77940.95000000,77730.18000000,77732.98000000,3.01136000
2026-08-29T01:00:00+00:00,77719.39000000,77849.34000000,77656.75000000,77802.43000000,0.36123000
2026-08-29T02:00:00+00:00,77799.86000000,77829.67000000,77580.76000000,77670.13000000,2.68304000
2026-08-29T03:00:00+00:00,77714.09000000,77721.45000000,77510.19000000,77510.19000000,0.57552000
2026-08-29T04:00:00+00:00,77511.54000000,77664.25000000,77511.54000000,77651.54000000,0.20479000
2026-08-29T05:00:00+00:00,77622.53000000,77713.65000000,77597.50000000,77633.74000000,0.41034000
2026-08-29T06:00:00+00:00,77637.61000000,77637.61000000,77378.80000000,77439.39000000,0.28930000
2026-08-29T07:00:00+00:00,77505.68000000,77665.00000000,77460.96000000,77651.55000000,0.12821000
2026-08-29T08:00:00+00:00,77622.87000000,77622.87000000,77489.71000000,77598.46000000,0.24889000
2026-08-29T09:00:00+00:00,77653.15000000,77706.51000000,77577.47000000,77672.81000000,0.13151000
2026-08-29T10:00:00+00:00,77544.27000000,77725.88000000,77534.27000000,77639.67000000,0.15327000
2026-08-29T11:00:00+00:00,77639.66000000,77727.53000000,77563.37000000,77584.53000000,0.12919000
2026-08-29T12:00:00+00:00,77587.91000000,77661.59000000,77511.12000000,77583.20000000,0.25571000
2026-08-29T13:00:00+00:00,77591.09000000,77704.57000000,77569.40000000,77704.23000000,0.26848000
2026-08-29T14:00:00+00:00,77696.24000000,78136.20000000,77664.89000000,77996.61000000,0.80764000
2026-08-29T15:00:00+00:00,77973.38000000,77973.38000000,77812.02000000,77832.10000000,0.59501000
2026-08-29T16:00:00+00:00,77888.07000000,78112.84000000,77871.17000000,78031.37000000,0.94956000
2026-08-29T17:00:00+00:00,78032.56000000,78102.48000000,77925.22000000,78094.91000000,1.11955000
2026-08-29T18:00:00+00:00,78095.47000000,78248.56000000,78027.09000000,78152.12000000,1.36567000
2026-08-29T19:00:00+00:00,78169.17000000,78329.02000000,78152.25000000,78166.16000000,1.40614000
2026-08-29T20:00:00+00:00,78185.60000000,78275.00000000,78116.42000000,78124.67000000,1.10061000
2026-08-29T21:00:00+00:00,78121.77000000,78183.19000000,78059.66000000,78161.64000000,0.77498000
2026-08-29T22:00:00+00:00,78173.32000000,78216.33000000,78085.85000000,78216.33000000,0.46554000
2026-08-29T23:00:00+00:00,78230.98000000,78270.49000000,78196.20000000,78243.96000000,0.64694000
2026-08-30T00:00:00+00:00,78226.74000000,78308.52000000,78152.69000000,78185.39000000,0.53967000
2026-08-30T01:00:00+00:00,78175.55000000,78175.55000000,77996.75000000,78084.15000000,0.45249000
2026-08-30T02:00:00+00:00,78086.73000000,78171.05000000,78014.99000000,78130.17000000,0.20453000
2026-08-30T03:00:00+00:00,78100.11000000,78208.41000000,78056.58000000,78143.19000000,0.38648000
2026-08-30T04:00:00+00:00,78143.19000000,78206.28000000,78000.00000000,78082.70000000,0.23973000
2026-08-30T05:00:00+00:00,78117.59000000,78225.35000000,78117.58000000,78134.47000000,0.17097000
2026-08-30T06:00:00+00:00,78118.18000000,78299.61000000,78114.05000000,78280.47000000,0.23099000
2026-08-30T07:00:00+00:00,78280.27000000,78280.27000000,78135.33000000,78156.45000000,0.24085000
2026-08-30T08:00:00+00:00,78112.31000000,78184.61000000,78040.90000000,78076.57000000,0.11018000
2026-08-30T09:00:00+00:00,78083.58000000,78085.87000000,78000.01000000,78013.38000000,0.19549000
2026-08-30T10:00:00+00:00,78000.01000000,78147.14000000,77969.35000000,78146.27000000,0.22565000
2026-08-30T11:00:00+00:00,78149.36000000,78231.45000000,78134.96000000,78161.73000000,1.11481000
2026-08-30T12:00:00+00:00,78177.38000000,78833.75000000,78177.38000000,78757.55000000,2.26743000
2026-08-30T13:00:00+00:00,78773.52000000,78955.43000000,78598.91000000,78869.49000000,2.85873000
2026-08-30T14:00:00+00:00,78869.36000000,78943.75000000,78725.50000000,78793.35000000,0.44878000
2026-08-30T15:00:00+00:00,78790.66000000,78897.47000000,78641.02000000,78824.88000000,1.40810000
2026-08-30T16:00:00+00:00,78845.15000000,79393.00000000,78756.60000000,79317.30000000,3.42908000
2026-08-30T17:00:00+00:00,79343.28000000,79343.28000000,78787.54000000,79004.53000000,1.31400000
2026-08-30T18:00:00+00:00,79021.98000000,79167.36000000,78802.89000000,79038.17000000,2.01891000
2026-08-30T19:00:00+00:00,79009.47000000,79034.41000000,78734.69000000,78858.48000000,2.37862000
2026-08-30T20:00:00+00:00,78860.00000000,78912.67000000,78451.24000000,78607.09000000,1.03987000
2026-08-30T21:00:00+00:00,78524.15000000,78715.96000000,78254.42000000,78633.74000000,0.98036000
2026-08-30T22:00:00+00:00,78649.40000000,78789.12000000,78305.14000000,78439.48000000,0.77094000
2026-08-30T23:00:00+00:00,78347.31000000,78418.24000000,77048.44000000,77697.33000000,5.13514000
2026-08-31T00:00:00+00:00,77697.33000000,78165.58000000,77420.60000000,77932.54000000,6.80966000
2026-08-31T01:00:00+00:00,77939.02000000,77983.75000000,77568.12000000,77642.25000000,1.42546000
2026-08-31T02:00:00+00:00,77612.16000000,77972.90000000,77405.32000000,77456.40000000,0.55906000
2026-08-31T03:00:00+00:00,77479.74000000,77820.59000000,77454.79000000,77817.12000000,0.68978000
2026-08-31T13:00:00+00:00,78598.25000000,78598.25000000,77610.44000000,77862.87000000,0.76345000
2026-08-31T14:00:00+00:00,77860.31000000,78645.14000000,77825.54000000,78600.47000000,0.48887000
2026-08-31T15:00:00+00:00,78589.02000000,78751.44000000,78236.02000000,78569.40000000,0.64045000
2026-08-31T16:00:00+00:00,78574.99000000,78857.19000000,78532.87000000,78642.36000000,0.71322000
2026-08-31T17:00:00+00:00,78643.60000000,78980.15000000,78534.98000000,78919.97000000,0.50320000
2026-08-31T18:00:00+00:00,78859.80000000,79174.88000000,78818.39000000,79020.56000000,1.69389000
2026-08-31T19:00:00+00:00,79066.15000000,79227.00000000,78862.03000000,78901.09000000,3.87754000
2026-08-31T20:00:00+00:00,78912.89000000,79168.51000000,78805.37000000,78863.15000000,1.10115000
2026-08-31T21:00:00+00:00,78866.56000000,79055.53000000,78755.39000000,78951.17000000,0.26873000
2026-08-31T22:00:00+00:00,78953.13000000,78995.30000000,78581.53000000,78601.20000000,0.64234000
2026-08-31T23:00:00+00:00,78561.03000000,78583.58000000,78414.13000000,78570.75000000,0.74350000
2026-09-01T00:00:00+00:00,78582.78000000,78873.07000000,78578.15000000,78629.63000000,0.57483000
2026-09-01T01:00:00+00:00,78655.86000000,78789.93000000,78408.61000000,78427.36000000,0.25266000
2026-09-01T02:00:00+00:00,78375.00000000,78459.31000000,78213.05000000,78438.05000000,0.58766000
2026-09-01T03:00:00+00:00,78454.80000000,78850.66000000,78404.71000000,78676.96000000,0.71737000
2026-09-01T04:00:00+00:00,78700.34000000,78895.32000000,78678.18000000,78692.10000000,0.20601000
2026-09-01T05:00:00+00:00,78744.54000000,79228.24000000,78744.54000000,79170.41000000,0.40462000
2026-09-01T06:00:00+00:00,79183.64000000,79183.64000000,78800.00000000,78800.00000000,0.32352000
2026-09-01T07:00:00+00:00,78757.98000000,78800.79000000,78497.55000000,78619.22000000,0.47782000
2026-09-01T08:00:00+00:00,78630.26000000,78630.27000000,77818.72000000,77876.13000000,0.44421000
2026-09-01T09:00:00+00:00,77876.97000000,78018.20000000,77801.18000000,77899.48000000,0.12581000
2026-09-01T10:00:00+00:00,77972.56000000,78161.52000000,77757.88000000,77994.96000000,0.24089000
2026-09-01T11:00:00+00:00,78010.35000000,78212.00000000,77899.45000000,78072.37000000,3.62390000
2026-09-01T12:00:00+00:00,78078.12000000,78151.00000000,77755.70000000,78047.45000000,1.93552000
2026-09-01T13:00:00+00:00,77997.78000000,78195.72000000,77532.68000000,78003.93000000,2.84464000
2026-09-01T14:00:00+00:00,78054.33000000,78433.38000000,78054.33000000,78156.98000000,2.10138000
2026-09-01T15:00:00+00:00,78153.15000000,78153.15000000,77741.59000000,77930.27000000,0.49899000
2026-09-01T16:00:00+00:00,77905.77000000,77952.62000000,77335.55000000,77600.09000000,3.95949000
2026-09-01T17:00:00+00:00,77577.82000000,77676.19000000,77268.32000000,77268.32000000,1.42663000
2026-09-01T18:00:00+00:00,77286.10000000,77303.58000000,76422.15000000,77143.54000000,8.48672000
2026-09-01T19:00:00+00:00,77145.65000000,77458.11000000,77141.21000000,77251.49000000,1.91849000
2026-09-01T20:00:00+00:00,77322.52000000,77464.24000000,77246.53000000,77463.94000000,0.44515000
2026-09-01T21:00:00+00:00,77457.51000000,77499.99000000,76927.39000000,77242.72000000,0.60495000
2026-09-01T22:00:00+00:00,77176.93000000,77335.33000000,77024.91000000,77276.91000000,0.46837000
2026-09-01T23:00:00+00:00,77240.04000000,77604.76000000,77232.97000000,77446.95000000,0.81194000
2026-09-02T00:00:00+00:00,77438.99000000,77511.55000000,77157.89000000,77205.10000000,0.11733000
2026-09-02T01:00:00+00:00,77215.70000000,77369.89000000,76737.64000000,77029.52000000,0.46059000
2026-09-02T02:00:00+00:00,77037.21000000,77318.83000000,76983.88000000,77254.27000000,0.55152000
2026-09-02T03:00:00+00:00,77323.90000000,77778.10000000,77323.90000000,77512.83000000,1.01093000
2026-09-02T04:00:00+00:00,77546.80000000,77604.39000000,77287.98000000,77565.87000000,0.25819000
2026-09-02T05:00:00+00:00,77486.19000000,77752.72000000,77441.44000000,77644.97000000,1.19826000
2026-09-02T06:00:00+00:00,77684.83000000,77720.66000000,77456.62000000,77529.58000000,0.75220000
2026-09-02T07:00:00+00:00,77627.17000000,77752.72000000,77475.39000000,77479.70000000,0.21774000
2026-09-02T08:00:00+00:00,77508.72000000,77531.62000000,76762.17000000,76862.59000000,1.62361000
2026-09-02T09:00:00+00:00,76866.17000000,77050.42000000,76500.01000000,76705.31000000,3.52772000
2026-09-02T10:00:00+00:00,76763.29000000,76772.37000000,76282.72000000,76601.96000000,0.95848000
2026-09-02T11:00:00+00:00,76696.57000000,76832.20000000,76427.63000000,76832.20000000,0.82311000
2026-09-02T12:00:00+00:00,76819.40000000,77034.93000000,76622.83000000,76622.83000000,0.36269000
2026-09-02T13:00:00+00:00,76654.51000000,77427.48000000,76624.32000000,77134.47000000,1.00326000
2026-09-02T14:00:00+00:00,77132.15000000,77475.16000000,77038.09000000,77063.38000000,0.40658000
2026-09-02T15:00:00+00:00,76996.40000000,77362.34000000,76745.46000000,77258.63000000,0.81711000
2026-09-02T16:00:00+00:00,77236.27000000,77568.12000000,77176.32000000,77176.32000000,0.71777000
2026-09-02T17:00:00+00:00,77232.13000000,77410.95000000,76984.69000000,77393.79000000,1.08111000
2026-09-02T18:00:00+00:00,77336.51000000,77500.00000000,77317.76000000,77341.90000000,1.42389000
2026-09-02T19:00:00+00:00,77377.25000000,77401.78000000,77142.38000000,77272.41000000,0.24001000
2026-09-02T20:00:00+00:00,77359.45000000,77500.00000000,77210.81000000,77407.53000000,0.37970000
2026-09-02T21:00:00+00:00,77322.71000000,77391.87000000,77242.52000000,77327.74000000,0.13546000
2026-09-02T22:00:00+00:00,77278.42000000,77278.42000000,77026.69000000,77050.16000000,3.10496000
2026-09-02T23:00:00+00:00,77050.16000000,77228.49000000,77031.08000000,77168.07000000,0.38514000
2026-09-03T00:00:00+00:00,77347.29000000,77375.00000000,76996.97000000,77095.56000000,0.67988000
2026-09-03T01:00:00+00:00,77074.89000000,77548.75000000,77000.45000000,77399.45000000,1.92968000
2026-09-03T02:00:00+00:00,77352.47000000,77880.25000000,77253.42000000,77800.32000000,4.06922000
2026-09-03T03:00:00+00:00,77822.63000000,77866.24000000,77648.95000000,77728.76000000,0.58008000
2026-09-03T04:00:00+00:00,77725.75000000,77811.53000000,77560.00000000,77765.83000000,0.41383000
2026-09-03T05:00:00+00:00,77774.32000000,77827.75000000,77111.03000000,77784.04000000,1.55582000
2026-09-03T06:00:00+00:00,77820.21000000,77826.83000000,77710.21000000,77807.78000000,2.39482000
2026-09-03T07:00:00+00:00,77826.88000000,78142.20000000,77604.56000000,77679.16000000,6.77343000
2026-09-03T08:00:00+00:00,77751.63000000,78059.71000000,77751.63000000,77818.24000000,4.85177000
2026-09-03T09:00:00+00:00,77811.30000000,77971.85000000,77642.70000000,77642.70000000,0.10004000
2026-09-03T10:00:00+00:00,77600.02000000,77745.72000000,77520.27000000,77726.78000000,0.96935000
2026-09-03T11:00:00+00:00,77741.61000000,77966.29000000,77695.68000000,77966.29000000,2.60189000
2026-09-03T12:00:00+00:00,77940.98000000,78766.97000000,77902.89000000,78666.79000000,2.84665000
2026-09-03T13:00:00+00:00,78670.00000000,78974.61000000,78479.09000000,78798.21000000,1.00198000
2026-09-03T14:00:00+00:00,78792.31000000,80523.71000000,78690.11000000,80523.71000000,4.37452000
2026-09-03T15:00:00+00:00,80550.00000000,81359.01000000,80375.89000000,81342.73000000,4.90053000
2026-09-03T16:00:00+00:00,81342.73000000,81342.73000000,80613.88000000,80976.00000000,7.65340000
2026-09-03T17:00:00+00:00,80954.22000000,81178.65000000,80908.49000000,81006.75000000,1.74024000
2026-09-03T18:00:00+00:00,81047.65000000,81323.86000000,80916.81000000,81248.33000000,1.42462000
2026-09-03T19:00:00+00:00,81230.00000000,81773.47000000,81198.28000000,81761.44000000,3.95313000
2026-09-03T20:00:00+00:00,81759.13000000,81770.40000000,81395.82000000,81451.00000000,4.19547000
2026-09-03T21:00:00+00:00,81451.00000000,82268.12000000,81321.46000000,81586.97000000,3.97373000
2026-09-03T22:00:00+00:00,81541.22000000,81559.90000000,80904.46000000,81123.07000000,8.52336000
2026-09-03T23:00:00+00:00,81123.07000000,81320.46000000,81079.86000000,81281.98000000,1.10452000
2026-09-04T00:00:00+00:00,81271.07000000,81422.96000000,80957.27000000,80960.00000000,2.23994000
2026-09-04T01:00:00+00:00,80959.99000000,81090.18000000,80764.18000000,81001.00000000,4.99435000
2026-09-04T02:00:00+00:00,80897.18000000,80904.89000000,80676.13000000,80789.09000000,1.77509000
2026-09-04T03:00:00+00:00,80826.65000000,80997.61000000,80805.16000000,80882.63000000,0.88119000
2026-09-04T04:00:00+00:00,80852.08000000,81276.26000000,80822.83000000,81097.58000000,0.62298000
2026-09-04T05:00:00+00:00,80992.59000000,81124.60000000,80867.22000000,80979.92000000,4.96922000
2026-09-04T06:00:00+00:00,80961.47000000,81084.10000000,80595.21000000,80771.59000000,0.89528000
2026-09-04T07:00:00+00:00,80815.80000000,80957.22000000,80695.69000000,80695.69000000,3.53996000
2026-09-04T08:00:00+00:00,80637.39000000,81222.99000000,80556.81000000,81135.16000000,1.73695000
2026-09-04T09:00:00+00:00,81135.17000000,81297.38000000,80963.64000000,81064.12000000,3.23238000
2026-09-04T10:00:00+00:00,81030.63000000,81164.60000000,80838.88000000,81164.60000000,2.24491000
2026-09-04T11:00:00+00:00,81188.27000000,81395.09000000,81083.19000000,81265.08000000,0.47084000
2026-09-04T12:00:00+00:00,81244.19000000,81344.70000000,79200.36000000,79476.73000000,13.68892000
2026-09-04T13:00:00+00:00,79425.69000000,79706.66000000,79004.05000000,79475.13000000,10.17218000
2026-09-04T14:00:00+00:00,79461.15000000,79539.77000000,78661.09000000,78955.58000000,11.12174000
2026-09-04T15:00:00+00:00,78917.59000000,79543.59000000,78840.97000000,79422.49000000,11.54765000
2026-09-04T16:00:00+00:00,79424.66000000,79850.00000000,79398.17000000,79749.91000000,3.13802000
2026-09-04T17:00:00+00:00,79740.45000000,79740.45000000,79438.06000000,79472.67000000,5.11248000
2026-09-04T18:00:00+00:00,79458.94000000,79647.94000000,79451.56000000,79605.15000000,3.57975000
2026-09-04T19:00:00+00:00,79723.91000000,79812.08000000,79642.44000000,79810.75000000,1.70266000
2026-09-04T20:00:00+00:00,79779.37000000,79850.00000000,79699.18000000,79699.18000000,0.32386000
2026-09-04T21:00:00+00:00,79736.99000000,79807.11000000,79551.44000000,79629.49000000,0.12159000
2026-09-04T22:00:00+00:00,79658.45000000,79714.95000000,79625.15000000,79630.77000000,0.09688000
2026-09-04T23:00:00+00:00,79621.00000000,79747.47000000,79611.72000000,79665.33000000,0.06941000
2026-09-05T00:00:00+00:00,79664.23000000,79717.00000000,79547.44000000,79562.78000000,0.09741000
2026-09-05T01:00:00+00:00,79582.58000000,79702.30000000,79530.02000000,79536.54000000,0.27285000
2026-09-05T02:00:00+00:00,79530.54000000,79614.92000000,79475.17000000,79565.20000000,0.15667000
2026-09-05T03:00:00+00:00,79565.20000000,79627.09000000,79500.75000000,79597.62000000,1.21412000
2026-09-05T04:00:00+00:00,79585.75000000,79591.23000000,79490.29000000,79503.11000000,0.26569000
2026-09-05T05:00:00+00:00,79503.10000000,79604.23000000,79450.08000000,79578.35000000,0.13074000
2026-09-05T06:00:00+00:00,79566.88000000,79722.95000000,79564.90000000,79668.68000000,1.13242000
2026-09-05T07:00:00+00:00,79643.39000000,79768.67000000,79643.39000000,79748.31000000,0.09911000
2026-09-05T08:00:00+00:00,79683.84000000,79731.20000000,79563.49000000,79653.58000000,0.06762000
2026-09-05T09:00:00+00:00,79695.73000000,79744.05000000,79610.81000000,79615.47000000,0.18109000
2026-09-05T10:00:00+00:00,79641.63000000,79670.10000000,79585.13000000,79651.11000000,0.05845000
2026-09-05T11:00:00+00:00,79612.37000000,79679.77000000,79607.62000000,79643.43000000,0.04012000
2026-09-05T12:00:00+00:00,79597.32000000,79776.94000000,79597.32000000,79716.15000000,1.10374000
2026-09-05T13:00:00+00:00,79704.13000000,79767.87000000,79567.05000000,79626.72000000,0.32866000
2026-09-05T14:00:00+00:00,79635.40000000,79751.11000000,79635.40000000,79737.90000000,0.20405000
2026-09-05T15:00:00+00:00,79727.85000000,79814.55000000,79685.10000000,79810.61000000,0.43287000
2026-09-05T16:00:00+00:00,79793.09000000,80207.28000000,79746.17000000,80008.90000000,4.22486000
2026-09-05T17:00:00+00:00,80059.47000000,80162.98000000,79974.55000000,80051.19000000,4.42561000
2026-09-05T18:00:00+00:00,80084.84000000,80090.10000000,79932.15000000,79999.44000000,0.26607000
2026-09-05T19:00:00+00:00,79999.43000000,79999.43000000,79742.17000000,79756.17000000,0.41701000
2026-09-05T20:00:00+00:00,79805.64000000,79833.31000000,79696.93000000,79755.20000000,2.60236000
2026-09-05T21:00:00+00:00,79752.05000000,79915.82000000,79726.68000000,79915.82000000,0.09968000
2026-09-05T22:00:00+00:00,79937.11000000,79945.00000000,79753.34000000,79753.36000000,0.28301000
2026-09-05T23:00:00+00:00,79785.24000000,79910.22000000,79740.78000000,79815.88000000,0.21261000
2026-09-06T00:00:00+00:00,79822.99000000,79930.71000000,79822.99000000,79930.71000000,0.14551000
2026-09-06T01:00:00+00:00,79923.37000000,80043.93000000,79897.31000000,79946.16000000,3.53667000
2026-09-06T02:00:00+00:00,79964.40000000,80003.58000000,79875.11000000,79888.83000000,0.08542000
2026-09-06T03:00:00+00:00,79903.74000000,80103.50000000,79891.87000000,80035.94000000,2.39376000
2026-09-06T04:00:00+00:00,80024.00000000,80024.40000000,79861.02000000,79868.88000000,0.33336000
2026-09-06T05:00:00+00:00,79894.35000000,80103.50000000,79786.61000000,79956.65000000,0.33228000
2026-09-06T06:00:00+00:00,79980.47000000,79981.55000000,79726.21000000,79759.17000000,0.81190000
2026-09-06T07:00:00+00:00,79794.19000000,79851.77000000,79578.23000000,79823.30000000,0.23450000
2026-09-06T08:00:00+00:00,79803.41000000,79892.07000000,79764.63000000,79852.04000000,0.04710000
2026-09-06T09:00:00+00:00,79854.76000000,80005.25000000,79815.17000000,79868.48000000,0.40672000
2026-09-06T10:00:00+00:00,79906.64000000,80020.73000000,79903.89000000,79994.18000000,0.11096000
2026-09-06T11:00:00+00:00,80018.31000000,80018.31000000,79884.49000000,79914.40000000,0.25706000
2026-09-06T12:00:00+00:00,79914.40000000,79989.86000000,79857.26000000,79942.61000000,0.58948000
2026-09-06T13:00:00+00:00,79876.04000000,79968.59000000,79788.09000000,79810.65000000,2.64754000
2026-09-06T14:00:00+00:00,79831.90000000,79837.80000000,79269.84000000,79599.24000000,2.09778000
2026-09-06T15:00:00+00:00,79552.36000000,79722.90000000,79414.39000000,79722.90000000,2.44921000
2026-09-06T16:00:00+00:00,79710.83000000,79785.69000000,79609.30000000,79720.66000000,0.21720000
2026-09-06T17:00:00+00:00,79673.39000000,79768.07000000,79596.91000000,79745.26000000,0.20930000
2026-09-06T18:00:00+00:00,79785.36000000,79970.55000000,79785.36000000,79954.82000000,0.25423000
2026-09-06T19:00:00+00:00,79952.37000000,79952.37000000,79809.78000000,79811.56000000,0.42079000
2026-09-06T20:00:00+00:00,79827.62000000,79953.10000000,79784.92000000,79905.78000000,0.81054000
2026-09-06T21:00:00+00:00,79966.83000000,80015.71000000,79898.37000000,79951.32000000,0.91563000
2026-09-06T22:00:00+00:00,79917.68000000,80072.09000000,79668.98000000,80017.84000000,2.61939000
2026-09-06T23:00:00+00:00,80019.32000000,80534.51000000,80003.89000000,80345.07000000,6.84277000
2026-09-07T00:00:00+00:00,80349.80000000,80427.95000000,80091.18000000,80159.24000000,0.65097000
2026-09-07T01:00:00+00:00,80150.38000000,80245.77000000,79854.33000000,79947.24000000,7.27927000
2026-09-07T02:00:00+00:00,79928.11000000,80430.92000000,79801.41000000,79884.40000000,5.41614000
2026-09-07T03:00:00+00:00,79856.82000000,79980.25000000,79579.10000000,79645.80000000,6.81002000
2026-09-07T04:00:00+00:00,79606.92000000,79715.97000000,79557.56000000,79685.20000000,0.89568000
2026-09-07T05:00:00+00:00,79714.70000000,79929.95000000,79670.55000000,79773.87000000,2.36197000
2026-09-07T06:00:00+00:00,79756.81000000,79817.84000000,79648.06000000,79672.47000000,0.10057000
2026-09-07T07:00:00+00:00,79652.20000000,79673.68000000,79016.91000000,79396.52000000,4.75202000
2026-09-07T08:00:00+00:00,79401.72000000,79528.57000000,79401.71000000,79434.54000000,6.58263000
2026-09-07T09:00:00+00:00,79439.44000000,79534.77000000,79380.10000000,79412.72000000,0.43899000
2026-09-07T10:00:00+00:00,79330.40000000,79423.58000000,79330.40000000,79357.62000000,0.32969000
2026-09-07T11:00:00+00:00,79382.85000000,79464.65000000,79307.00000000,79402.53000000,0.06476000
2026-09-07T12:00:00+00:00,79417.05000000,79606.03000000,79410.59000000,79605.66000000,0.27486000
2026-09-07T13:00:00+00:00,79606.20000000,79638.18000000,79327.88000000,79369.61000000,4.38609000
2026-09-07T14:00:00+00:00,79338.55000000,79400.68000000,78972.55000000,79194.92000000,1.41338000
2026-09-07T15:00:00+00:00,79186.34000000,79186.34000000,78697.51000000,78854.03000000,5.06255000
2026-09-07T16:00:00+00:00,78835.89000000,79019.35000000,78820.45000000,78989.68000000,3.29789000
2026-09-07T17:00:00+00:00,79032.26000000,79196.40000000,79020.61000000,79182.12000000,2.77944000
2026-09-07T18:00:00+00:00,79209.36000000,79232.75000000,79094.98000000,79207.53000000,2.22523000
2026-09-07T19:00:00+00:00,79188.57000000,79404.11000000,79162.13000000,79356.43000000,0.63100000
2026-09-07T20:00:00+00:00,79357.37000000,79398.97000000,79171.04000000,79230.27000000,2.56725000
2026-09-07T21:00:00+00:00,79258.93000000,79262.37000000,79180.00000000,79180.00000000,0.27697000
2026-09-07T22:00:00+00:00,79180.00000000,79221.44000000,78813.80000000,78954.90000000,2.49521000
2026-09-07T23:00:00+00:00,78967.48000000,79183.66000000,78967.48000000,79123.21000000,2.62293000
2026-09-08T00:00:00+00:00,79107.56000000,79315.30000000,78984.26000000,79311.09000000,4.73082000
2026-09-08T01:00:00+00:00,79296.70000000,79459.11000000,79275.90000000,79403.38000000,0.72410000
2026-09-08T02:00:00+00:00,79413.71000000,79469.72000000,79004.47000000,79007.68000000,2.50464000
2026-09-08T03:00:00+00:00,78943.78000000,78997.86000000,78744.85000000,78915.84000000,2.44099000
2026-09-08T04:00:00+00:00,78919.07000000,78921.88000000,78704.90000000,78704.90000000,2.30477000
2026-09-08T05:00:00+00:00,78697.51000000,78874.14000000,78568.87000000,78606.04000000,3.20623000
2026-09-08T06:00:00+00:00,78570.06000000,78618.99000000,78304.82000000,78319.78000000,0.47317000
2026-09-08T07:00:00+00:00,78333.03000000,78592.57000000,78219.89000000,78458.10000000,0.29915000
2026-09-08T08:00:00+00:00,78472.17000000,78548.56000000,78295.02000000,78433.87000000,0.14195000
2026-09-08T09:00:00+00:00,78418.84000000,78782.74000000,78340.25000000,78752.38000000,4.65263000
2026-09-08T10:00:00+00:00,78752.38000000,78989.51000000,78628.51000000,78628.51000000,6.49735000
2026-09-08T11:00:00+00:00,78561.68000000,78561.68000000,78300.28000000,78421.34000000,0.41279000
2026-09-08T12:00:00+00:00,78333.67000000,78460.17000000,78228.25000000,78405.16000000,0.19004000
2026-09-08T13:00:00+00:00,78507.69000000,78542.56000000,77663.14000000,77938.01000000,1.71732000
2026-09-08T14:00:00+00:00,78015.95000000,78603.81000000,77899.52000000,78521.38000000,3.48004000
2026-09-08T15:00:00+00:00,78546.01000000,78881.30000000,78459.22000000,78879.89000000,4.19522000
2026-09-08T16:00:00+00:00,78887.71000000,78955.67000000,78632.60000000,78735.45000000,3.38132000
2026-09-08T17:00:00+00:00,78749.80000000,78850.00000000,78551.64000000,78567.33000000,2.09869000
2026-09-08T18:00:00+00:00,78504.36000000,78771.14000000,78303.80000000,78407.83000000,5.02732000
2026-09-08T19:00:00+00:00,78449.96000000,78528.84000000,78332.62000000,78421.79000000,0.38165000
2026-09-08T20:00:00+00:00,78450.28000000,78628.64000000,78423.55000000,78499.98000000,5.46882000
2026-09-08T21:00:00+00:00,78493.13000000,78596.87000000,78403.63000000,78459.20000000,1.81450000
2026-09-08T22:00:00+00:00,78531.24000000,78644.08000000,78472.36000000,78554.69000000,1.22322000
2026-09-08T23:00:00+00:00,78561.20000000,78571.36000000,78421.38000000,78421.38000000,0.20030000
2026-09-09T00:00:00+00:00,78459.40000000,78782.89000000,78459.40000000,78759.06000000,2.25615000
2026-09-09T01:00:00+00:00,78777.84000000,78880.00000000,78663.57000000,78849.26000000,0.71568000
2026-09-09T02:00:00+00:00,78880.00000000,78925.70000000,78689.81000000,78727.53000000,2.47154000
2026-09-09T03:00:00+00:00,78719.73000000,78724.10000000,78553.54000000,78655.44000000,2.11137000
2026-09-09T04:00:00+00:00,78647.91000000,79194.56000000,78647.91000000,79168.47000000,6.12697000
2026-09-09T05:00:00+00:00,79134.64000000,79353.40000000,78850.01000000,78925.53000000,12.37640000
2026-09-09T06:00:00+00:00,78941.83000000,79287.77000000,78866.45000000,79165.33000000,0.28743000
2026-09-09T07:00:00+00:00,79148.42000000,79381.83000000,79148.42000000,79281.53000000,0.30651000
2026-09-09T08:00:00+00:00,79261.04000000,79741.66000000,79261.04000000,79673.79000000,1.99001000
2026-09-09T09:00:00+00:00,79658.48000000,79658.48000000,78922.54000000,78939.70000000,2.52786000
2026-09-09T10:00:00+00:00,79019.67000000,79178.58000000,78884.69000000,78895.75000000,0.09897000
2026-09-09T11:00:00+00:00,78939.89000000,79358.25000000,78755.38000000,79341.50000000,0.48768000
2026-09-09T12:00:00+00:00,79345.47000000,79652.65000000,79295.80000000,79583.79000000,0.73090000
2026-09-09T13:00:00+00:00,79601.56000000,79665.36000000,79126.55000000,79134.33000000,0.42758000
2026-09-09T14:00:00+00:00,79135.72000000,79381.83000000,78913.38000000,78922.45000000,9.14320000
2026-09-09T15:00:00+00:00,79051.88000000,79367.25000000,78105.79000000,78616.91000000,11.63155000
2026-09-09T16:00:00+00:00,78589.49000000,78895.06000000,78456.67000000,78802.11000000,0.38865000
2026-09-09T17:00:00+00:00,78791.63000000,78899.45000000,78677.95000000,78799.03000000,0.25361000
2026-09-09T18:00:00+00:00,78774.03000000,78774.03000000,78408.85000000,78408.85000000,0.14525000
2026-09-09T19:00:00+00:00,78415.42000000,78544.50000000,78151.51000000,78222.99000000,3.07657000
2026-09-09T20:00:00+00:00,78226.29000000,78337.47000000,77963.87000000,78296.50000000,0.45924000
2026-09-09T21:00:00+00:00,78303.15000000,78314.86000000,78023.28000000,78137.88000000,6.68850000
2026-09-09T22:00:00+00:00,78165.96000000,78165.96000000,77786.38000000,77920.18000000,4.45822000
2026-09-09T23:00:00+00:00,77969.88000000,78311.73000000,77969.88000000,78303.05000000,0.93340000
2026-09-10T00:00:00+00:00,78307.69000000,78359.63000000,78111.57000000,78185.46000000,0.68980000
2026-09-10T01:00:00+00:00,78185.46000000,78503.73000000,77956.87000000,78117.71000000,0.95913000
2026-09-10T02:00:00+00:00,78064.37000000,78357.55000000,77977.88000000,78341.85000000,1.21837000
2026-09-10T03:00:00+00:00,78357.56000000,78500.05000000,78282.13000000,78329.57000000,0.76574000
2026-09-10T04:00:00+00:00,78327.58000000,78435.69000000,78300.75000000,78395.42000000,1.40208000
2026-09-10T05:00:00+00:00,78362.33000000,78554.45000000,78274.46000000,78512.79000000,0.36030000
2026-09-10T06:00:00+00:00,78525.27000000,78525.27000000,78178.93000000,78431.25000000,0.08245000
2026-09-10T07:00:00+00:00,78374.44000000,78374.44000000,77949.74000000,78114.42000000,1.39108000
2026-09-10T08:00:00+00:00,78137.73000000,78170.71000000,78041.63000000,78095.78000000,0.03803000
2026-09-10T09:00:00+00:00,78112.90000000,78217.86000000,77942.25000000,77994.00000000,0.01249000
2026-09-10T10:00:00+00:00,77966.25000000,78033.73000000,77863.79000000,77863.79000000,0.47305000
2026-09-10T11:00:00+00:00,77832.12000000,78043.76000000,77726.00000000,77882.31000000,1.12006000
2026-09-10T12:00:00+00:00,77866.57000000,77941.37000000,76724.68000000,76849.98000000,12.21466000
2026-09-10T13:00:00+00:00,76928.55000000,77214.85000000,76783.21000000,77202.91000000,2.59284000
2026-09-10T14:00:00+00:00,77251.39000000,77425.84000000,76955.49000000,77401.09000000,0.75810000
2026-09-10T15:00:00+00:00,77377.98000000,77416.79000000,77093.24000000,77241.35000000,0.43936000
2026-09-10T16:00:00+00:00,77245.77000000,77304.61000000,76804.96000000,77149.67000000,2.20530000
2026-09-10T17:00:00+00:00,77172.68000000,77534.98000000,77138.76000000,77377.35000000,0.44974000
2026-09-10T18:00:00+00:00,77273.29000000,77273.29000000,77000.01000000,77232.06000000,5.91083000
2026-09-10T19:00:00+00:00,77263.57000000,77295.26000000,77078.10000000,77140.32000000,1.16513000
2026-09-10T20:00:00+00:00,77167.83000000,77343.22000000,77128.92000000,77255.30000000,0.26236000
2026-09-10T21:00:00+00:00,77272.35000000,77289.70000000,77133.22000000,77133.22000000,0.42415000
2026-09-10T22:00:00+00:00,77109.27000000,77208.45000000,76838.25000000,76838.25000000,0.21776000
2026-09-10T23:00:00+00:00,76870.34000000,76877.14000000,76500.00000000,76634.78000000,1.52982000
2026-09-11T00:00:00+00:00,76606.27000000,76929.21000000,76578.49000000,76919.47000000,4.52899000
2026-09-11T01:00:00+00:00,76919.46000000,77008.56000000,76677.24000000,76974.43000000,1.56590000
2026-09-11T02:00:00+00:00,76966.73000000,76995.95000000,76772.18000000,76845.56000000,0.77301000
2026-09-11T03:00:00+00:00,76844.88000000,76900.01000000,76711.44000000,76886.46000000,2.42772000
2026-09-11T04:00:00+00:00,76911.58000000,77176.73000000,76905.87000000,77118.36000000,0.14827000
2026-09-11T05:00:00+00:00,77098.32000000,77209.59000000,77067.54000000,77205.36000000,0.12733000
2026-09-11T06:00:00+00:00,77235.79000000,77402.70000000,77235.79000000,77293.45000000,0.25110000
2026-09-11T07:00:00+00:00,77299.38000000,77390.03000000,77219.67000000,77236.03000000,0.73917000
2026-09-11T08:00:00+00:00,77227.96000000,77475.17000000,77145.05000000,77411.73000000,0.27824000
2026-09-11T09:00:00+00:00,77367.86000000,77367.86000000,76888.67000000,77024.89000000,0.24237000
2026-09-11T10:00:00+00:00,77043.01000000,77172.97000000,76959.65000000,77025.23000000,0.10640000
2026-09-11T11:00:00+00:00,76961.46000000,76988.08000000,76776.60000000,76988.08000000,0.11962000
2026-09-11T12:00:00+00:00,77056.96000000,78137.01000000,76043.15000000,78010.41000000,6.15212000
2026-09-11T13:00:00+00:00,77967.89000000,79328.12000000,77267.68000000,79221.61000000,4.65266000
2026-09-11T14:00:00+00:00,79200.00000000,79867.43000000,78514.69000000,78822.68000000,7.24053000
2026-09-11T15:00:00+00:00,78821.00000000,78830.08000000,77345.22000000,77658.19000000,1.91603000
2026-09-11T16:00:00+00:00,77699.66000000,78056.98000000,77407.70000000,77843.48000000,0.40387000
2026-09-11T17:00:00+00:00,77927.23000000,77962.44000000,77500.60000000,77580.62000000,4.46789000
2026-09-11T18:00:00+00:00,77509.47000000,77509.47000000,76892.56000000,77001.93000000,2.34351000
2026-09-11T19:00:00+00:00,77036.99000000,77387.09000000,77018.04000000,77333.80000000,9.03125000
2026-09-11T20:00:00+00:00,77313.70000000,77479.34000000,77220.53000000,77319.40000000,17.42004000
2026-09-11T21:00:00+00:00,77343.12000000,77431.30000000,77089.47000000,77095.42000000,0.25547000
2026-09-11T22:00:00+00:00,77113.79000000,77233.57000000,76979.16000000,77136.83000000,1.11411000
2026-09-11T23:00:00+00:00,77134.93000000,77210.56000000,77121.81000000,77205.00000000,0.15969000
2026-09-12T00:00:00+00:00,77205.00000000,77323.70000000,77205.00000000,77297.90000000,0.84448000
2026-09-12T01:00:00+00:00,77265.22000000,77377.66000000,77265.22000000,77286.27000000,0.16965000
2026-09-12T02:00:00+00:00,77278.94000000,77324.59000000,77219.75000000,77314.06000000,0.21447000
2026-09-12T03:00:00+00:00,77279.82000000,77336.83000000,77237.68000000,77274.34000000,1.18190000
2026-09-12T04:00:00+00:00,77276.96000000,77316.48000000,77236.91000000,77236.91000000,0.79772000
2026-09-12T05:00:00+00:00,77223.78000000,77264.61000000,77191.81000000,77244.32000000,0.24997000
2026-09-12T06:00:00+00:00,77231.53000000,77352.46000000,77212.39000000,77317.24000000,0.04197000
2026-09-12T07:00:00+00:00,77300.51000000,77346.14000000,77284.66000000,77284.66000000,0.03893000
2026-09-12T08:00:00+00:00,77282.29000000,77375.76000000,77275.20000000,77345.03000000,0.01790000
2026-09-12T09:00:00+00:00,77373.35000000,77384.85000000,77346.58000000,77346.58000000,0.03065000
2026-09-12T10:00:00+00:00,77355.52000000,77402.95000000,77325.63000000,77340.27000000,0.06037000
2026-09-12T11:00:00+00:00,77346.98000000,77360.28000000,77299.29000000,77360.28000000,0.08556000
2026-09-12T12:00:00+00:00,77360.28000000,77364.95000000,77288.10000000,77341.80000000,1.14872000
2026-09-12T13:00:00+00:00,77341.80000000,77400.00000000,77264.20000000,77335.79000000,0.30933000
2026-09-12T14:00:00+00:00,77366.00000000,77486.77000000,77366.00000000,77464.17000000,1.30227000
2026-09-12T15:00:00+00:00,77464.18000000,77495.98000000,77376.70000000,77378.55000000,0.55344000
2026-09-12T16:00:00+00:00,77383.18000000,77413.40000000,77340.60000000,77346.07000000,0.12697000
2026-09-12T17:00:00+00:00,77368.40000000,77392.34000000,77193.12000000,77218.53000000,0.25499000
2026-09-12T18:00:00+00:00,77218.52000000,77218.52000000,77151.82000000,77158.03000000,0.57195000
2026-09-12T19:00:00+00:00,77149.59000000,77192.07000000,77075.25000000,77153.24000000,0.16456000
2026-09-12T20:00:00+00:00,77129.57000000,77199.38000000,77129.57000000,77167.41000000,0.10121000
2026-09-12T21:00:00+00:00,77171.26000000,77266.30000000,77158.83000000,77245.71000000,0.12901000
2026-09-12T22:00:00+00:00,77222.30000000,77299.71000000,77189.69000000,77239.66000000,0.14293000
2026-09-12T23:00:00+00:00,77229.56000000,77291.75000000,77226.21000000,77284.74000000,0.05584000
2026-09-13T00:00:00+00:00,77277.15000000,77284.20000000,77179.55000000,77276.98000000,0.03493000
2026-09-13T01:00:00+00:00,77276.98000000,77342.22000000,77242.09000000,77304.74000000,1.22066000
2026-09-13T02:00:00+00:00,77319.28000000,77319.28000000,77239.56000000,77296.31000000,0.22611000
2026-09-13T03:00:00+00:00,77274.25000000,77303.64000000,77199.31000000,77216.70000000,0.05203000
2026-09-13T04:00:00+00:00,77194.79000000,77262.00000000,77194.79000000,77205.66000000,0.14126000
2026-09-13T05:00:00+00:00,77204.15000000,77323.06000000,77204.15000000,77323.06000000,0.02612000
2026-09-13T06:00:00+00:00,77321.11000000,77321.16000000,77092.02000000,77092.02000000,0.01767000
2026-09-13T07:00:00+00:00,77149.52000000,77178.24000000,77093.67000000,77105.57000000,0.28534000
2026-09-13T08:00:00+00:00,77132.31000000,77151.30000000,76776.60000000,76842.07000000,0.38444000
2026-09-13T09:00:00+00:00,76812.44000000,76889.46000000,76624.98000000,76771.02000000,0.17275000
2026-09-13T10:00:00+00:00,76814.92000000,76815.59000000,76660.73000000,76660.94000000,0.01295000
2026-09-13T11:00:00+00:00,76671.86000000,76814.76000000,76533.18000000,76805.70000000,1.65361000
2026-09-13T12:00:00+00:00,76789.26000000,76853.25000000,76695.11000000,76740.26000000,0.03911000
2026-09-13T13:00:00+00:00,76767.57000000,76905.06000000,76586.59000000,76864.16000000,0.10435000
2026-09-13T14:00:00+00:00,76851.26000000,77252.67000000,76851.26000000,77179.74000000,0.11494000
2026-09-13T15:00:00+00:00,77179.99000000,77206.29000000,77030.24000000,77119.74000000,0.04731000
2026-09-13T16:00:00+00:00,77130.98000000,77373.14000000,77130.98000000,77289.74000000,0.31716000
2026-09-13T17:00:00+00:00,77290.62000000,77408.88000000,77249.57000000,77355.80000000,0.37601000
2026-09-13T18:00:00+00:00,77322.67000000,77393.71000000,77319.63000000,77345.37000000,0.24178000
2026-09-13T19:00:00+00:00,77353.57000000,77392.80000000,77230.18000000,77278.17000000,0.12647000
2026-09-13T20:00:00+00:00,77294.19000000,77364.09000000,77258.12000000,77344.82000000,0.07791000
2026-09-13T21:00:00+00:00,77337.70000000,77453.40000000,77311.31000000,77316.44000000,0.32054000
2026-09-13T22:00:00+00:00,77289.40000000,77294.86000000,76674.20000000,76715.08000000,3.28105000
2026-09-13T23:00:00+00:00,76742.53000000,76856.90000000,76638.76000000,76827.78000000,0.57814000
2026-09-14T00:00:00+00:00,76868.68000000,77037.81000000,76398.93000000,76817.85000000,1.21502000
2026-09-14T01:00:00+00:00,76833.80000000,77172.35000000,76665.38000000,77172.35000000,0.28985000
2026-09-14T02:00:00+00:00,77101.50000000,77703.74000000,77015.44000000,77567.24000000,1.12234000
2026-09-14T03:00:00+00:00,77615.82000000,77861.58000000,77534.21000000,77549.87000000,0.43371000
2026-09-14T04:00:00+00:00,77574.55000000,77697.23000000,77522.02000000,77681.07000000,0.48614000
2026-09-14T05:00:00+00:00,77692.82000000,77692.82000000,77501.97000000,77583.10000000,0.07094000
2026-09-14T06:00:00+00:00,77608.35000000,77854.30000000,77388.80000000,77630.31000000,0.16519000
2026-09-14T07:00:00+00:00,77559.83000000,77876.53000000,77559.83000000,77844.61000000,0.63417000
2026-09-14T08:00:00+00:00,77875.45000000,77963.87000000,77686.03000000,77709.78000000,0.26226000
2026-09-14T09:00:00+00:00,77756.44000000,78348.08000000,77599.45000000,78245.55000000,1.55069000
2026-09-14T10:00:00+00:00,78137.95000000,78137.95000000,77902.51000000,77946.78000000,0.25321000
2026-09-14T11:00:00+00:00,77882.38000000,77927.19000000,77700.37000000,77752.24000000,0.03988000
2026-09-14T12:00:00+00:00,77729.62000000,78059.89000000,77623.08000000,77672.69000000,0.44274000
2026-09-14T13:00:00+00:00,77685.42000000,78469.02000000,77500.00000000,78112.04000000,1.09978000
2026-09-14T14:00:00+00:00,78248.88000000,78694.04000000,78241.67000000,78531.27000000,0.87495000
2026-09-14T15:00:00+00:00,78444.25000000,78673.98000000,78309.55000000,78612.16000000,1.03131000
2026-09-14T16:00:00+00:00,78591.72000000,78875.00000000,78462.36000000,78772.30000000,1.60637000
2026-09-14T17:00:00+00:00,78772.30000000,79039.50000000,78720.11000000,78914.28000000,1.61486000
2026-09-14T18:00:00+00:00,78927.34000000,79322.47000000,78845.80000000,79231.13000000,1.86606000
2026-09-14T19:00:00+00:00,79175.46000000,79213.31000000,78964.70000000,78985.35000000,0.68815000
2026-09-14T20:00:00+00:00,79005.24000000,79593.91000000,78985.46000000,79102.21000000,0.77082000
2026-09-14T21:00:00+00:00,79116.06000000,79116.06000000,78770.58000000,78775.17000000,0.37437000
2026-09-14T22:00:00+00:00,78777.50000000,78861.83000000,78510.48000000,78557.22000000,0.23820000
2026-09-14T23:00:00+00:00,78577.49000000,78577.49000000,78133.89000000,78171.49000000,0.42091000
2026-09-15T00:00:00+00:00,78218.69000000,78218.69000000,77947.27000000,77959.37000000,0.37809000
2026-09-15T01:00:00+00:00,77955.26000000,78078.29000000,77746.77000000,77916.97000000,0.83869000
2026-09-15T02:00:00+00:00,77902.51000000,78018.65000000,77833.43000000,77910.04000000,0.22961000
2026-09-15T03:00:00+00:00,77875.48000000,77875.48000000,77652.82000000,77652.82000000,0.65123000
2026-09-15T04:00:00+00:00,77685.17000000,77750.76000000,77557.04000000,77581.74000000,0.11389000
2026-09-15T05:00:00+00:00,77583.74000000,77645.73000000,77336.60000000,77645.73000000,0.16844000
2026-09-15T06:00:00+00:00,77646.76000000,77728.81000000,77207.43000000,77277.56000000,0.26297000
2026-09-15T07:00:00+00:00,77290.37000000,77309.47000000,76912.42000000,76912.42000000,2.34208000
2026-09-15T08:00:00+00:00,76859.13000000,76997.97000000,76712.26000000,76997.97000000,0.17791000
2026-09-15T09:00:00+00:00,76998.04000000,77059.46000000,76872.92000000,76960.62000000,0.52198000
2026-09-15T10:00:00+00:00,76976.42000000,77167.27000000,76904.56000000,77063.66000000,0.28579000
2026-09-15T11:00:00+00:00,77049.45000000,77179.33000000,76846.35000000,76927.00000000,0.44822000
2026-09-15T12:00:00+00:00,76951.72000000,77132.75000000,76848.54000000,76907.57000000,0.33607000
2026-09-15T13:00:00+00:00,76976.76000000,77120.99000000,76141.89000000,76590.53000000,4.60779000
2026-09-15T14:00:00+00:00,76626.74000000,76687.21000000,75613.73000000,75922.20000000,12.07993000
2026-09-15T15:00:00+00:00,75917.49000000,76600.24000000,75828.42000000,76514.51000000,0.67353000
2026-09-15T16:00:00+00:00,76518.14000000,76576.77000000,76272.60000000,76403.09000000,0.34929000
2026-09-15T17:00:00+00:00,76372.11000000,77322.61000000,76197.06000000,76981.07000000,0.87572000
2026-09-15T18:00:00+00:00,76868.34000000,77174.98000000,74991.85000000,75985.10000000,6.40211000
2026-09-15T19:00:00+00:00,76001.95000000,76282.41000000,75817.57000000,75876.23000000,1.08553000
